# Blender 5.2.2 LTS
# www.blender.org
mtllib taza.mtl
o Cylinder
v -0.000000 0.023675 -0.961183
v 0.000000 2.319269 -1.050507
v 0.187518 0.023675 -0.942714
v 0.204944 2.319269 -1.030321
v 0.367829 0.031778 -0.888017
v 0.402012 2.319269 -0.970542
v 0.534005 0.056088 -0.799194
v 0.583630 2.319269 -0.873464
v 0.679659 0.031778 -0.679659
v 0.742820 2.319269 -0.742820
v 0.799194 0.023675 -0.534005
v 0.873464 2.319269 -0.583630
v 0.888017 0.023675 -0.367829
v 0.970542 2.319269 -0.402012
v 0.942714 0.023675 -0.187517
v 1.030321 2.319269 -0.204944
v 0.961183 0.023675 0.000000
v 1.050507 2.319269 0.000000
v 0.942714 0.023675 0.187518
v 1.030321 2.319269 0.204944
v 0.888017 0.023675 0.367829
v 0.970542 2.319269 0.402012
v 0.799194 0.023675 0.534005
v 0.873464 2.319269 0.583630
v 0.679659 0.023675 0.679659
v 0.742820 2.319269 0.742820
v 0.534005 0.023675 0.799194
v 0.583630 2.319269 0.873464
v 0.367829 0.023675 0.888017
v 0.402012 2.319269 0.970542
v 0.187518 0.023675 0.942714
v 0.204944 2.319269 1.030321
v 0.000000 0.023675 0.961183
v 0.000000 2.319269 1.050507
v -0.187518 0.023675 0.942714
v -0.204944 2.319269 1.030321
v -0.367829 0.023675 0.888017
v -0.402012 2.319269 0.970541
v -0.534005 0.023675 0.799194
v -0.583630 2.319269 0.873464
v -0.679659 0.023675 0.679659
v -0.742820 2.319269 0.742820
v -0.799195 0.023675 0.534005
v -0.873464 2.319269 0.583630
v -0.888017 0.023675 0.367829
v -0.970542 2.319269 0.402012
v -0.942714 0.023675 0.187518
v -1.030321 2.319269 0.204944
v -0.961183 0.023675 0.000000
v -1.050507 2.319269 0.000000
v -0.942714 0.023675 -0.187518
v -1.030321 2.319269 -0.204944
v -0.888017 0.023675 -0.367829
v -0.970542 2.319269 -0.402012
v -0.799194 0.023675 -0.534005
v -0.873464 2.319269 -0.583630
v -0.679659 0.023675 -0.679659
v -0.742820 2.319269 -0.742820
v -0.534005 0.023675 -0.799195
v -0.583630 2.319269 -0.873464
v -0.367829 0.023675 -0.888017
v -0.402012 2.319269 -0.970542
v -0.187518 0.023675 -0.942714
v -0.204944 2.319269 -1.030321
v 0.221238 2.276040 -1.112238
v 0.000000 2.276040 -1.134028
v 0.433974 2.276040 -1.047705
v 0.630032 2.276040 -0.942910
v 0.801879 2.276040 -0.801879
v 0.942910 2.276040 -0.630032
v 1.047705 2.276040 -0.433974
v 1.112238 2.276040 -0.221238
v 1.134028 2.276040 0.000000
v 1.112238 2.276040 0.221238
v 1.047705 2.276040 0.433974
v 0.942910 2.276040 0.630032
v 0.801879 2.276040 0.801879
v 0.630032 2.276040 0.942910
v 0.433974 2.276040 1.047705
v 0.221238 2.276040 1.112238
v -0.000000 2.276040 1.134028
v -0.221238 2.276040 1.112238
v -0.433974 2.276040 1.047705
v -0.630032 2.276040 0.942910
v -0.801879 2.276040 0.801879
v -0.942910 2.276040 0.630032
v -1.047705 2.276040 0.433974
v -1.112238 2.276040 0.221238
v -1.134028 2.276040 -0.000000
v -1.112238 2.276040 -0.221238
v -1.047705 2.276040 -0.433974
v -0.942910 2.276040 -0.630032
v -0.801879 2.276040 -0.801879
v -0.630032 2.276040 -0.942910
v -0.433974 2.276040 -1.047705
v -0.221238 2.276040 -1.112238
v 0.168790 0.332585 -1.001476
v 0.000365 0.429729 -1.025046
v 0.364307 0.332585 -0.937870
v 0.545503 0.332585 -0.837903
v 0.705417 0.332585 -0.705417
v 0.837904 0.332585 -0.545503
v 0.937870 0.332585 -0.364307
v 1.001476 0.332585 -0.168790
v 1.025046 0.429729 -0.000365
v 1.001335 0.332585 0.166134
v 0.936950 0.332585 0.360271
v 0.835763 0.332585 0.541360
v 0.702051 0.332585 0.702051
v 0.541360 0.332585 0.835763
v 0.360271 0.332585 0.936950
v 0.166134 0.332585 1.001335
v -0.000365 0.429729 1.025046
v -0.168790 0.332585 1.001476
v -0.364307 0.332585 0.937870
v -0.545503 0.332585 0.837904
v -0.705417 0.332585 0.705417
v -0.837903 0.332585 0.545503
v -0.937870 0.332585 0.364307
v -1.001476 0.332585 0.168790
v -1.025046 0.429729 0.000365
v -1.001335 0.332585 -0.166134
v -0.936950 0.332585 -0.360271
v -0.835763 0.332585 -0.541360
v -0.702051 0.332585 -0.702051
v -0.541360 0.332585 -0.835763
v -0.360271 0.332585 -0.936950
v -0.166134 0.332585 -1.001335
v 0.007224 0.138297 -0.952382
v -0.190637 0.138297 -0.859566
v -0.385747 0.138297 -0.729142
v -0.568366 0.138297 -0.568366
v -0.729142 0.138297 -0.385747
v -0.859566 0.138297 -0.190637
v -0.952382 0.138297 0.007224
v 0.212380 0.138297 -0.863416
v 0.015847 0.138297 -0.739240
v -0.189398 0.138297 -0.578551
v -0.391497 0.138297 -0.391497
v -0.578551 0.138297 -0.189398
v -0.739240 0.138297 0.015847
v -0.863416 0.138297 0.212380
v 0.407725 0.138297 -0.739620
v 0.219680 0.138297 -0.588463
v 0.012916 0.138297 -0.404413
v -0.199584 0.138297 -0.199584
v -0.404413 0.138297 0.012916
v -0.588463 0.138297 0.219680
v -0.739620 0.138297 0.407725
v 0.585752 0.138297 -0.585752
v 0.413029 0.138297 -0.413029
v 0.213422 0.138297 -0.213422
v 0.000000 0.138297 -0.000000
v -0.213422 0.138297 0.213422
v -0.413029 0.138297 0.413029
v -0.585752 0.138297 0.585752
v 0.739620 0.138297 -0.407725
v 0.588463 0.138297 -0.219680
v 0.404413 0.138297 -0.012916
v 0.199584 0.138297 0.199584
v -0.012916 0.138297 0.404413
v -0.219680 0.138297 0.588463
v -0.407725 0.138297 0.739620
v 0.863416 0.138297 -0.212380
v 0.739240 0.138297 -0.015847
v 0.578551 0.138297 0.189398
v 0.391497 0.138297 0.391497
v 0.189398 0.138297 0.578551
v -0.015847 0.138297 0.739240
v -0.212380 0.138297 0.863416
v 0.952382 0.138297 -0.007224
v 0.859566 0.138297 0.190637
v 0.729142 0.138297 0.385747
v 0.568366 0.138297 0.568366
v 0.385747 0.138297 0.729142
v 0.190637 0.138297 0.859566
v -0.007224 0.138297 0.952382
v -0.000000 0.159761 -1.154909
v -0.000000 0.547354 -1.154909
v -0.000000 0.870355 -1.154909
v -0.000000 1.160943 -1.154909
v -0.000000 1.451532 -1.154909
v -0.000000 1.742120 -1.154909
v 0.000000 2.032943 -1.154909
v 0.225311 2.032943 -1.132717
v 0.225311 1.742120 -1.132717
v 0.225312 1.451532 -1.132717
v 0.225312 1.160944 -1.132717
v 0.225311 0.870355 -1.132717
v 0.225311 0.547354 -1.132717
v 0.225311 0.159761 -1.132717
v 0.442762 2.032878 -1.068922
v 0.442762 1.742120 -1.068922
v 0.441964 1.451532 -1.066996
v 0.441964 1.160944 -1.066996
v 0.441964 0.870355 -1.066996
v 0.442762 0.560319 -1.068922
v 0.442762 0.176550 -1.068922
v 0.641633 2.081375 -0.960271
v 0.641633 1.693689 -0.960271
v 0.641633 1.451532 -0.960271
v 0.641633 1.160944 -0.960271
v 0.641633 0.870355 -0.960271
v 0.641633 0.628198 -0.960271
v 0.641633 0.197765 -0.960271
v 0.818118 2.032878 -0.818118
v 0.818118 1.742120 -0.818118
v 0.816644 1.451532 -0.816644
v 0.816644 1.160944 -0.816644
v 0.816644 0.870355 -0.816644
v 0.818118 0.560319 -0.818118
v 0.818118 0.176550 -0.818118
v 0.960271 2.032943 -0.641633
v 0.960271 1.742120 -0.641633
v 0.960271 1.451532 -0.641633
v 0.960271 1.160944 -0.641633
v 0.960271 0.870355 -0.641633
v 0.960271 0.547354 -0.641633
v 0.960271 0.159761 -0.641633
v 1.066996 2.032943 -0.441964
v 1.066996 1.742120 -0.441964
v 1.066996 1.451532 -0.441964
v 1.066996 1.160944 -0.441964
v 1.066996 0.870355 -0.441964
v 1.066996 0.547354 -0.441964
v 1.066996 0.159761 -0.441964
v 1.132717 2.032943 -0.225311
v 1.132717 1.742120 -0.225312
v 1.132717 1.451532 -0.225312
v 1.132717 1.160944 -0.225312
v 1.132717 0.870355 -0.225312
v 1.132717 0.547354 -0.225312
v 1.132717 0.159761 -0.225311
v 1.154909 2.032943 0.000000
v 1.154909 1.742120 0.000000
v 1.154909 1.451532 0.000000
v 1.154909 1.160944 0.000000
v 1.154909 0.870355 0.000000
v 1.154909 0.547354 0.000000
v 1.154909 0.159761 0.000000
v 1.132717 2.032943 0.225311
v 1.132717 1.742120 0.225312
v 1.132717 1.451532 0.225312
v 1.132717 1.160944 0.225312
v 1.132717 0.870355 0.225312
v 1.132717 0.547354 0.225312
v 1.132717 0.159761 0.225311
v 1.066996 2.032943 0.441964
v 1.066996 1.742120 0.441964
v 1.066996 1.451532 0.441964
v 1.066996 1.160944 0.441964
v 1.066996 0.870355 0.441964
v 1.066996 0.547354 0.441964
v 1.066996 0.159761 0.441964
v 0.960271 2.032943 0.641633
v 0.960271 1.742120 0.641633
v 0.960271 1.451532 0.641633
v 0.960271 1.160944 0.641633
v 0.960271 0.870355 0.641633
v 0.960271 0.547354 0.641633
v 0.960271 0.159761 0.641633
v 0.816644 2.032943 0.816644
v 0.816644 1.742120 0.816644
v 0.816644 1.451532 0.816644
v 0.816644 1.160944 0.816644
v 0.816644 0.870355 0.816644
v 0.816644 0.547354 0.816644
v 0.816644 0.159761 0.816644
v 0.641633 2.032943 0.960271
v 0.641633 1.742120 0.960271
v 0.641633 1.451532 0.960271
v 0.641633 1.160944 0.960271
v 0.641633 0.870355 0.960271
v 0.641633 0.547354 0.960271
v 0.641633 0.159761 0.960271
v 0.441964 2.032943 1.066996
v 0.441964 1.742120 1.066996
v 0.441964 1.451532 1.066996
v 0.441964 1.160944 1.066996
v 0.441964 0.870355 1.066996
v 0.441964 0.547354 1.066996
v 0.441964 0.159761 1.066996
v 0.225311 2.032943 1.132717
v 0.225312 1.742120 1.132717
v 0.225312 1.451532 1.132717
v 0.225312 1.160944 1.132717
v 0.225312 0.870355 1.132717
v 0.225312 0.547354 1.132717
v 0.225311 0.159761 1.132717
v 0.000000 2.032943 1.154909
v 0.000000 1.742120 1.154909
v 0.000000 1.451532 1.154909
v 0.000000 1.160944 1.154909
v 0.000000 0.870355 1.154909
v 0.000000 0.547354 1.154909
v 0.000000 0.159761 1.154909
v -0.225311 2.032943 1.132717
v -0.225312 1.742120 1.132717
v -0.225312 1.451532 1.132717
v -0.225312 1.160944 1.132717
v -0.225312 0.870355 1.132717
v -0.225312 0.547354 1.132717
v -0.225311 0.159761 1.132717
v -0.441964 2.032943 1.066996
v -0.441964 1.742120 1.066996
v -0.441964 1.451532 1.066996
v -0.441964 1.160944 1.066996
v -0.441964 0.870355 1.066996
v -0.441964 0.547354 1.066996
v -0.441964 0.159761 1.066996
v -0.641633 2.032943 0.960271
v -0.641633 1.742120 0.960271
v -0.641633 1.451532 0.960271
v -0.641633 1.160944 0.960271
v -0.641633 0.870355 0.960271
v -0.641633 0.547354 0.960271
v -0.641633 0.159761 0.960271
v -0.816644 2.032943 0.816644
v -0.816644 1.742120 0.816644
v -0.816644 1.451532 0.816644
v -0.816644 1.160944 0.816644
v -0.816644 0.870355 0.816644
v -0.816644 0.547354 0.816644
v -0.816644 0.159761 0.816644
v -0.960271 2.032943 0.641633
v -0.960271 1.742120 0.641633
v -0.960271 1.451532 0.641633
v -0.960271 1.160944 0.641633
v -0.960271 0.870355 0.641633
v -0.960271 0.547354 0.641633
v -0.960271 0.159761 0.641633
v -1.066996 2.032943 0.441964
v -1.066996 1.742120 0.441964
v -1.066996 1.451532 0.441964
v -1.066996 1.160944 0.441964
v -1.066996 0.870355 0.441964
v -1.066996 0.547354 0.441964
v -1.066996 0.159761 0.441964
v -1.132717 2.032943 0.225311
v -1.132717 1.742120 0.225312
v -1.132717 1.451532 0.225312
v -1.132717 1.160944 0.225312
v -1.132717 0.870355 0.225312
v -1.132717 0.547354 0.225312
v -1.132717 0.159761 0.225311
v -1.154909 2.032943 0.000000
v -1.154909 1.742120 0.000000
v -1.154909 1.451532 0.000000
v -1.154909 1.160944 0.000000
v -1.154909 0.870355 0.000000
v -1.154909 0.547354 0.000000
v -1.154909 0.159761 0.000000
v -1.132717 2.032943 -0.225311
v -1.132717 1.742120 -0.225312
v -1.132717 1.451532 -0.225312
v -1.132717 1.160944 -0.225312
v -1.132717 0.870355 -0.225312
v -1.132717 0.547354 -0.225312
v -1.132717 0.159761 -0.225311
v -1.066996 2.032943 -0.441964
v -1.066996 1.742120 -0.441964
v -1.066996 1.451532 -0.441964
v -1.066996 1.160944 -0.441964
v -1.066996 0.870355 -0.441964
v -1.066996 0.547354 -0.441964
v -1.066996 0.159761 -0.441964
v -0.960271 2.032943 -0.641633
v -0.960271 1.742120 -0.641633
v -0.960271 1.451532 -0.641633
v -0.960271 1.160944 -0.641633
v -0.960271 0.870355 -0.641633
v -0.960271 0.547354 -0.641633
v -0.960271 0.159761 -0.641633
v -0.816644 2.032943 -0.816644
v -0.816644 1.742120 -0.816644
v -0.816644 1.451532 -0.816644
v -0.816644 1.160944 -0.816644
v -0.816644 0.870355 -0.816644
v -0.816644 0.547354 -0.816644
v -0.816644 0.159761 -0.816644
v -0.641633 2.032943 -0.960271
v -0.641633 1.742120 -0.960271
v -0.641633 1.451532 -0.960271
v -0.641633 1.160944 -0.960271
v -0.641633 0.870355 -0.960271
v -0.641633 0.547354 -0.960271
v -0.641633 0.159761 -0.960271
v -0.441964 2.032943 -1.066996
v -0.441964 1.742120 -1.066996
v -0.441964 1.451532 -1.066996
v -0.441964 1.160944 -1.066996
v -0.441964 0.870355 -1.066996
v -0.441964 0.547354 -1.066996
v -0.441964 0.159761 -1.066996
v -0.225311 2.032943 -1.132717
v -0.225311 1.742120 -1.132717
v -0.225311 1.451532 -1.132717
v -0.225311 1.160943 -1.132717
v -0.225311 0.870355 -1.132717
v -0.225311 0.547354 -1.132717
v -0.225311 0.159761 -1.132717
v 0.487104 1.984277 -1.069139
v 0.487104 1.790552 -1.069139
v 0.487104 0.525933 -1.069139
v 0.487104 0.316001 -1.069139
v 0.650430 2.032708 -0.973438
v 0.650430 1.742120 -0.973438
v 0.650430 0.579767 -0.973438
v 0.650430 0.278374 -0.973438
v 0.801349 1.984277 -0.859167
v 0.801349 1.790552 -0.859167
v 0.801349 0.525933 -0.859167
v 0.801349 0.316001 -0.859167
v 0.534836 1.981114 -1.142005
v 0.531914 1.788276 -1.137263
v 0.531914 0.533611 -1.137263
v 0.534836 0.340773 -1.142005
v 0.699599 2.029323 -1.047024
v 0.694958 1.740067 -1.040079
v 0.694958 0.581820 -1.040079
v 0.699599 0.292564 -1.047024
v 0.850402 1.981114 -0.931150
v 0.847140 1.788276 -0.926636
v 0.847140 0.533611 -0.926636
v 0.850402 0.340773 -0.931150
v 0.587828 0.549179 -1.225555
v 0.639584 0.587444 -1.305365
v 0.685071 0.647675 -1.372533
v 0.723794 0.726674 -1.427307
v 0.755130 0.821128 -1.469819
v 0.778377 0.927533 -1.500132
v 0.792801 1.042138 -1.518285
v 0.797725 1.160944 -1.524324
v 0.792801 1.279749 -1.518285
v 0.778377 1.394355 -1.500132
v 0.755130 1.500759 -1.469819
v 0.723794 1.595213 -1.427307
v 0.685071 1.674212 -1.372533
v 0.639583 1.734444 -1.305364
v 0.587828 1.772708 -1.225555
v 0.749253 1.725997 -1.121336
v 0.798148 1.691302 -1.194512
v 0.839998 1.636427 -1.257145
v 0.874763 1.564043 -1.309175
v 0.902267 1.476988 -1.350338
v 0.922252 1.378394 -1.380247
v 0.934425 1.271754 -1.398465
v 0.938523 1.160944 -1.404599
v 0.934425 1.050133 -1.398465
v 0.922252 0.943493 -1.380247
v 0.902268 0.844899 -1.350338
v 0.874763 0.757844 -1.309174
v 0.839998 0.685460 -1.257145
v 0.798148 0.630585 -1.194512
v 0.749253 0.595890 -1.121336
v 0.907313 1.772708 -1.012082
v 0.961242 1.734443 -1.090439
v 1.005890 1.674212 -1.158168
v 1.041676 1.595213 -1.214905
v 1.068960 1.500759 -1.260125
v 1.088070 1.394354 -1.293202
v 1.099321 1.279749 -1.313475
v 1.103015 1.160944 -1.320335
v 1.099321 1.042138 -1.313475
v 1.088070 0.927533 -1.293202
v 1.068960 0.821128 -1.260125
v 1.041676 0.726674 -1.214905
v 1.005891 0.647675 -1.158168
v 0.961242 0.587444 -1.090439
v 0.907313 0.549179 -1.012082
v 0.926372 1.959554 -1.038449
v 0.996737 1.907010 -1.139547
v 1.054576 1.825352 -1.225525
v 1.100379 1.719896 -1.296121
v 1.134772 1.595842 -1.351175
v 1.158463 1.458197 -1.390591
v 1.172196 1.311727 -1.414298
v 1.176657 1.160944 -1.422218
v 1.172196 1.010160 -1.414298
v 1.158463 0.863690 -1.390591
v 1.134772 0.726046 -1.351175
v 1.100379 0.601991 -1.296121
v 1.054576 0.496535 -1.225526
v 0.996737 0.414877 -1.139547
v 0.926372 0.362333 -1.038450
v 0.776360 2.006265 -1.161905
v 0.848634 1.950151 -1.270070
v 0.909246 1.863137 -1.360782
v 0.958259 1.751067 -1.434136
v 0.995874 1.619612 -1.490431
v 1.022375 1.474157 -1.530093
v 1.038078 1.319722 -1.553593
v 1.043267 1.160944 -1.561359
v 1.038078 1.002165 -1.553593
v 1.022375 0.847730 -1.530093
v 0.995874 0.702275 -1.490431
v 0.958259 0.570821 -1.434136
v 0.909246 0.458750 -1.360782
v 0.848634 0.371736 -1.270071
v 0.776360 0.315622 -1.161905
v 0.604895 1.959554 -1.253253
v 0.671370 1.907010 -1.356951
v 0.728669 1.825352 -1.443290
v 0.776363 1.719896 -1.512622
v 0.814065 1.595842 -1.565465
v 0.841414 1.458197 -1.602437
v 0.858062 1.311727 -1.624196
v 0.863671 1.160944 -1.631348
v 0.858062 1.010160 -1.624196
v 0.841415 0.863690 -1.602436
v 0.814065 0.726046 -1.565465
v 0.776363 0.601991 -1.512622
v 0.728669 0.496535 -1.443290
v 0.671370 0.414877 -1.356951
v 0.604895 0.362333 -1.253253
v -0.951251 2.132844 -0.394021
v 0.728056 2.132844 0.728056
v -1.009842 2.132844 -0.200870
v 0.856103 2.132844 0.572030
v -1.029626 2.132844 0.000000
v 0.951250 2.132844 0.394021
v -1.009842 2.132844 0.200870
v 1.009842 2.132844 0.200870
v -0.951251 2.132844 0.394021
v 1.029626 2.132844 -0.000000
v -0.856103 2.132844 0.572030
v 1.009842 2.132844 -0.200870
v -0.728056 2.132844 0.728056
v 0.951251 2.132844 -0.394021
v -0.572030 2.132844 0.856103
v 0.856103 2.132844 -0.572030
v -0.394021 2.132844 0.951250
v -0.200870 2.132844 -1.009842
v 0.728056 2.132844 -0.728056
v -0.200870 2.132844 1.009842
v -0.394021 2.132844 -0.951251
v 0.572030 2.132844 -0.856103
v 0.000000 2.132844 1.029626
v -0.572030 2.132844 -0.856103
v 0.394021 2.132844 -0.951250
v 0.200870 2.132844 1.009842
v -0.728056 2.132844 -0.728056
v -0.856103 2.132844 -0.572030
v 0.200870 2.132844 -1.009842
v 0.000000 2.132844 -1.029626
v 0.394021 2.132844 0.951251
v 0.572030 2.132844 0.856103
v -0.856103 1.274414 -0.572030
v -0.000000 1.274414 -1.029626
v 0.572030 1.274414 0.856103
v -0.951250 1.274414 -0.394021
v 0.728056 1.274414 0.728056
v -1.009842 1.274414 -0.200870
v 0.856103 1.274414 0.572030
v -1.029626 1.274414 0.000000
v 0.951250 1.274414 0.394021
v -1.009842 1.274414 0.200870
v 1.009842 1.274414 0.200870
v -0.951251 1.274414 0.394021
v 1.029626 1.274414 0.000000
v -0.856103 1.274414 0.572030
v 1.009842 1.274414 -0.200870
v -0.728056 1.274414 0.728056
v 0.951251 1.274414 -0.394021
v -0.572030 1.274414 0.856103
v 0.856103 1.274414 -0.572030
v -0.394021 1.274414 0.951251
v -0.200870 1.274414 -1.009842
v 0.728056 1.274414 -0.728056
v -0.200870 1.274414 1.009842
v -0.394021 1.274414 -0.951251
v 0.572030 1.274414 -0.856103
v 0.000000 1.274414 1.029626
v -0.572030 1.274414 -0.856103
v 0.394021 1.274414 -0.951250
v 0.200870 1.274414 1.009842
v -0.728056 1.274414 -0.728056
v 0.200870 1.274414 -1.009842
v 0.394021 1.274414 0.951251
v 0.083529 0.018487 -0.848087
v 0.111154 2.276040 -1.128563
v 0.000000 2.172654 -1.152299
v 0.219352 0.058478 -1.102759
v 0.247378 0.019762 -0.815495
v 0.329190 2.276040 -1.085193
v 0.430361 0.072095 -1.038982
v 0.401720 0.036194 -0.751565
v 0.534575 2.276040 -1.000120
v 0.624663 0.116125 -0.934874
v 0.540624 0.036194 -0.658752
v 0.719417 2.276040 -0.876612
v 0.795203 0.072095 -0.795203
v 0.658752 0.019762 -0.540624
v 0.876612 2.276040 -0.719417
v 0.934874 0.058478 -0.624663
v 0.751565 0.018487 -0.401720
v 1.000120 2.276040 -0.534575
v 1.038776 0.058478 -0.430275
v 0.815495 0.018487 -0.247378
v 1.085193 2.276040 -0.329190
v 1.102759 0.058478 -0.219352
v 0.848087 0.018487 -0.083529
v 1.128563 2.276040 -0.111154
v 1.124363 0.058478 0.000000
v 0.848087 0.018487 0.083529
v 1.128563 2.276040 0.111154
v 1.102759 0.058478 0.219352
v 0.815495 0.018487 0.247378
v 1.085193 2.276040 0.329190
v 1.038776 0.058478 0.430275
v 0.751565 0.018487 0.401720
v 1.000120 2.276040 0.534575
v 0.934874 0.058478 0.624663
v 0.658752 0.018487 0.540624
v 0.876612 2.276040 0.719417
v 0.795045 0.058478 0.795045
v 0.540624 0.018487 0.658752
v 0.719417 2.276040 0.876612
v 0.624663 0.058478 0.934874
v 0.401720 0.018487 0.751565
v 0.534575 2.276040 1.000120
v 0.430275 0.058478 1.038776
v 0.247378 0.018487 0.815495
v 0.329190 2.276040 1.085193
v 0.219352 0.058478 1.102759
v 0.083529 0.018487 0.848087
v 0.111154 2.276040 1.128563
v -0.000000 0.058478 1.124363
v -0.083529 0.018487 0.848087
v -0.111154 2.276040 1.128563
v -0.219352 0.058478 1.102759
v -0.247378 0.018487 0.815495
v -0.329190 2.276040 1.085193
v -0.430275 0.058478 1.038776
v -0.401720 0.018487 0.751565
v -0.534575 2.276040 1.000120
v -0.624663 0.058478 0.934874
v -0.540624 0.018487 0.658752
v -0.719417 2.276040 0.876612
v -0.795045 0.058478 0.795045
v -0.658752 0.018487 0.540624
v -0.876612 2.276040 0.719417
v -0.934874 0.058478 0.624663
v -0.751565 0.018487 0.401720
v -1.000120 2.276040 0.534575
v -1.038776 0.058478 0.430275
v -0.815495 0.018487 0.247378
v -1.085193 2.276040 0.329190
v -1.102759 0.058478 0.219352
v -0.848087 0.018487 0.083529
v -1.128563 2.276040 0.111154
v -1.124363 0.058478 0.000000
v -0.848087 0.018487 -0.083529
v -1.128563 2.276040 -0.111154
v -1.102759 0.058478 -0.219352
v -0.815495 0.018487 -0.247378
v -1.085193 2.276040 -0.329190
v -1.038776 0.058478 -0.430275
v -0.751565 0.018487 -0.401720
v -1.000120 2.276040 -0.534575
v -0.934874 0.058478 -0.624663
v -0.658752 0.018487 -0.540624
v -0.876612 2.276040 -0.719417
v -0.795045 0.058478 -0.795045
v -0.540624 0.018487 -0.658752
v -0.719417 2.276040 -0.876612
v -0.624663 0.058478 -0.934874
v -0.401720 0.018487 -0.751565
v -0.534575 2.276040 -1.000120
v -0.430275 0.058478 -1.038776
v -0.247378 0.018487 -0.815495
v -0.329190 2.276040 -1.085193
v -0.219352 0.058478 -1.102759
v -0.083529 0.018487 -0.848087
v -0.111154 2.276040 -1.128563
v 0.102967 2.319269 -1.045444
v 0.304945 2.319269 -1.005268
v 0.495203 2.319269 -0.926460
v 0.666432 2.319269 -0.812049
v 0.812049 2.319269 -0.666432
v 0.926460 2.319269 -0.495203
v 1.005268 2.319269 -0.304945
v 1.045444 2.319269 -0.102967
v 1.045444 2.319269 0.102967
v 1.005268 2.319269 0.304945
v 0.926460 2.319269 0.495203
v 0.812049 2.319269 0.666432
v 0.666432 2.319269 0.812049
v 0.495203 2.319269 0.926460
v 0.304945 2.319269 1.005268
v 0.102967 2.319269 1.045444
v -0.102967 2.319269 1.045444
v -0.304945 2.319269 1.005268
v -0.495203 2.319269 0.926460
v -0.666432 2.319269 0.812049
v -0.812049 2.319269 0.666432
v -0.926460 2.319269 0.495203
v -1.005268 2.319269 0.304945
v -1.045444 2.319269 0.102967
v -1.045444 2.319269 -0.102967
v -1.005268 2.319269 -0.304945
v -0.926460 2.319269 -0.495203
v -0.812049 2.319269 -0.666432
v -0.666432 2.319269 -0.812049
v -0.495203 2.319269 -0.926460
v -0.304945 2.319269 -1.005268
v -0.102967 2.319269 -1.045444
v 0.000000 2.317944 -1.092267
v 0.213091 2.317944 -1.071280
v 0.417993 2.317944 -1.009124
v 0.606831 2.317944 -0.908187
v 0.772350 2.317944 -0.772350
v 0.908187 2.317944 -0.606831
v 1.009124 2.317944 -0.417993
v 1.071280 2.317944 -0.213091
v 1.092267 2.317944 -0.000000
v 1.071280 2.317944 0.213091
v 1.009124 2.317944 0.417993
v 0.908187 2.317944 0.606831
v 0.772350 2.317944 0.772350
v 0.606831 2.317944 0.908187
v 0.417993 2.317944 1.009124
v 0.213091 2.317944 1.071280
v 0.000000 2.317944 1.092267
v -0.213091 2.317944 1.071280
v -0.417993 2.317944 1.009124
v -0.606831 2.317944 0.908187
v -0.772350 2.317944 0.772350
v -0.908187 2.317944 0.606831
v -1.009124 2.317944 0.417993
v -1.071280 2.317944 0.213091
v -1.092267 2.317944 0.000000
v -1.071280 2.317944 -0.213091
v -1.009124 2.317944 -0.417993
v -0.908187 2.317944 -0.606831
v -0.772350 2.317944 -0.772350
v -0.606831 2.317944 -0.908187
v -0.417993 2.317944 -1.009124
v -0.213091 2.317944 -1.071280
v -0.953662 2.287810 -0.395020
v 0.729901 2.287810 0.729901
v -1.012402 2.287810 -0.201379
v 0.858273 2.287810 0.573480
v -1.032236 2.287810 0.000000
v 0.953662 2.287810 0.395020
v -1.012402 2.287810 0.201379
v 1.012402 2.287810 0.201379
v -0.953662 2.287810 0.395020
v 1.032236 2.287810 0.000000
v -0.858273 2.287810 0.573480
v 1.012402 2.287810 -0.201379
v -0.729901 2.287810 0.729901
v 0.953662 2.287810 -0.395020
v -0.573480 2.287810 0.858273
v 0.858273 2.287810 -0.573480
v -0.395020 2.287810 0.953662
v -0.201379 2.287810 -1.012402
v 0.729901 2.287810 -0.729901
v -0.201379 2.287810 1.012402
v -0.395020 2.287810 -0.953662
v 0.573480 2.287810 -0.858273
v 0.000000 2.287810 1.032236
v -0.573480 2.287810 -0.858273
v 0.395020 2.287810 -0.953662
v 0.201379 2.287810 1.012402
v -0.729901 2.287810 -0.729901
v -0.853560 0.741746 -0.568196
v 0.201379 2.287810 -1.012402
v 0.000058 0.754339 -1.028859
v 0.395020 2.287810 0.953662
v 0.568196 0.741746 0.853560
v 0.071528 0.349225 -1.018591
v 0.267877 0.332585 -0.974401
v 0.457144 0.332585 -0.892220
v 0.628525 0.332585 -0.775431
v 0.775431 0.332585 -0.628525
v 0.892220 0.332585 -0.457145
v 0.974401 0.332585 -0.267877
v 1.018591 0.349225 -0.071528
v 1.018573 0.349225 0.070016
v 0.973952 0.332585 0.264351
v 0.890718 0.332585 0.452919
v 0.772650 0.332585 0.624686
v 0.624686 0.332585 0.772650
v 0.452919 0.332585 0.890718
v 0.264351 0.332585 0.973952
v 0.070016 0.349225 1.018574
v -0.071528 0.349225 1.018591
v -0.267877 0.332585 0.974401
v -0.457145 0.332585 0.892220
v -0.628525 0.332585 0.775431
v -0.775431 0.332585 0.628525
v -0.892220 0.332585 0.457144
v -0.974401 0.332585 0.267877
v -1.018591 0.349225 0.071528
v -1.018573 0.349225 -0.070016
v -0.973952 0.332585 -0.264351
v -0.890718 0.332585 -0.452919
v -0.772650 0.332585 -0.624686
v -0.624686 0.332585 -0.772650
v -0.452919 0.332585 -0.890718
v -0.264351 0.332585 -0.973952
v -0.070016 0.349225 -1.018573
v -0.092360 0.162583 -0.982455
v 0.100475 0.162583 -0.982789
v -0.288443 0.162583 -0.905827
v -0.091440 0.138297 -0.911064
v -0.475905 0.162583 -0.791925
v -0.289148 0.138297 -0.798632
v -0.646334 0.162583 -0.646334
v -0.479215 0.138297 -0.652038
v -0.791925 0.162583 -0.475905
v -0.652038 0.138297 -0.479215
v -0.905827 0.162583 -0.288443
v -0.798632 0.138297 -0.289148
v -0.982455 0.162583 -0.092360
v -0.911064 0.138297 -0.091440
v -0.982789 0.162583 0.100475
v 0.110540 0.138297 -0.912496
v 0.300744 0.162583 -0.908493
v -0.087560 0.138297 -0.803525
v 0.115923 0.138297 -0.806460
v -0.288798 0.138297 -0.657173
v -0.086420 0.138297 -0.662856
v -0.482252 0.138297 -0.482252
v -0.291590 0.138297 -0.487631
v -0.657173 0.138297 -0.288798
v -0.487631 0.138297 -0.291590
v -0.803525 0.138297 -0.087560
v -0.662856 0.138297 -0.086420
v -0.912496 0.138297 0.110540
v -0.806460 0.138297 0.115923
v -0.908493 0.162583 0.300744
v 0.311759 0.138297 -0.805601
v 0.488492 0.162583 -0.798319
v 0.118590 0.138297 -0.667318
v 0.316815 0.138297 -0.668847
v -0.088503 0.138297 -0.494023
v 0.117843 0.138297 -0.499821
v -0.296969 0.138297 -0.296969
v -0.093453 0.138297 -0.303790
v -0.494023 0.138297 -0.088503
v -0.303790 0.138297 -0.093453
v -0.667318 0.138297 0.118590
v -0.499820 0.138297 0.117843
v -0.805601 0.138297 0.311759
v -0.668847 0.138297 0.316815
v -0.798319 0.162583 0.488492
v 0.499348 0.138297 -0.666098
v 0.656502 0.162583 -0.656502
v 0.318141 0.138297 -0.503424
v 0.503514 0.138297 -0.503514
v 0.113881 0.138297 -0.310576
v 0.315792 0.138297 -0.315792
v -0.100274 0.138297 -0.100274
v 0.107582 0.138297 -0.107582
v -0.310576 0.138297 0.113881
v -0.107582 0.138297 0.107582
v -0.503424 0.138297 0.318141
v -0.315792 0.138297 0.315792
v -0.666097 0.138297 0.499348
v -0.503514 0.138297 0.503514
v -0.656502 0.162583 0.656502
v 0.666098 0.138297 -0.499348
v 0.798319 0.162583 -0.488492
v 0.503424 0.138297 -0.318141
v 0.668847 0.138297 -0.316815
v 0.310576 0.138297 -0.113881
v 0.499821 0.138297 -0.117843
v 0.100274 0.138297 0.100274
v 0.303790 0.138297 0.093453
v -0.113881 0.138297 0.310576
v 0.093453 0.138297 0.303790
v -0.318141 0.138297 0.503424
v -0.117843 0.138297 0.499820
v -0.499348 0.138297 0.666098
v -0.316815 0.138297 0.668847
v -0.488492 0.162583 0.798319
v 0.805601 0.138297 -0.311759
v 0.908493 0.162583 -0.300744
v 0.667318 0.138297 -0.118590
v 0.806460 0.138297 -0.115923
v 0.494023 0.138297 0.088503
v 0.662856 0.138297 0.086420
v 0.296969 0.138297 0.296969
v 0.487631 0.138297 0.291590
v 0.088503 0.138297 0.494023
v 0.291590 0.138297 0.487631
v -0.118590 0.138297 0.667318
v 0.086420 0.138297 0.662856
v -0.311759 0.138297 0.805601
v -0.115923 0.138297 0.806460
v -0.300744 0.162583 0.908493
v 0.912496 0.138297 -0.110540
v 0.982789 0.162583 -0.100475
v 0.803525 0.138297 0.087560
v 0.911064 0.138297 0.091440
v 0.657173 0.138297 0.288798
v 0.798632 0.138297 0.289148
v 0.482252 0.138297 0.482252
v 0.652038 0.138297 0.479215
v 0.288798 0.138297 0.657173
v 0.479215 0.138297 0.652038
v 0.087560 0.138297 0.803525
v 0.289148 0.138297 0.798632
v -0.110540 0.138297 0.912496
v 0.091440 0.138297 0.911064
v -0.100475 0.162583 0.982789
v 0.982455 0.162583 0.092360
v 0.905827 0.162583 0.288443
v 0.791925 0.162583 0.475905
v 0.646334 0.162583 0.646334
v 0.475905 0.162583 0.791925
v 0.288443 0.162583 0.905827
v 0.092360 0.162583 0.982455
v -0.000000 0.058478 -1.124363
v 0.000000 0.341314 -1.154909
v 0.000000 0.721009 -1.154909
v 0.000000 1.015649 -1.154909
v 0.000000 1.306238 -1.154909
v 0.000000 1.596826 -1.154909
v 0.000000 1.887444 -1.154909
v 0.224802 2.172654 -1.130157
v 0.225312 1.887444 -1.132717
v 0.225312 1.596826 -1.132717
v 0.225312 1.306238 -1.132717
v 0.225312 1.015649 -1.132717
v 0.225312 0.721009 -1.132717
v 0.225312 0.341314 -1.132717
v 0.441051 2.173656 -1.064791
v 0.415620 1.887432 -1.081582
v 0.442050 1.595817 -1.067203
v 0.441964 1.306238 -1.066996
v 0.441964 1.015649 -1.066996
v 0.442050 0.723882 -1.067203
v 0.415620 0.356523 -1.081582
v 0.640183 2.178708 -0.958101
v 0.642733 0.252091 -0.961917
v 0.641633 1.590772 -0.960271
v 0.641633 1.306238 -0.960271
v 0.641633 1.015649 -0.960271
v 0.641633 0.731115 -0.960271
v 0.475706 0.266932 -1.058973
v 0.814956 2.173656 -0.814956
v 0.840200 1.887432 -0.797887
v 0.816802 1.595817 -0.816802
v 0.816644 1.306238 -0.816644
v 0.816644 1.015649 -0.816644
v 0.816802 0.723882 -0.816802
v 0.840200 0.356523 -0.797887
v 0.958101 2.172654 -0.640183
v 0.960271 1.887444 -0.641633
v 0.960271 1.596826 -0.641633
v 0.960271 1.306238 -0.641633
v 0.960271 1.015649 -0.641633
v 0.960271 0.721009 -0.641633
v 0.960271 0.341314 -0.641633
v 1.064585 2.172654 -0.440966
v 1.066996 1.887444 -0.441964
v 1.066996 1.596826 -0.441964
v 1.066996 1.306238 -0.441964
v 1.066996 1.015649 -0.441964
v 1.066996 0.721009 -0.441964
v 1.066996 0.341314 -0.441964
v 1.130157 2.172654 -0.224802
v 1.132717 1.887444 -0.225312
v 1.132717 1.596826 -0.225312
v 1.132717 1.306238 -0.225312
v 1.132717 1.015649 -0.225312
v 1.132717 0.721009 -0.225312
v 1.132717 0.341314 -0.225312
v 1.152299 2.172654 -0.000000
v 1.154909 1.887444 0.000000
v 1.154909 1.596826 0.000000
v 1.154909 1.306238 0.000000
v 1.154909 1.015649 0.000000
v 1.154909 0.721009 0.000000
v 1.154909 0.341314 0.000000
v 1.130157 2.172654 0.224802
v 1.132717 1.887444 0.225312
v 1.132717 1.596826 0.225312
v 1.132717 1.306238 0.225312
v 1.132717 1.015649 0.225312
v 1.132717 0.721009 0.225312
v 1.132717 0.341314 0.225312
v 1.064585 2.172654 0.440966
v 1.066996 1.887444 0.441964
v 1.066996 1.596826 0.441964
v 1.066996 1.306238 0.441964
v 1.066996 1.015649 0.441964
v 1.066996 0.721009 0.441964
v 1.066996 0.341314 0.441964
v 0.958101 2.172654 0.640183
v 0.960271 1.887444 0.641633
v 0.960271 1.596826 0.641633
v 0.960271 1.306238 0.641633
v 0.960271 1.015649 0.641633
v 0.960271 0.721009 0.641633
v 0.960271 0.341314 0.641633
v 0.814798 2.172654 0.814798
v 0.816644 1.887444 0.816644
v 0.816644 1.596826 0.816644
v 0.816644 1.306238 0.816644
v 0.816644 1.015649 0.816644
v 0.816644 0.721009 0.816644
v 0.816644 0.341314 0.816644
v 0.640183 2.172654 0.958101
v 0.641633 1.887444 0.960271
v 0.641633 1.596826 0.960271
v 0.641633 1.306238 0.960271
v 0.641633 1.015649 0.960271
v 0.641633 0.721009 0.960271
v 0.641633 0.341314 0.960271
v 0.440966 2.172654 1.064585
v 0.441964 1.887444 1.066996
v 0.441964 1.596826 1.066996
v 0.441964 1.306238 1.066996
v 0.441964 1.015649 1.066996
v 0.441964 0.721009 1.066996
v 0.441964 0.341314 1.066996
v 0.224802 2.172654 1.130157
v 0.225312 1.887444 1.132717
v 0.225312 1.596826 1.132717
v 0.225312 1.306238 1.132717
v 0.225312 1.015649 1.132717
v 0.225312 0.721009 1.132717
v 0.225312 0.341314 1.132717
v 0.000000 2.172654 1.152299
v -0.000000 1.887444 1.154909
v -0.000000 1.596826 1.154909
v -0.000000 1.306238 1.154909
v -0.000000 1.015649 1.154909
v -0.000000 0.721009 1.154909
v -0.000000 0.341314 1.154909
v -0.224802 2.172654 1.130157
v -0.225312 1.887444 1.132717
v -0.225312 1.596826 1.132717
v -0.225312 1.306238 1.132717
v -0.225312 1.015649 1.132717
v -0.225312 0.721009 1.132717
v -0.225312 0.341314 1.132717
v -0.440966 2.172654 1.064585
v -0.441964 1.887444 1.066996
v -0.441964 1.596826 1.066996
v -0.441964 1.306238 1.066996
v -0.441964 1.015649 1.066996
v -0.441964 0.721009 1.066996
v -0.441964 0.341314 1.066996
v -0.640183 2.172654 0.958101
v -0.641633 1.887444 0.960271
v -0.641633 1.596826 0.960271
v -0.641633 1.306238 0.960271
v -0.641633 1.015649 0.960271
v -0.641633 0.721009 0.960271
v -0.641633 0.341314 0.960271
v -0.814798 2.172654 0.814798
v -0.816644 1.887444 0.816644
v -0.816644 1.596826 0.816644
v -0.816644 1.306238 0.816644
v -0.816644 1.015649 0.816644
v -0.816644 0.721009 0.816644
v -0.816644 0.341314 0.816644
v -0.958101 2.172654 0.640183
v -0.960271 1.887444 0.641633
v -0.960271 1.596826 0.641633
v -0.960271 1.306238 0.641633
v -0.960271 1.015649 0.641633
v -0.960271 0.721009 0.641633
v -0.960271 0.341314 0.641633
v -1.064585 2.172654 0.440966
v -1.066996 1.887444 0.441964
v -1.066996 1.596826 0.441964
v -1.066996 1.306238 0.441964
v -1.066996 1.015649 0.441964
v -1.066996 0.721009 0.441964
v -1.066996 0.341314 0.441964
v -1.130157 2.172654 0.224802
v -1.132717 1.887444 0.225312
v -1.132717 1.596826 0.225312
v -1.132717 1.306238 0.225312
v -1.132717 1.015649 0.225312
v -1.132717 0.721009 0.225312
v -1.132717 0.341314 0.225312
v -1.152299 2.172654 0.000000
v -1.154909 1.887444 -0.000000
v -1.154909 1.596826 -0.000000
v -1.154909 1.306238 -0.000000
v -1.154909 1.015649 -0.000000
v -1.154909 0.721009 -0.000000
v -1.154909 0.341314 -0.000000
v -1.130157 2.172654 -0.224802
v -1.132717 1.887444 -0.225312
v -1.132717 1.596826 -0.225312
v -1.132717 1.306238 -0.225312
v -1.132717 1.015649 -0.225312
v -1.132717 0.721009 -0.225312
v -1.132717 0.341314 -0.225312
v -1.064585 2.172654 -0.440966
v -1.066996 1.887444 -0.441964
v -1.066996 1.596826 -0.441964
v -1.066996 1.306238 -0.441964
v -1.066996 1.015649 -0.441964
v -1.066996 0.721009 -0.441964
v -1.066996 0.341314 -0.441964
v -0.958101 2.172654 -0.640183
v -0.960271 1.887444 -0.641633
v -0.960271 1.596826 -0.641633
v -0.960271 1.306238 -0.641633
v -0.960271 1.015649 -0.641633
v -0.960271 0.721009 -0.641633
v -0.960271 0.341314 -0.641633
v -0.814798 2.172654 -0.814798
v -0.816644 1.887444 -0.816644
v -0.816644 1.596826 -0.816644
v -0.816644 1.306238 -0.816644
v -0.816644 1.015649 -0.816644
v -0.816644 0.721009 -0.816644
v -0.816644 0.341314 -0.816644
v -0.640183 2.172654 -0.958101
v -0.641633 1.887444 -0.960271
v -0.641633 1.596826 -0.960271
v -0.641633 1.306238 -0.960271
v -0.641633 1.015649 -0.960271
v -0.641633 0.721009 -0.960271
v -0.641633 0.341314 -0.960271
v -0.440966 2.172654 -1.064585
v -0.441964 1.887444 -1.066996
v -0.441964 1.596826 -1.066996
v -0.441964 1.306238 -1.066996
v -0.441964 1.015649 -1.066996
v -0.441964 0.721009 -1.066996
v -0.441964 0.341314 -1.066996
v -0.224802 2.172654 -1.130157
v -0.225312 1.887444 -1.132717
v -0.225312 1.596826 -1.132717
v -0.225312 1.306238 -1.132717
v -0.225312 1.015649 -1.132717
v -0.225312 0.721009 -1.132717
v -0.225312 0.341314 -1.132717
v -0.113200 0.159761 -1.149343
v -0.113200 0.547354 -1.149343
v -0.113200 0.870355 -1.149343
v -0.113200 1.160944 -1.149343
v -0.113200 1.451532 -1.149343
v -0.113200 1.742120 -1.149343
v -0.113200 2.032944 -1.149343
v -0.335251 0.159761 -1.105174
v -0.335251 0.547354 -1.105174
v -0.335251 0.870355 -1.105174
v -0.335251 1.160944 -1.105174
v -0.335251 1.451532 -1.105174
v -0.335251 1.742120 -1.105174
v -0.335251 2.032943 -1.105174
v -0.544418 0.159761 -1.018534
v -0.544418 0.547354 -1.018534
v -0.544418 0.870355 -1.018534
v -0.544418 1.160944 -1.018534
v -0.544418 1.451532 -1.018534
v -0.544418 1.742120 -1.018534
v -0.544418 2.032943 -1.018534
v -0.732663 0.159761 -0.892753
v -0.732663 0.547354 -0.892753
v -0.732663 0.870355 -0.892753
v -0.732663 1.160944 -0.892753
v -0.732663 1.451532 -0.892753
v -0.732663 1.742120 -0.892753
v -0.732663 2.032943 -0.892753
v -0.892753 0.159761 -0.732663
v -0.892753 0.547354 -0.732663
v -0.892753 0.870355 -0.732663
v -0.892753 1.160944 -0.732663
v -0.892753 1.451532 -0.732663
v -0.892753 1.742120 -0.732663
v -0.892753 2.032943 -0.732663
v -1.018535 0.159761 -0.544418
v -1.018534 0.547354 -0.544418
v -1.018534 0.870355 -0.544418
v -1.018534 1.160944 -0.544418
v -1.018534 1.451532 -0.544418
v -1.018534 1.742120 -0.544418
v -1.018535 2.032943 -0.544418
v -1.105174 0.159761 -0.335251
v -1.105174 0.547354 -0.335251
v -1.105174 0.870355 -0.335251
v -1.105174 1.160944 -0.335251
v -1.105174 1.451532 -0.335251
v -1.105174 1.742120 -0.335251
v -1.105174 2.032943 -0.335251
v -1.149343 0.159761 -0.113200
v -1.149343 0.547354 -0.113200
v -1.149343 0.870355 -0.113200
v -1.149343 1.160944 -0.113200
v -1.149343 1.451532 -0.113200
v -1.149343 1.742120 -0.113200
v -1.149343 2.032943 -0.113200
v -1.149343 0.159761 0.113200
v -1.149343 0.547354 0.113200
v -1.149343 0.870355 0.113200
v -1.149343 1.160944 0.113200
v -1.149343 1.451532 0.113200
v -1.149343 1.742120 0.113200
v -1.149343 2.032943 0.113200
v -1.105174 0.159761 0.335251
v -1.105174 0.547354 0.335251
v -1.105174 0.870355 0.335251
v -1.105174 1.160944 0.335251
v -1.105174 1.451532 0.335251
v -1.105174 1.742120 0.335251
v -1.105174 2.032943 0.335251
v -1.018534 0.159761 0.544418
v -1.018534 0.547354 0.544418
v -1.018534 0.870355 0.544418
v -1.018534 1.160944 0.544418
v -1.018534 1.451532 0.544418
v -1.018534 1.742120 0.544418
v -1.018534 2.032943 0.544418
v -0.892753 0.159761 0.732663
v -0.892753 0.547354 0.732663
v -0.892753 0.870355 0.732663
v -0.892753 1.160944 0.732663
v -0.892753 1.451532 0.732663
v -0.892753 1.742120 0.732663
v -0.892753 2.032943 0.732663
v -0.732663 0.159761 0.892753
v -0.732663 0.547354 0.892753
v -0.732663 0.870355 0.892753
v -0.732663 1.160944 0.892753
v -0.732663 1.451532 0.892753
v -0.732663 1.742120 0.892753
v -0.732663 2.032943 0.892753
v -0.544418 0.159761 1.018535
v -0.544418 0.547354 1.018534
v -0.544418 0.870355 1.018534
v -0.544418 1.160944 1.018534
v -0.544418 1.451532 1.018534
v -0.544418 1.742120 1.018534
v -0.544418 2.032943 1.018535
v -0.335251 0.159761 1.105174
v -0.335251 0.547354 1.105174
v -0.335251 0.870355 1.105174
v -0.335251 1.160944 1.105174
v -0.335251 1.451532 1.105174
v -0.335251 1.742120 1.105174
v -0.335251 2.032943 1.105174
v -0.113200 0.159761 1.149343
v -0.113200 0.547354 1.149343
v -0.113200 0.870355 1.149343
v -0.113200 1.160944 1.149343
v -0.113200 1.451532 1.149343
v -0.113200 1.742120 1.149343
v -0.113200 2.032943 1.149343
v 0.113200 0.159761 1.149343
v 0.113200 0.547354 1.149343
v 0.113200 0.870355 1.149343
v 0.113200 1.160944 1.149343
v 0.113200 1.451532 1.149343
v 0.113200 1.742120 1.149343
v 0.113200 2.032943 1.149343
v 0.335251 0.159761 1.105174
v 0.335251 0.547354 1.105174
v 0.335251 0.870355 1.105174
v 0.335251 1.160944 1.105174
v 0.335251 1.451532 1.105174
v 0.335251 1.742120 1.105174
v 0.335251 2.032943 1.105174
v 0.544418 0.159761 1.018534
v 0.544418 0.547354 1.018534
v 0.544418 0.870355 1.018534
v 0.544418 1.160944 1.018534
v 0.544418 1.451532 1.018534
v 0.544418 1.742120 1.018534
v 0.544418 2.032943 1.018534
v 0.732663 0.159761 0.892753
v 0.732663 0.547354 0.892753
v 0.732663 0.870355 0.892753
v 0.732663 1.160944 0.892753
v 0.732663 1.451532 0.892753
v 0.732663 1.742120 0.892753
v 0.732663 2.032943 0.892753
v 0.892753 0.159761 0.732663
v 0.892753 0.547354 0.732663
v 0.892753 0.870355 0.732663
v 0.892753 1.160944 0.732663
v 0.892753 1.451532 0.732663
v 0.892753 1.742120 0.732663
v 0.892753 2.032943 0.732663
v 1.018535 0.159761 0.544418
v 1.018534 0.547354 0.544418
v 1.018534 0.870355 0.544418
v 1.018534 1.160944 0.544418
v 1.018534 1.451532 0.544418
v 1.018534 1.742120 0.544418
v 1.018535 2.032943 0.544418
v 1.105174 0.159761 0.335251
v 1.105174 0.547354 0.335251
v 1.105174 0.870355 0.335251
v 1.105174 1.160944 0.335251
v 1.105174 1.451532 0.335251
v 1.105174 1.742120 0.335251
v 1.105174 2.032943 0.335251
v 1.149343 0.159761 0.113200
v 1.149343 0.547354 0.113200
v 1.149343 0.870355 0.113200
v 1.149343 1.160944 0.113200
v 1.149343 1.451532 0.113200
v 1.149343 1.742120 0.113200
v 1.149343 2.032943 0.113200
v 1.149343 0.159761 -0.113200
v 1.149343 0.547354 -0.113200
v 1.149343 0.870355 -0.113200
v 1.149343 1.160944 -0.113200
v 1.149343 1.451532 -0.113200
v 1.149343 1.742120 -0.113200
v 1.149343 2.032943 -0.113200
v 1.105174 0.159761 -0.335251
v 1.105174 0.547354 -0.335251
v 1.105174 0.870355 -0.335251
v 1.105174 1.160944 -0.335251
v 1.105174 1.451532 -0.335251
v 1.105174 1.742120 -0.335251
v 1.105174 2.032943 -0.335251
v 1.018534 0.159761 -0.544418
v 1.018534 0.547354 -0.544418
v 1.018534 0.870355 -0.544418
v 1.018534 1.160944 -0.544418
v 1.018534 1.451532 -0.544418
v 1.018534 1.742120 -0.544418
v 1.018534 2.032943 -0.544418
v 0.893522 0.161294 -0.732319
v 0.893523 0.548880 -0.732319
v 0.892753 0.870355 -0.732663
v 0.892753 1.160944 -0.732663
v 0.892753 1.451532 -0.732663
v 0.893522 1.742120 -0.732319
v 0.893523 2.032936 -0.732319
v 0.732319 0.177669 -0.893523
v 0.732319 0.621303 -0.893523
v 0.732663 0.870355 -0.892753
v 0.732663 1.160944 -0.892753
v 0.732663 1.451532 -0.892753
v 0.732319 1.698734 -0.893523
v 0.732319 2.076323 -0.893523
v 0.545261 0.177669 -1.018511
v 0.545261 0.621303 -1.018511
v 0.544418 0.870355 -1.018535
v 0.544418 1.160944 -1.018534
v 0.544418 1.451532 -1.018534
v 0.545261 1.698734 -1.018511
v 0.545261 2.076323 -1.018511
v 0.334639 0.161294 -1.105754
v 0.334639 0.548880 -1.105754
v 0.335251 0.870355 -1.105174
v 0.335251 1.160944 -1.105174
v 0.335251 1.451532 -1.105174
v 0.334639 1.742120 -1.105754
v 0.334639 2.032937 -1.105754
v 0.113200 0.159761 -1.149343
v 0.113200 0.547354 -1.149343
v 0.113200 0.870355 -1.149343
v 0.113200 1.160943 -1.149343
v 0.113200 1.451532 -1.149343
v 0.113200 1.742120 -1.149343
v 0.113200 2.032943 -1.149343
v 0.461984 1.887414 -1.082565
v 0.461984 0.418941 -1.082565
v 0.506266 1.983882 -1.097997
v 0.669773 2.032285 -1.002386
v 0.823366 1.887414 -0.841097
v 0.823366 0.418941 -0.841097
v 0.738449 0.279026 -0.909589
v 0.738449 0.573038 -0.909589
v 0.738449 1.748174 -0.909589
v 0.738449 2.026655 -0.909589
v 0.557758 0.279026 -1.030323
v 0.557758 0.573038 -1.030323
v 0.557758 1.748174 -1.030323
v 0.557758 2.026654 -1.030323
v 0.796319 0.521025 -0.844746
v 0.642733 0.585821 -0.961917
v 0.475706 0.521025 -1.058973
v 0.796319 0.266932 -0.844746
v 0.642733 1.736066 -0.961917
v 0.796319 1.785507 -0.844746
v 0.475706 1.785507 -1.058973
v 0.796319 1.989339 -0.844746
v 0.642733 2.038792 -0.961917
v 0.475706 1.989340 -1.058973
v 0.508169 1.884695 -1.153118
v 0.508169 0.437192 -1.153118
v 0.722350 0.586659 -1.081073
v 0.559932 1.782917 -1.181363
v 0.870874 1.884695 -0.910766
v 0.870874 0.437192 -0.910766
v 0.787926 0.298590 -0.982758
v 0.783330 0.575794 -0.976203
v 0.783330 1.746093 -0.976203
v 0.787926 2.023297 -0.982758
v 0.606424 0.298590 -1.104034
v 0.602127 0.575794 -1.097279
v 0.602127 1.746093 -1.097279
v 0.606424 2.023297 -1.104034
v 0.506266 0.335304 -1.097997
v 0.669773 0.288251 -1.002386
v 0.505901 1.790267 -1.097404
v 0.820269 0.530945 -0.887350
v 0.669193 0.580024 -1.001518
v 0.820269 1.790267 -0.887350
v 0.820677 1.983882 -0.887914
v 0.505901 0.530945 -1.097404
v 0.669193 1.741863 -1.001518
v 0.820677 0.335304 -0.887914
v 0.877160 0.538970 -0.969398
v 0.887292 0.348214 -0.983415
v 0.736760 0.300524 -1.102640
v 0.569005 0.348214 -1.196087
v 0.559932 0.538970 -1.181363
v 0.614465 0.565367 -1.267061
v 0.663138 0.615012 -1.340511
v 0.705315 0.685032 -1.401459
v 0.740429 0.772184 -1.450091
v 0.767811 0.873066 -1.486498
v 0.786738 0.984055 -1.510726
v 0.796485 1.101276 -1.522815
v 0.796484 1.220611 -1.522815
v 0.786737 1.337832 -1.510726
v 0.767810 1.448822 -1.486498
v 0.740428 1.549703 -1.450091
v 0.705315 1.636855 -1.401459
v 0.663138 1.706875 -1.340511
v 0.614465 1.756520 -1.267061
v 0.722350 1.735227 -1.081073
v 0.774586 1.711336 -1.159249
v 0.819952 1.666222 -1.227145
v 0.858274 1.602251 -1.284498
v 0.889438 1.522160 -1.331137
v 0.913218 1.428923 -1.366727
v 0.929333 1.325845 -1.390844
v 0.937495 1.216613 -1.403061
v 0.937495 1.105274 -1.403061
v 0.929333 0.996041 -1.390844
v 0.913218 0.892964 -1.366727
v 0.889438 0.799727 -1.331137
v 0.858274 0.719636 -1.284498
v 0.819952 0.655665 -1.227145
v 0.774586 0.610551 -1.159249
v 0.877160 1.782917 -0.969398
v 0.935466 1.756520 -1.052575
v 0.984699 1.706875 -1.125651
v 1.024868 1.636855 -1.187941
v 1.056360 1.549703 -1.238992
v 1.079517 1.448821 -1.278222
v 1.094658 1.337832 -1.304980
v 1.102097 1.220611 -1.318612
v 1.102097 1.101276 -1.318612
v 1.094658 0.984055 -1.304980
v 1.079517 0.873066 -1.278223
v 1.056360 0.772184 -1.238992
v 1.024868 0.685032 -1.187941
v 0.984699 0.615012 -1.125651
v 0.935466 0.565367 -1.052575
v 0.887291 1.973673 -0.983414
v 0.963143 1.937255 -1.090866
v 1.027195 1.869487 -1.184445
v 1.078946 1.775270 -1.262758
v 1.118959 1.659876 -1.325598
v 1.147909 1.528415 -1.372843
v 1.166528 1.385778 -1.404413
v 1.175551 1.236603 -1.420236
v 1.175551 1.085285 -1.420237
v 1.166528 0.936109 -1.404413
v 1.147909 0.793472 -1.372843
v 1.118959 0.662011 -1.325598
v 1.078946 0.546617 -1.262758
v 1.027195 0.452400 -1.184445
v 0.963143 0.384632 -1.090866
v 0.736760 2.021363 -1.102640
v 0.813951 1.982438 -1.218165
v 0.880397 1.910140 -1.317607
v 0.935192 1.809874 -1.399613
v 0.978475 1.687419 -1.464391
v 1.010494 1.548313 -1.512312
v 1.031557 1.397764 -1.543834
v 1.041973 1.240600 -1.559423
v 1.041973 1.081287 -1.559423
v 1.031557 0.924123 -1.543834
v 1.010494 0.773574 -1.512312
v 0.978475 0.634468 -1.464391
v 0.935192 0.512013 -1.399614
v 0.880397 0.411747 -1.317607
v 0.813951 0.339449 -1.218165
v 0.569005 1.973673 -1.196087
v 0.639250 1.937255 -1.307285
v 0.701194 1.869487 -1.402272
v 0.753742 1.775270 -1.480052
v 0.796486 1.659876 -1.541067
v 0.829056 1.528415 -1.585894
v 0.851098 1.385778 -1.615177
v 0.862264 1.236603 -1.629569
v 0.862264 1.085285 -1.629569
v 0.851098 0.936109 -1.615177
v 0.829056 0.793472 -1.585894
v 0.796486 0.662011 -1.541067
v 0.753742 0.546617 -1.480053
v 0.701194 0.452400 -1.402272
v 0.639250 0.384632 -1.307285
v 0.655791 0.590051 -1.179976
v 0.704697 0.625192 -1.254243
v 0.747316 0.680736 -1.317282
v 0.783345 0.753948 -1.369205
v 0.812327 0.841928 -1.409936
v 0.833713 0.941498 -1.439290
v 0.846920 1.049133 -1.457038
v 0.851411 1.160943 -1.462983
v 0.846920 1.272754 -1.457038
v 0.833713 1.380389 -1.439290
v 0.812327 1.479959 -1.409936
v 0.783345 1.567939 -1.369205
v 0.747316 1.641150 -1.317282
v 0.704697 1.696694 -1.254243
v 0.655791 1.731836 -1.179976
v 0.839196 0.590051 -1.057429
v 0.889094 0.625192 -1.131033
v 0.931025 0.680737 -1.194532
v 0.965207 0.753948 -1.247688
v 0.991747 0.841928 -1.290051
v 1.010683 0.941498 -1.321042
v 1.022026 1.049134 -1.340036
v 1.025799 1.160944 -1.346460
v 1.022026 1.272753 -1.340036
v 1.010683 1.380389 -1.321042
v 0.991747 1.479959 -1.290051
v 0.965207 1.567939 -1.247688
v 0.931025 1.641150 -1.194532
v 0.889094 1.696694 -1.131033
v 0.839196 1.731836 -1.057429
v 0.939328 0.455756 -1.006884
v 1.001713 0.501160 -1.096477
v 1.052968 0.572105 -1.173371
v 1.093610 0.664333 -1.237200
v 1.124201 0.773587 -1.287566
v 1.145336 0.895611 -1.324048
v 1.157619 1.026149 -1.346219
v 1.161615 1.160944 -1.353679
v 1.157619 1.295738 -1.346219
v 1.145336 1.426276 -1.324048
v 1.124201 1.548300 -1.287566
v 1.093610 1.657554 -1.237200
v 1.052968 1.749782 -1.173371
v 1.001713 1.820727 -1.096477
v 0.939328 1.866131 -1.006884
v 0.866040 0.321461 -1.095718
v 0.939089 0.377128 -1.202344
v 0.999600 0.463473 -1.292344
v 1.047892 0.574717 -1.365626
v 1.084444 0.705246 -1.422269
v 1.109833 0.849725 -1.462465
v 1.124672 1.003165 -1.486445
v 1.129525 1.160944 -1.494409
v 1.124672 1.318722 -1.486445
v 1.109833 1.472162 -1.462465
v 1.084444 1.616641 -1.422269
v 1.047892 1.747170 -1.365625
v 0.999600 1.858414 -1.292344
v 0.939089 1.944759 -1.202344
v 0.866040 2.000426 -1.095718
v 0.680892 0.321461 -1.219430
v 0.751447 0.377128 -1.327723
v 0.811440 0.463473 -1.418069
v 0.860663 0.574717 -1.490728
v 0.899006 0.705246 -1.546175
v 0.926427 0.849725 -1.585013
v 0.942903 1.003165 -1.607900
v 0.948404 1.160944 -1.615430
v 0.942903 1.318722 -1.607899
v 0.926427 1.472162 -1.585013
v 0.899006 1.616641 -1.546175
v 0.860663 1.747170 -1.490728
v 0.811440 1.858414 -1.418069
v 0.751447 1.944759 -1.327722
v 0.680892 2.000426 -1.219430
v 0.570775 0.455756 -1.253143
v 0.629674 0.501160 -1.345066
v 0.681100 0.572105 -1.421846
v 0.724518 0.664333 -1.483820
v 0.759343 0.773587 -1.531356
v 0.784960 0.895611 -1.564844
v 0.800743 1.026149 -1.584676
v 0.806106 1.160944 -1.591222
v 0.800743 1.295738 -1.584676
v 0.784960 1.426276 -1.564844
v 0.759343 1.548300 -1.531356
v 0.724518 1.657554 -1.483819
v 0.681100 1.749782 -1.421845
v 0.629674 1.820726 -1.345066
v 0.570775 1.866131 -1.253143
v -0.951251 1.774448 -0.394021
v 0.728056 1.774448 0.728056
v -1.009842 1.774448 -0.200870
v 0.856103 1.774448 0.572030
v -1.029626 1.774448 0.000000
v 0.951251 1.774448 0.394021
v -1.009842 1.774448 0.200870
v 1.009842 1.774448 0.200870
v -0.951250 1.774448 0.394021
v 1.029626 1.774448 0.000000
v -0.856103 1.774448 0.572030
v 1.009842 1.774448 -0.200870
v -0.728056 1.774448 0.728056
v 0.951250 1.774448 -0.394021
v -0.572030 1.774448 0.856103
v 0.856103 1.774448 -0.572030
v -0.394021 1.774448 0.951251
v -0.200870 1.774448 -1.009842
v 0.728056 1.774448 -0.728056
v -0.200870 1.774448 1.009842
v -0.394021 1.774448 -0.951250
v 0.572030 1.774448 -0.856103
v 0.000000 1.774448 1.029626
v -0.572030 1.774448 -0.856103
v 0.394021 1.774448 -0.951251
v 0.200870 1.774448 1.009842
v -0.728056 1.774448 -0.728056
v -0.858273 2.287810 -0.573480
v 0.200870 1.774448 -1.009842
v -0.000000 2.287810 -1.032236
v 0.394021 1.774448 0.951250
v 0.573480 2.287810 0.858273
v 0.485361 2.132844 0.908046
v 0.100921 2.132844 -1.024664
v -0.795909 2.132844 -0.653185
v 0.298884 2.132844 0.985287
v 0.298884 2.132844 -0.985287
v -0.653185 2.132844 -0.795909
v 0.100921 2.132844 1.024664
v 0.485361 2.132844 -0.908046
v -0.485361 2.132844 -0.908046
v -0.100921 2.132844 1.024664
v 0.653185 2.132844 -0.795909
v -0.298884 2.132844 -0.985287
v -0.298884 2.132844 0.985287
v 0.795909 2.132844 -0.653185
v -0.100921 2.132844 -1.024664
v -0.485361 2.132844 0.908046
v 0.908046 2.132844 -0.485361
v -0.653185 2.132844 0.795909
v 0.985287 2.132844 -0.298884
v -0.795909 2.132844 0.653185
v 1.024664 2.132844 -0.100921
v -0.908046 2.132844 0.485361
v 1.024664 2.132844 0.100921
v -0.985287 2.132844 0.298884
v 0.985287 2.132844 0.298884
v -1.024664 2.132844 0.100921
v 0.908046 2.132844 0.485361
v -1.024664 2.132844 -0.100921
v 0.795909 2.132844 0.653185
v -0.985287 2.132844 -0.298884
v 0.653185 2.132844 0.795909
v -0.908046 2.132844 -0.485361
v -0.856103 1.774448 -0.572030
v -0.000000 1.774448 -1.029626
v 0.572030 1.774448 0.856103
v -0.949463 0.741746 -0.389802
v 0.724805 0.741746 0.724805
v -1.008779 0.741746 -0.196528
v 0.853560 0.741746 0.568196
v -1.028859 0.754339 0.000058
v 0.949463 0.741746 0.389802
v -1.008796 0.741746 0.196860
v 1.008779 0.741746 0.196528
v -0.949578 0.741746 0.390307
v 1.028859 0.754339 -0.000058
v -0.853828 0.741746 0.568714
v 1.008796 0.741746 -0.196860
v -0.725226 0.741746 0.725226
v 0.949578 0.741746 -0.390307
v -0.568714 0.741746 0.853828
v 0.853828 0.741746 -0.568714
v -0.390307 0.741746 0.949578
v -0.196528 0.741746 -1.008779
v 0.725226 0.741746 -0.725226
v -0.196860 0.741746 1.008796
v -0.389802 0.741746 -0.949463
v 0.568714 0.741746 -0.853828
v -0.000058 0.754339 1.028859
v -0.568196 0.741746 -0.853560
v 0.390307 0.741746 -0.949578
v 0.196528 0.741746 1.008779
v -0.724805 0.741746 -0.724805
v 0.196860 0.741746 -1.008797
v 0.389802 0.741746 0.949463
v 0.485361 1.274414 0.908046
v 0.100921 1.274414 -1.024664
v -0.795909 1.274414 -0.653185
v 0.298884 1.274414 0.985287
v 0.298884 1.274414 -0.985287
v -0.653185 1.274414 -0.795909
v 0.100921 1.274414 1.024664
v 0.485361 1.274414 -0.908046
v -0.485361 1.274414 -0.908046
v -0.100921 1.274414 1.024664
v 0.653185 1.274414 -0.795909
v -0.298884 1.274414 -0.985287
v -0.298884 1.274414 0.985287
v 0.795909 1.274414 -0.653185
v -0.100921 1.274414 -1.024664
v -0.485361 1.274414 0.908046
v 0.908046 1.274414 -0.485361
v -0.653185 1.274414 0.795909
v 0.985287 1.274414 -0.298884
v -0.795909 1.274414 0.653185
v 1.024664 1.274414 -0.100921
v -0.908046 1.274414 0.485361
v 1.024664 1.274414 0.100921
v -0.985287 1.274414 0.298884
v 0.985287 1.274414 0.298884
v -1.024664 1.274414 0.100921
v 0.908046 1.274414 0.485361
v -1.024664 1.274414 -0.100921
v 0.795909 1.274414 0.653185
v -0.985287 1.274414 -0.298884
v 0.653185 1.274414 0.795909
v -0.908046 1.274414 -0.485361
v 0.112945 2.172654 -1.146746
v 0.334515 2.172652 -1.102728
v 0.543209 2.177697 -1.016284
v 0.731047 2.177697 -0.890775
v 0.890775 2.172652 -0.731047
v 1.016232 2.172654 -0.543188
v 1.102677 2.172654 -0.334493
v 1.146745 2.172654 -0.112945
v 1.146746 2.172654 0.112945
v 1.102677 2.172654 0.334493
v 1.016233 2.172654 0.543188
v 0.890735 2.172654 0.731008
v 0.731008 2.172654 0.890735
v 0.543188 2.172654 1.016232
v 0.334493 2.172654 1.102677
v 0.112945 2.172654 1.146745
v -0.112945 2.172654 1.146746
v -0.334493 2.172654 1.102677
v -0.543188 2.172654 1.016233
v -0.731008 2.172654 0.890735
v -0.890735 2.172654 0.731008
v -1.016232 2.172654 0.543188
v -1.102677 2.172654 0.334493
v -1.146745 2.172654 0.112945
v -1.146746 2.172654 -0.112945
v -1.102677 2.172654 -0.334493
v -1.016233 2.172654 -0.543188
v -0.890735 2.172654 -0.731008
v -0.731008 2.172654 -0.890735
v -0.543188 2.172654 -1.016232
v -0.334493 2.172654 -1.102677
v -0.112945 2.172654 -1.146745
v 0.000000 0.001967 0.000000
v 0.107061 2.317944 -1.087004
v 0.317067 2.317944 -1.045231
v 0.514889 2.317944 -0.963290
v 0.692924 2.317944 -0.844331
v 0.844331 2.317944 -0.692924
v 0.963290 2.317944 -0.514889
v 1.045231 2.317944 -0.317067
v 1.087004 2.317944 -0.107061
v 1.087004 2.317944 0.107061
v 1.045231 2.317944 0.317067
v 0.963290 2.317944 0.514889
v 0.844331 2.317944 0.692924
v 0.692924 2.317944 0.844331
v 0.514889 2.317944 0.963290
v 0.317067 2.317944 1.045231
v 0.107061 2.317944 1.087004
v -0.107061 2.317944 1.087004
v -0.317067 2.317944 1.045231
v -0.514889 2.317944 0.963290
v -0.692924 2.317944 0.844331
v -0.844331 2.317944 0.692924
v -0.963290 2.317944 0.514889
v -1.045231 2.317944 0.317067
v -1.087004 2.317944 0.107061
v -1.087004 2.317944 -0.107061
v -1.045231 2.317944 -0.317067
v -0.963290 2.317944 -0.514889
v -0.844331 2.317944 -0.692924
v -0.692924 2.317944 -0.844331
v -0.514889 2.317944 -0.963290
v -0.317067 2.317944 -1.045231
v -0.107061 2.317944 -1.087004
v -0.905880 0.741746 -0.481305
v 0.649623 0.741746 0.793001
v -0.983870 0.741746 -0.294567
v 0.793001 0.741746 0.649623
v -1.023870 0.744894 -0.097319
v 0.905880 0.741746 0.481305
v -1.023872 0.744894 0.097511
v 0.983870 0.741746 0.294567
v -0.983926 0.741746 0.295008
v 1.023870 0.744894 0.097319
v -0.906067 0.741746 0.481834
v 1.023872 0.744894 -0.097511
v -0.793349 0.741746 0.650103
v 0.983926 0.741746 -0.295008
v -0.650103 0.741746 0.793349
v 0.906067 0.741746 -0.481834
v -0.481834 0.741746 0.906067
v -0.097319 0.744894 -1.023870
v 0.793349 0.741746 -0.650103
v -0.295008 0.741746 0.983926
v -0.294567 0.741746 -0.983870
v 0.650103 0.741746 -0.793349
v -0.097511 0.744894 1.023872
v -0.481305 0.741746 -0.905880
v 0.481834 0.741746 -0.906067
v 0.097319 0.744894 1.023870
v -0.649623 0.741746 -0.793001
v 0.295008 0.741746 -0.983926
v 0.294567 0.741746 0.983870
v -0.793001 0.741746 -0.649623
v 0.097511 0.744894 -1.023872
v 0.481305 0.741746 0.905880
v 0.002278 0.185969 -1.005507
v -0.190939 0.162583 -0.949088
v -0.383786 0.162583 -0.853216
v -0.563753 0.162583 -0.722686
v -0.722686 0.162583 -0.563753
v -0.853216 0.162583 -0.383786
v -0.949088 0.162583 -0.190939
v -1.005507 0.185969 0.002278
v 0.201701 0.162583 -0.950334
v 0.012555 0.138297 -0.863168
v -0.188468 0.138297 -0.734501
v -0.387179 0.138297 -0.572677
v -0.572677 0.138297 -0.387179
v -0.734501 0.138297 -0.188468
v -0.863168 0.138297 0.012555
v -0.950334 0.162583 0.201701
v 0.396647 0.162583 -0.857653
v 0.217669 0.138297 -0.741474
v 0.016012 0.138297 -0.584373
v -0.193365 0.138297 -0.397711
v -0.397711 0.138297 -0.193365
v -0.584373 0.138297 0.016012
v -0.741473 0.138297 0.217669
v -0.857653 0.162583 0.396647
v 0.575386 0.162583 -0.731049
v 0.412401 0.138297 -0.589268
v 0.218090 0.138297 -0.410003
v 0.007186 0.138297 -0.206768
v -0.206768 0.138297 0.007186
v -0.410003 0.138297 0.218090
v -0.589268 0.138297 0.412401
v -0.731049 0.162583 0.575386
v 0.731049 0.162583 -0.575386
v 0.589268 0.138297 -0.412401
v 0.410003 0.138297 -0.218090
v 0.206768 0.138297 -0.007186
v -0.007186 0.138297 0.206768
v -0.218090 0.138297 0.410003
v -0.412401 0.138297 0.589268
v -0.575386 0.162583 0.731049
v 0.857653 0.162583 -0.396647
v 0.741474 0.138297 -0.217669
v 0.584373 0.138297 -0.016012
v 0.397711 0.138297 0.193365
v 0.193365 0.138297 0.397711
v -0.016012 0.138297 0.584373
v -0.217669 0.138297 0.741473
v -0.396647 0.162583 0.857653
v 0.950334 0.162583 -0.201701
v 0.863168 0.138297 -0.012555
v 0.734501 0.138297 0.188468
v 0.572676 0.138297 0.387179
v 0.387179 0.138297 0.572677
v 0.188468 0.138297 0.734501
v -0.012555 0.138297 0.863168
v -0.201701 0.162583 0.950334
v 1.005507 0.185969 -0.002278
v 0.949088 0.162583 0.190939
v 0.853216 0.162583 0.383786
v 0.722686 0.162583 0.563753
v 0.563753 0.162583 0.722686
v 0.383786 0.162583 0.853216
v 0.190939 0.162583 0.949088
v -0.002278 0.185969 1.005507
v -0.109341 0.057967 -1.110157
v -0.113200 0.341314 -1.149343
v -0.113200 0.721009 -1.149343
v -0.113200 1.015649 -1.149343
v -0.113200 1.306238 -1.149343
v -0.113200 1.596826 -1.149343
v -0.113200 1.887444 -1.149343
v -0.323821 0.057967 -1.067494
v -0.335251 0.341314 -1.105174
v -0.335251 0.721009 -1.105174
v -0.335251 1.015649 -1.105174
v -0.335251 1.306238 -1.105174
v -0.335251 1.596826 -1.105174
v -0.335251 1.887444 -1.105174
v -0.525856 0.057967 -0.983808
v -0.544418 0.341314 -1.018535
v -0.544418 0.721009 -1.018535
v -0.544418 1.015649 -1.018535
v -0.544418 1.306238 -1.018535
v -0.544418 1.596826 -1.018535
v -0.544418 1.887444 -1.018535
v -0.707684 0.057967 -0.862315
v -0.732663 0.341314 -0.892753
v -0.732663 0.721009 -0.892753
v -0.732663 1.015649 -0.892753
v -0.732663 1.306238 -0.892753
v -0.732663 1.596826 -0.892753
v -0.732663 1.887444 -0.892753
v -0.862315 0.057967 -0.707684
v -0.892753 0.341314 -0.732663
v -0.892753 0.721009 -0.732663
v -0.892753 1.015649 -0.732663
v -0.892753 1.306238 -0.732663
v -0.892753 1.596826 -0.732663
v -0.892753 1.887444 -0.732663
v -0.983808 0.057967 -0.525857
v -1.018534 0.341314 -0.544418
v -1.018534 0.721009 -0.544418
v -1.018534 1.015649 -0.544418
v -1.018534 1.306238 -0.544418
v -1.018534 1.596826 -0.544418
v -1.018534 1.887444 -0.544418
v -1.067494 0.057967 -0.323821
v -1.105174 0.341314 -0.335251
v -1.105174 0.721009 -0.335251
v -1.105174 1.015649 -0.335251
v -1.105174 1.306238 -0.335251
v -1.105174 1.596826 -0.335251
v -1.105174 1.887444 -0.335251
v -1.110157 0.057967 -0.109341
v -1.149343 0.341314 -0.113200
v -1.149343 0.721009 -0.113200
v -1.149343 1.015649 -0.113200
v -1.149343 1.306238 -0.113200
v -1.149343 1.596826 -0.113200
v -1.149343 1.887444 -0.113200
v -1.110157 0.057967 0.109341
v -1.149343 0.341314 0.113200
v -1.149343 0.721009 0.113200
v -1.149343 1.015649 0.113200
v -1.149343 1.306238 0.113200
v -1.149343 1.596826 0.113200
v -1.149343 1.887444 0.113200
v -1.067494 0.057967 0.323821
v -1.105174 0.341314 0.335251
v -1.105174 0.721009 0.335251
v -1.105174 1.015649 0.335251
v -1.105174 1.306238 0.335251
v -1.105174 1.596826 0.335251
v -1.105174 1.887444 0.335251
v -0.983808 0.057967 0.525856
v -1.018535 0.341314 0.544418
v -1.018535 0.721009 0.544418
v -1.018535 1.015649 0.544418
v -1.018535 1.306238 0.544418
v -1.018535 1.596826 0.544418
v -1.018535 1.887444 0.544418
v -0.862315 0.057967 0.707684
v -0.892753 0.341314 0.732663
v -0.892753 0.721009 0.732663
v -0.892753 1.015649 0.732663
v -0.892753 1.306238 0.732663
v -0.892753 1.596826 0.732663
v -0.892753 1.887444 0.732663
v -0.707684 0.057967 0.862315
v -0.732663 0.341314 0.892753
v -0.732663 0.721009 0.892753
v -0.732663 1.015649 0.892753
v -0.732663 1.306238 0.892753
v -0.732663 1.596826 0.892753
v -0.732663 1.887444 0.892753
v -0.525857 0.057967 0.983808
v -0.544418 0.341314 1.018534
v -0.544418 0.721009 1.018534
v -0.544418 1.015649 1.018534
v -0.544418 1.306238 1.018534
v -0.544418 1.596826 1.018534
v -0.544418 1.887444 1.018534
v -0.323821 0.057967 1.067494
v -0.335251 0.341314 1.105174
v -0.335251 0.721009 1.105174
v -0.335251 1.015649 1.105174
v -0.335251 1.306238 1.105174
v -0.335251 1.596826 1.105174
v -0.335251 1.887444 1.105174
v -0.109341 0.057967 1.110157
v -0.113200 0.341314 1.149343
v -0.113200 0.721009 1.149343
v -0.113200 1.015649 1.149343
v -0.113200 1.306238 1.149343
v -0.113200 1.596826 1.149343
v -0.113200 1.887444 1.149343
v 0.109341 0.057967 1.110157
v 0.113200 0.341314 1.149343
v 0.113200 0.721009 1.149343
v 0.113200 1.015649 1.149343
v 0.113200 1.306238 1.149343
v 0.113200 1.596826 1.149343
v 0.113200 1.887444 1.149343
v 0.323821 0.057967 1.067494
v 0.335251 0.341314 1.105174
v 0.335251 0.721009 1.105174
v 0.335251 1.015649 1.105174
v 0.335251 1.306238 1.105174
v 0.335251 1.596826 1.105174
v 0.335251 1.887444 1.105174
v 0.525856 0.057967 0.983808
v 0.544418 0.341314 1.018535
v 0.544418 0.721009 1.018535
v 0.544418 1.015649 1.018535
v 0.544418 1.306238 1.018535
v 0.544418 1.596826 1.018535
v 0.544418 1.887444 1.018535
v 0.707684 0.057967 0.862315
v 0.732663 0.341314 0.892753
v 0.732663 0.721009 0.892753
v 0.732663 1.015649 0.892753
v 0.732663 1.306238 0.892753
v 0.732663 1.596826 0.892753
v 0.732663 1.887444 0.892753
v 0.862315 0.057967 0.707684
v 0.892753 0.341314 0.732663
v 0.892753 0.721009 0.732663
v 0.892753 1.015649 0.732663
v 0.892753 1.306238 0.732663
v 0.892753 1.596826 0.732663
v 0.892753 1.887444 0.732663
v 0.983808 0.057967 0.525857
v 1.018534 0.341314 0.544418
v 1.018534 0.721009 0.544418
v 1.018534 1.015649 0.544418
v 1.018534 1.306238 0.544418
v 1.018534 1.596826 0.544418
v 1.018534 1.887444 0.544418
v 1.067494 0.057967 0.323821
v 1.105174 0.341314 0.335251
v 1.105174 0.721009 0.335251
v 1.105174 1.015649 0.335251
v 1.105174 1.306238 0.335251
v 1.105174 1.596826 0.335251
v 1.105174 1.887444 0.335251
v 1.110157 0.057967 0.109341
v 1.149343 0.341314 0.113200
v 1.149343 0.721009 0.113200
v 1.149343 1.015649 0.113200
v 1.149343 1.306238 0.113200
v 1.149343 1.596826 0.113200
v 1.149343 1.887444 0.113200
v 1.110157 0.057967 -0.109341
v 1.149343 0.341314 -0.113200
v 1.149343 0.721009 -0.113200
v 1.149343 1.015649 -0.113200
v 1.149343 1.306238 -0.113200
v 1.149343 1.596826 -0.113200
v 1.149343 1.887444 -0.113200
v 1.067494 0.057967 -0.323821
v 1.105174 0.341314 -0.335251
v 1.105174 0.721009 -0.335251
v 1.105174 1.015649 -0.335251
v 1.105174 1.306238 -0.335251
v 1.105174 1.596826 -0.335251
v 1.105174 1.887444 -0.335251
v 0.983808 0.057967 -0.525856
v 1.018535 0.341314 -0.544418
v 1.018535 0.721009 -0.544418
v 1.018535 1.015649 -0.544418
v 1.018535 1.306238 -0.544418
v 1.018535 1.596826 -0.544418
v 1.018535 1.887444 -0.544418
v 0.862355 0.059682 -0.707723
v 0.895278 0.343176 -0.730735
v 0.892792 0.721306 -0.732703
v 0.892753 1.015649 -0.732663
v 0.892753 1.306238 -0.732663
v 0.892792 1.596826 -0.732703
v 0.895278 1.887442 -0.730735
v 0.707723 0.097742 -0.862355
v 0.449786 0.387804 -1.072526
v 0.732703 0.729728 -0.892793
v 0.732663 1.015649 -0.892753
v 0.732663 1.306238 -0.892753
v 0.732703 1.591781 -0.892792
v 0.549325 0.577954 -1.019083
v 0.525878 0.097742 -0.983860
v 0.731293 0.577954 -0.897496
v 0.544439 0.729728 -1.018586
v 0.544418 1.015649 -1.018534
v 0.544418 1.306238 -1.018534
v 0.544439 1.591781 -1.018586
v 0.549325 0.241815 -1.019083
v 0.323842 0.059682 -1.067546
v 0.332503 0.343176 -1.106769
v 0.335272 0.721306 -1.105226
v 0.335251 1.015649 -1.105174
v 0.335251 1.306238 -1.105174
v 0.335272 1.596826 -1.105226
v 0.332503 1.887442 -1.106769
v 0.109341 0.057967 -1.110157
v 0.113200 0.341314 -1.149343
v 0.113200 0.721009 -1.149343
v 0.113200 1.015649 -1.149343
v 0.113200 1.306237 -1.149343
v 0.113200 1.596826 -1.149343
v 0.113200 1.887444 -1.149343
v 0.757256 0.573889 -0.937665
v 0.480954 1.887074 -1.111134
v 0.577038 0.293626 -1.059286
v 0.577038 2.026235 -1.059286
v 0.818759 0.387804 -0.825986
v 0.731293 1.742120 -0.897496
v 0.549325 1.742120 -1.019083
v 0.731293 2.032736 -0.897496
v 0.549325 2.032736 -1.019083
v 0.449786 1.887417 -1.072526
v 0.818759 1.887417 -0.825986
v 0.731293 0.241815 -0.897496
v 0.825717 0.306486 -1.037508
v 0.904506 0.443592 -0.958160
v 0.811447 0.580698 -1.017154
v 0.629200 0.580698 -1.138927
v 0.842501 1.887075 -0.869556
v 0.576501 0.573889 -1.058442
v 0.480954 0.432871 -1.111134
v 0.757256 1.747914 -0.937665
v 0.842501 0.432871 -0.869556
v 0.576501 1.747914 -1.058442
v 0.757830 2.026235 -0.938485
v 0.757830 0.293626 -0.938485
v 0.642544 0.306486 -1.159901
v 0.539085 0.443592 -1.202326
v 0.681018 0.604903 -1.218530
v 0.726808 0.650583 -1.287155
v 0.766181 0.715310 -1.344635
v 0.798750 0.796284 -1.390979
v 0.824006 0.890477 -1.426049
v 0.841375 0.994543 -1.449629
v 0.850281 1.104774 -1.461495
v 0.850281 1.217113 -1.461495
v 0.841375 1.327343 -1.449629
v 0.824005 1.431410 -1.426049
v 0.798750 1.525603 -1.390979
v 0.766181 1.606577 -1.344635
v 0.726808 1.671304 -1.287155
v 0.681018 1.716984 -1.218530
v 0.629200 1.741189 -1.138927
v 0.865160 0.604903 -1.095490
v 0.911039 0.650583 -1.164055
v 0.949076 0.715310 -1.222428
v 0.979429 0.796284 -1.270253
v 1.002165 0.890477 -1.307007
v 1.017302 0.994543 -1.332077
v 1.024857 1.104774 -1.344847
v 1.024857 1.217113 -1.344847
v 1.017302 1.327344 -1.332078
v 1.002165 1.431410 -1.307007
v 0.979429 1.525603 -1.270253
v 0.949076 1.606577 -1.222428
v 0.911039 1.671304 -1.164055
v 0.865160 1.716984 -1.095490
v 0.811447 1.741189 -1.017154
v 0.971941 0.475000 -1.053247
v 1.028701 0.533706 -1.136533
v 1.074581 0.615824 -1.206943
v 1.110125 0.717097 -1.264092
v 1.135913 0.833269 -1.307569
v 1.152546 0.960082 -1.336949
v 1.160624 1.093280 -1.351808
v 1.160624 1.228607 -1.351808
v 1.152546 1.361805 -1.336949
v 1.135913 1.488618 -1.307569
v 1.110125 1.604789 -1.264092
v 1.074581 1.706063 -1.206943
v 1.028701 1.788181 -1.136533
v 0.971941 1.846887 -1.053247
v 0.904506 1.878295 -0.958159
v 0.904143 0.345097 -1.151094
v 0.970896 0.416829 -1.249433
v 1.025246 0.516338 -1.331073
v 1.067601 0.637911 -1.396017
v 1.098496 0.776061 -1.444409
v 1.118533 0.925621 -1.476468
v 1.128319 1.081787 -1.492420
v 1.128319 1.240101 -1.492420
v 1.118533 1.396266 -1.476468
v 1.098496 1.545826 -1.444409
v 1.067601 1.683976 -1.396016
v 1.025246 1.805549 -1.331073
v 0.970896 1.905058 -1.249432
v 0.904144 1.976790 -1.151094
v 0.825718 2.015401 -1.037508
v 0.717471 0.345097 -1.275824
v 0.782779 0.416829 -1.375128
v 0.837406 0.516338 -1.456583
v 0.881198 0.637911 -1.520567
v 0.914084 0.776061 -1.567629
v 0.936035 0.925621 -1.598410
v 0.947028 1.081787 -1.613555
v 0.947028 1.240101 -1.613556
v 0.936035 1.396266 -1.598410
v 0.914083 1.545826 -1.567629
v 0.881198 1.683976 -1.520567
v 0.837406 1.805549 -1.456583
v 0.782779 1.905058 -1.375128
v 0.717471 1.976790 -1.275824
v 0.642544 2.015401 -1.159901
v 0.601127 0.475000 -1.301017
v 0.656353 0.533706 -1.385328
v 0.703846 0.615824 -1.454661
v 0.743043 0.717097 -1.509369
v 0.773341 0.833269 -1.549832
v 0.794120 0.960082 -1.576442
v 0.804757 1.093280 -1.589591
v 0.804757 1.228607 -1.589591
v 0.794120 1.361805 -1.576442
v 0.773341 1.488618 -1.549832
v 0.743043 1.604789 -1.509368
v 0.703846 1.706063 -1.454660
v 0.656353 1.788181 -1.385328
v 0.601127 1.846887 -1.301017
v 0.539085 1.878295 -1.202326
v 0.486591 2.287810 0.910348
v 0.101176 2.287810 -1.027262
v -0.797926 2.287810 -0.654841
v 0.299641 2.287810 0.987785
v 0.299641 2.287810 -0.987785
v -0.654841 2.287810 -0.797926
v 0.101176 2.287810 1.027262
v 0.486591 2.287810 -0.910348
v -0.486591 2.287810 -0.910348
v -0.101176 2.287810 1.027262
v 0.654841 2.287810 -0.797926
v -0.299641 2.287810 -0.987785
v -0.299641 2.287810 0.987785
v 0.797926 2.287810 -0.654841
v -0.101176 2.287810 -1.027262
v -0.486591 2.287810 0.910348
v 0.910348 2.287810 -0.486591
v -0.654841 2.287810 0.797926
v 0.987785 2.287810 -0.299641
v -0.797926 2.287810 0.654841
v 1.027262 2.287810 -0.101176
v -0.910348 2.287810 0.486591
v 1.027262 2.287810 0.101176
v -0.987785 2.287810 0.299641
v 0.987785 2.287810 0.299641
v -1.027262 2.287810 0.101176
v 0.910348 2.287810 0.486591
v -1.027262 2.287810 -0.101176
v 0.797926 2.287810 0.654841
v -0.987785 2.287810 -0.299641
v 0.654841 2.287810 0.797926
v -0.910348 2.287810 -0.486591
v 0.485361 1.774448 0.908046
v 0.100921 1.774448 -1.024664
v -0.795909 1.774448 -0.653185
v 0.298884 1.774448 0.985287
v 0.298884 1.774448 -0.985287
v -0.653185 1.774448 -0.795909
v 0.100921 1.774448 1.024664
v 0.485361 1.774448 -0.908046
v -0.485361 1.774448 -0.908046
v -0.100921 1.774448 1.024664
v 0.653185 1.774448 -0.795909
v -0.298884 1.774448 -0.985287
v -0.298884 1.774448 0.985287
v 0.795909 1.774448 -0.653185
v -0.100921 1.774448 -1.024664
v -0.485361 1.774448 0.908046
v 0.908046 1.774448 -0.485361
v -0.653185 1.774448 0.795909
v 0.985287 1.774448 -0.298884
v -0.795909 1.774448 0.653185
v 1.024664 1.774448 -0.100921
v -0.908046 1.774448 0.485361
v 1.024664 1.774448 0.100921
v -0.985287 1.774448 0.298884
v 0.985287 1.774448 0.298884
v -1.024664 1.774448 0.100921
v 0.908046 1.774448 0.485361
v -1.024664 1.774448 -0.100921
v 0.795909 1.774448 0.653185
v -0.985287 1.774448 -0.298884
v 0.653185 1.774448 0.795909
v -0.908046 1.774448 -0.485361
vn 0.0491 0.0187 -0.9986
vn 0.0484 0.1738 -0.9836
vn 0.1445 0.1738 -0.9741
vn 0.1467 0.0187 -0.9890
vn 0.2410 0.0199 -0.9703
vn 0.2391 0.1741 -0.9553
vn 0.3302 0.1759 -0.9274
vn 0.3287 0.0262 -0.9441
vn 0.4293 0.0304 -0.9027
vn 0.4183 0.1802 -0.8902
vn 0.5048 0.1836 -0.8435
vn 0.5150 0.0280 -0.8567
vn 0.5944 0.0280 -0.8037
vn 0.5861 0.1836 -0.7892
vn 0.6624 0.1802 -0.7272
vn 0.6697 0.0304 -0.7420
vn 0.7464 0.0262 -0.6650
vn 0.7304 0.1759 -0.6599
vn 0.7911 0.1741 -0.5864
vn 0.8043 0.0199 -0.5939
vn 0.8576 0.0187 -0.5140
vn 0.8447 0.1738 -0.5062
vn 0.8902 0.1738 -0.4211
vn 0.9038 0.0187 -0.4275
vn 0.9414 0.0187 -0.3368
vn 0.9272 0.1738 -0.3317
vn 0.9553 0.1738 -0.2393
vn 0.9699 0.0187 -0.2430
vn 0.9890 0.0187 -0.1467
vn 0.9741 0.1738 -0.1445
vn 0.9836 0.1738 -0.0484
vn 0.9986 0.0187 -0.0491
vn 0.9986 0.0187 0.0491
vn 0.9836 0.1738 0.0484
vn 0.9741 0.1738 0.1445
vn 0.9890 0.0187 0.1467
vn 0.9699 0.0187 0.2430
vn 0.9553 0.1738 0.2393
vn 0.9272 0.1738 0.3317
vn 0.9414 0.0187 0.3368
vn 0.9038 0.0187 0.4275
vn 0.8902 0.1738 0.4211
vn 0.8447 0.1738 0.5062
vn 0.8576 0.0187 0.5140
vn 0.8030 0.0187 0.5956
vn 0.7910 0.1738 0.5867
vn 0.7297 0.1738 0.6613
vn 0.7408 0.0187 0.6714
vn 0.6714 0.0187 0.7408
vn 0.6613 0.1738 0.7297
vn 0.5867 0.1738 0.7910
vn 0.5956 0.0187 0.8030
vn 0.5140 0.0187 0.8576
vn 0.5062 0.1738 0.8447
vn 0.4211 0.1738 0.8902
vn 0.4275 0.0187 0.9038
vn 0.3368 0.0187 0.9414
vn 0.3317 0.1738 0.9272
vn 0.2393 0.1738 0.9553
vn 0.2430 0.0187 0.9699
vn 0.1467 0.0187 0.9890
vn 0.1445 0.1738 0.9741
vn 0.0484 0.1738 0.9836
vn 0.0491 0.0187 0.9986
vn -0.0491 0.0187 0.9986
vn -0.0484 0.1738 0.9836
vn -0.1445 0.1738 0.9741
vn -0.1467 0.0187 0.9890
vn -0.2430 0.0187 0.9699
vn -0.2393 0.1738 0.9553
vn -0.3317 0.1738 0.9272
vn -0.3368 0.0187 0.9414
vn -0.4275 0.0187 0.9038
vn -0.4211 0.1738 0.8902
vn -0.5062 0.1738 0.8447
vn -0.5140 0.0187 0.8576
vn -0.5956 0.0187 0.8030
vn -0.5867 0.1738 0.7910
vn -0.6613 0.1738 0.7297
vn -0.6714 0.0187 0.7408
vn -0.7408 0.0187 0.6714
vn -0.7297 0.1738 0.6613
vn -0.7910 0.1738 0.5867
vn -0.8030 0.0187 0.5956
vn -0.8576 0.0187 0.5140
vn -0.8447 0.1738 0.5062
vn -0.8902 0.1738 0.4211
vn -0.9038 0.0187 0.4275
vn -0.9414 0.0187 0.3368
vn -0.9272 0.1738 0.3317
vn -0.9553 0.1738 0.2393
vn -0.9699 0.0187 0.2430
vn -0.9890 0.0187 0.1467
vn -0.9741 0.1738 0.1445
vn -0.9836 0.1738 0.0484
vn -0.9986 0.0187 0.0491
vn -0.9986 0.0187 -0.0491
vn -0.9836 0.1738 -0.0484
vn -0.9741 0.1738 -0.1445
vn -0.9890 0.0187 -0.1467
vn -0.9699 0.0187 -0.2430
vn -0.9553 0.1738 -0.2393
vn -0.9272 0.1738 -0.3317
vn -0.9414 0.0187 -0.3368
vn -0.9038 0.0187 -0.4275
vn -0.8902 0.1738 -0.4211
vn -0.8447 0.1738 -0.5062
vn -0.8576 0.0187 -0.5140
vn -0.8030 0.0187 -0.5956
vn -0.7910 0.1738 -0.5867
vn -0.7297 0.1738 -0.6613
vn -0.7408 0.0187 -0.6714
vn -0.6714 0.0187 -0.7408
vn -0.6613 0.1738 -0.7297
vn -0.5867 0.1738 -0.7910
vn -0.5956 0.0187 -0.8030
vn -0.5140 0.0187 -0.8576
vn -0.5062 0.1738 -0.8447
vn -0.4211 0.1738 -0.8902
vn -0.4275 0.0187 -0.9038
vn -0.3368 0.0187 -0.9414
vn -0.3317 0.1738 -0.9272
vn -0.2393 0.1738 -0.9553
vn -0.2430 0.0187 -0.9699
vn -0.1467 0.0187 -0.9890
vn -0.1445 0.1738 -0.9741
vn -0.0484 0.1738 -0.9836
vn -0.0491 0.0187 -0.9986
vn -0.0000 -0.9997 -0.0226
vn 0.0119 -0.9997 -0.0207
vn 0.1022 -0.9947 0.0089
vn 0.0312 -0.9984 -0.0467
vn -0.0474 -0.9947 -0.0910
vn 0.0145 -0.9997 -0.0189
vn 0.0209 -0.9997 -0.0086
vn 0.0221 -0.9997 -0.0044
vn 0.0226 -0.9997 -0.0000
vn 0.0221 -0.9997 0.0044
vn 0.0209 -0.9997 0.0086
vn 0.0188 -0.9997 0.0125
vn 0.0160 -0.9997 0.0160
vn 0.0125 -0.9997 0.0188
vn 0.0086 -0.9997 0.0209
vn 0.0044 -0.9997 0.0221
vn -0.0000 -0.9997 0.0226
vn -0.0044 -0.9997 0.0221
vn -0.0086 -0.9997 0.0209
vn -0.0125 -0.9997 0.0188
vn -0.0160 -0.9997 0.0160
vn -0.0188 -0.9997 0.0125
vn -0.0209 -0.9997 0.0086
vn -0.0221 -0.9997 0.0044
vn -0.0226 -0.9997 -0.0000
vn -0.0221 -0.9997 -0.0044
vn -0.0209 -0.9997 -0.0086
vn -0.0188 -0.9997 -0.0125
vn -0.0160 -0.9997 -0.0160
vn -0.0125 -0.9997 -0.0188
vn -0.0086 -0.9997 -0.0209
vn -0.0044 -0.9997 -0.0221
vn 0.0016 0.9995 -0.0317
vn 0.0047 0.9995 -0.0314
vn 0.1040 0.7055 -0.7011
vn 0.0348 0.7055 -0.7079
vn 0.0077 0.9995 -0.0308
vn 0.0107 0.9995 -0.0299
vn 0.2387 0.7055 -0.6673
vn 0.1722 0.7055 -0.6875
vn 0.0136 0.9995 -0.0287
vn 0.0163 0.9995 -0.0272
vn 0.3643 0.7055 -0.6079
vn 0.3030 0.7055 -0.6407
vn 0.0189 0.9995 -0.0255
vn 0.0213 0.9995 -0.0235
vn 0.4759 0.7055 -0.5252
vn 0.4222 0.7055 -0.5692
vn 0.0235 0.9995 -0.0213
vn 0.0255 0.9995 -0.0189
vn 0.5692 0.7055 -0.4222
vn 0.5252 0.7055 -0.4759
vn 0.0272 0.9995 -0.0163
vn 0.0287 0.9995 -0.0136
vn 0.6407 0.7055 -0.3030
vn 0.6079 0.7055 -0.3643
vn 0.0299 0.9995 -0.0107
vn 0.0308 0.9995 -0.0077
vn 0.6875 0.7055 -0.1722
vn 0.6673 0.7055 -0.2387
vn 0.0314 0.9995 -0.0047
vn 0.0317 0.9995 -0.0016
vn 0.7079 0.7055 -0.0348
vn 0.7011 0.7055 -0.1040
vn 0.0317 0.9995 0.0016
vn 0.0314 0.9995 0.0047
vn 0.7011 0.7055 0.1040
vn 0.7079 0.7055 0.0348
vn 0.0308 0.9995 0.0077
vn 0.0299 0.9995 0.0107
vn 0.6673 0.7055 0.2387
vn 0.6875 0.7055 0.1722
vn 0.0287 0.9995 0.0136
vn 0.0272 0.9995 0.0163
vn 0.6079 0.7055 0.3643
vn 0.6407 0.7055 0.3030
vn 0.0255 0.9995 0.0189
vn 0.0235 0.9995 0.0213
vn 0.5252 0.7055 0.4759
vn 0.5692 0.7055 0.4222
vn 0.0213 0.9995 0.0235
vn 0.0189 0.9995 0.0255
vn 0.4222 0.7055 0.5692
vn 0.4759 0.7055 0.5252
vn 0.0163 0.9995 0.0272
vn 0.0136 0.9995 0.0287
vn 0.3030 0.7055 0.6407
vn 0.3643 0.7055 0.6079
vn 0.0107 0.9995 0.0299
vn 0.0077 0.9995 0.0308
vn 0.1722 0.7055 0.6875
vn 0.2387 0.7055 0.6673
vn 0.0047 0.9995 0.0314
vn 0.0016 0.9995 0.0317
vn 0.0348 0.7055 0.7079
vn 0.1040 0.7055 0.7011
vn -0.0016 0.9995 0.0317
vn -0.0047 0.9995 0.0314
vn -0.1040 0.7055 0.7011
vn -0.0348 0.7055 0.7079
vn -0.0077 0.9995 0.0308
vn -0.0107 0.9995 0.0299
vn -0.2387 0.7055 0.6673
vn -0.1722 0.7055 0.6875
vn -0.0136 0.9995 0.0287
vn -0.0163 0.9995 0.0272
vn -0.3643 0.7055 0.6079
vn -0.3030 0.7055 0.6407
vn -0.0189 0.9995 0.0255
vn -0.0213 0.9995 0.0235
vn -0.4759 0.7055 0.5252
vn -0.4222 0.7055 0.5692
vn -0.0235 0.9995 0.0213
vn -0.0255 0.9995 0.0189
vn -0.5692 0.7055 0.4222
vn -0.5252 0.7055 0.4759
vn -0.0272 0.9995 0.0163
vn -0.0287 0.9995 0.0136
vn -0.6407 0.7055 0.3030
vn -0.6079 0.7055 0.3643
vn -0.0299 0.9995 0.0107
vn -0.0308 0.9995 0.0077
vn -0.6875 0.7055 0.1722
vn -0.6673 0.7055 0.2387
vn -0.0314 0.9995 0.0047
vn -0.0317 0.9995 0.0016
vn -0.7079 0.7055 0.0348
vn -0.7011 0.7055 0.1040
vn -0.0317 0.9995 -0.0016
vn -0.0314 0.9995 -0.0047
vn -0.7011 0.7055 -0.1040
vn -0.7079 0.7055 -0.0348
vn -0.0308 0.9995 -0.0077
vn -0.0299 0.9995 -0.0107
vn -0.6673 0.7055 -0.2387
vn -0.6875 0.7055 -0.1722
vn -0.0287 0.9995 -0.0136
vn -0.0272 0.9995 -0.0163
vn -0.6079 0.7055 -0.3643
vn -0.6407 0.7055 -0.3030
vn -0.0255 0.9995 -0.0189
vn -0.0235 0.9995 -0.0213
vn -0.5252 0.7055 -0.4759
vn -0.5692 0.7055 -0.4222
vn -0.0213 0.9995 -0.0235
vn -0.0189 0.9995 -0.0255
vn -0.4222 0.7055 -0.5692
vn -0.4759 0.7055 -0.5252
vn -0.0163 0.9995 -0.0272
vn -0.0136 0.9995 -0.0287
vn -0.3030 0.7055 -0.6407
vn -0.3643 0.7055 -0.6079
vn -0.0107 0.9995 -0.0299
vn -0.0077 0.9995 -0.0308
vn -0.1722 0.7055 -0.6875
vn -0.2387 0.7055 -0.6673
vn -0.0047 0.9995 -0.0314
vn -0.0016 0.9995 -0.0317
vn -0.0348 0.7055 -0.7079
vn -0.1040 0.7055 -0.7011
vn 0.8572 0.0076 0.5149
vn 0.9034 0.0067 0.4288
vn 0.8971 0.0613 0.4375
vn 0.8509 0.0694 0.5206
vn -0.5962 0.0082 -0.8028
vn -0.6717 0.0086 -0.7408
vn -0.6709 0.0779 -0.7374
vn -0.5986 0.0751 -0.7975
vn 0.9410 0.0055 0.3383
vn 0.9696 0.0042 0.2446
vn 0.9655 0.0395 0.2573
vn 0.9355 0.0512 0.3495
vn -0.7408 0.0086 -0.6717
vn -0.8028 0.0082 -0.5962
vn -0.7975 0.0751 -0.5986
vn -0.7374 0.0779 -0.6709
vn 0.9889 0.0028 0.1485
vn 0.9987 0.0017 0.0500
vn 0.9981 0.0149 0.0602
vn 0.9867 0.0271 0.1606
vn -0.8572 0.0076 -0.5149
vn -0.9034 0.0067 -0.4288
vn -0.8971 0.0613 -0.4375
vn -0.8509 0.0694 -0.5206
vn 0.9987 0.0016 -0.0500
vn 0.9889 0.0027 -0.1483
vn 0.9869 0.0261 -0.1590
vn 0.9981 0.0147 -0.0599
vn -0.9410 0.0055 -0.3383
vn -0.9696 0.0042 -0.2446
vn -0.9655 0.0395 -0.2573
vn -0.9355 0.0512 -0.3495
vn 0.9697 0.0040 -0.2443
vn 0.9411 0.0051 -0.3380
vn 0.9369 0.0468 -0.3464
vn 0.9664 0.0371 -0.2545
vn -0.9889 0.0028 -0.1485
vn -0.9987 0.0017 -0.0500
vn -0.9981 0.0149 -0.0602
vn -0.9867 0.0271 -0.1606
vn 0.9035 0.0060 -0.4285
vn 0.8574 0.0067 -0.5147
vn 0.8528 0.0614 -0.5186
vn 0.8989 0.0550 -0.4347
vn -0.9987 0.0016 0.0500
vn -0.9889 0.0027 0.1483
vn -0.9869 0.0261 0.1590
vn -0.9981 0.0147 0.0599
vn 0.8029 0.0072 -0.5961
vn 0.7409 0.0075 -0.6716
vn 0.7384 0.0680 -0.6710
vn 0.7991 0.0658 -0.5976
vn -0.9697 0.0040 0.2443
vn -0.9411 0.0051 0.3380
vn -0.9369 0.0468 0.3464
vn -0.9664 0.0371 0.2545
vn 0.6716 0.0075 -0.7409
vn 0.5961 0.0072 -0.8029
vn 0.5976 0.0658 -0.7991
vn 0.6710 0.0680 -0.7384
vn -0.9035 0.0060 0.4285
vn -0.8574 0.0067 0.5147
vn -0.8528 0.0614 0.5186
vn -0.8989 0.0550 0.4347
vn 0.5147 0.0067 -0.8574
vn 0.4285 0.0060 -0.9035
vn 0.4347 0.0550 -0.8989
vn 0.5186 0.0614 -0.8528
vn 0.0500 0.0017 0.9987
vn 0.1485 0.0028 0.9889
vn 0.1606 0.0271 0.9867
vn 0.0602 0.0149 0.9981
vn -0.8029 0.0072 0.5961
vn -0.7409 0.0075 0.6716
vn -0.7384 0.0680 0.6710
vn -0.7991 0.0658 0.5976
vn 0.3380 0.0051 -0.9411
vn 0.2443 0.0040 -0.9697
vn 0.2545 0.0371 -0.9664
vn 0.3464 0.0468 -0.9369
vn 0.2446 0.0042 0.9696
vn 0.3383 0.0055 0.9410
vn 0.3495 0.0512 0.9355
vn 0.2573 0.0395 0.9655
vn -0.6716 0.0075 0.7409
vn -0.5961 0.0072 0.8029
vn -0.5976 0.0658 0.7991
vn -0.6710 0.0680 0.7384
vn 0.1483 0.0027 -0.9889
vn 0.0500 0.0016 -0.9987
vn 0.0599 0.0147 -0.9981
vn 0.1590 0.0261 -0.9869
vn 0.4288 0.0067 0.9034
vn 0.5149 0.0076 0.8572
vn 0.5206 0.0694 0.8509
vn 0.4375 0.0613 0.8971
vn -0.5147 0.0067 0.8574
vn -0.4285 0.0060 0.9035
vn -0.4347 0.0550 0.8989
vn -0.5186 0.0614 0.8528
vn -0.0500 0.0017 -0.9987
vn -0.1485 0.0028 -0.9889
vn -0.1606 0.0271 -0.9867
vn -0.0602 0.0149 -0.9981
vn 0.5962 0.0082 0.8028
vn 0.6717 0.0086 0.7408
vn 0.6709 0.0779 0.7374
vn 0.5986 0.0751 0.7975
vn -0.3380 0.0051 0.9411
vn -0.2443 0.0040 0.9697
vn -0.2545 0.0371 0.9664
vn -0.3464 0.0468 0.9369
vn -0.2446 0.0042 -0.9696
vn -0.3383 0.0055 -0.9410
vn -0.3495 0.0512 -0.9355
vn -0.2573 0.0395 -0.9655
vn 0.7408 0.0086 0.6717
vn 0.8028 0.0082 0.5962
vn 0.7975 0.0751 0.5986
vn 0.7374 0.0779 0.6709
vn -0.1483 0.0027 0.9889
vn -0.0500 0.0016 0.9987
vn -0.0599 0.0147 0.9981
vn -0.1590 0.0261 0.9869
vn -0.4288 0.0067 -0.9034
vn -0.5149 0.0076 -0.8572
vn -0.5206 0.0694 -0.8509
vn -0.4375 0.0613 -0.8971
vn 0.0001 0.0799 0.9968
vn 0.1699 0.1676 0.9711
vn 0.0012 0.7443 0.6678
vn -0.1653 0.1610 0.9730
vn 0.2861 0.2431 0.9268
vn 0.3655 0.3012 0.8808
vn 0.1250 0.9577 0.2594
vn 0.1205 0.9403 0.3183
vn 0.4362 0.3483 0.8297
vn 0.4999 0.3836 0.7765
vn 0.1333 0.9722 0.1924
vn 0.1288 0.9670 0.2199
vn 0.5587 0.4070 0.7226
vn 0.6144 0.4187 0.6687
vn 0.1473 0.9764 0.1581
vn 0.1393 0.9751 0.1726
vn 0.6687 0.4187 0.6144
vn 0.7226 0.4070 0.5587
vn 0.1726 0.9751 0.1393
vn 0.1581 0.9764 0.1473
vn 0.7765 0.3836 0.4999
vn 0.8297 0.3483 0.4362
vn 0.2199 0.9670 0.1288
vn 0.1924 0.9722 0.1333
vn 0.8808 0.3012 0.3655
vn 0.9268 0.2431 0.2861
vn 0.3183 0.9403 0.1205
vn 0.2594 0.9577 0.1250
vn 0.9711 0.1676 0.1699
vn 0.9968 0.0799 0.0001
vn 0.9730 0.1610 -0.1653
vn 0.6678 0.7443 0.0012
vn -0.2774 0.2271 0.9335
vn -0.1201 0.9329 0.3395
vn -0.1274 0.9511 0.2814
vn -0.3576 0.2767 0.8919
vn -0.0000 1.0000 -0.0000
vn 0.3395 0.9329 -0.1201
vn 0.9335 0.2271 -0.2774
vn 0.8919 0.2767 -0.3576
vn 0.2814 0.9511 -0.1274
vn -0.4318 0.3164 0.8446
vn -0.1342 0.9611 0.2412
vn -0.1416 0.9669 0.2122
vn -0.5005 0.3460 0.7936
vn 0.2412 0.9611 -0.1342
vn 0.8446 0.3164 -0.4318
vn 0.7936 0.3460 -0.5005
vn 0.2122 0.9669 -0.1416
vn -0.5648 0.3657 0.7397
vn -0.1503 0.9701 0.1905
vn -0.1608 0.9716 0.1739
vn -0.6256 0.3754 0.6838
vn 0.1905 0.9701 -0.1503
vn 0.7397 0.3657 -0.5648
vn 0.6838 0.3754 -0.6256
vn 0.1739 0.9716 -0.1608
vn -0.6838 0.3754 0.6256
vn -0.1739 0.9716 0.1608
vn -0.1905 0.9701 0.1503
vn -0.7397 0.3657 0.5648
vn 0.1608 0.9716 -0.1739
vn 0.6256 0.3754 -0.6838
vn 0.5648 0.3657 -0.7397
vn 0.1503 0.9701 -0.1905
vn -0.7936 0.3460 0.5005
vn -0.2122 0.9669 0.1416
vn -0.2412 0.9611 0.1342
vn -0.8446 0.3164 0.4318
vn 0.1416 0.9669 -0.2122
vn 0.5005 0.3460 -0.7936
vn 0.4318 0.3164 -0.8446
vn 0.1342 0.9611 -0.2412
vn -0.8919 0.2767 0.3576
vn -0.2814 0.9511 0.1274
vn -0.3395 0.9329 0.1201
vn -0.9335 0.2271 0.2774
vn 0.1274 0.9511 -0.2814
vn 0.3576 0.2767 -0.8919
vn 0.2774 0.2271 -0.9335
vn 0.1201 0.9329 -0.3395
vn -0.9730 0.1610 0.1653
vn -0.6678 0.7443 -0.0012
vn -0.9711 0.1676 -0.1699
vn -0.9968 0.0799 -0.0001
vn -0.3183 0.9403 -0.1205
vn -0.2594 0.9577 -0.1250
vn -0.8808 0.3012 -0.3655
vn -0.9268 0.2431 -0.2861
vn -0.2199 0.9670 -0.1288
vn -0.1924 0.9722 -0.1333
vn -0.7765 0.3836 -0.4999
vn -0.8297 0.3483 -0.4362
vn -0.1726 0.9751 -0.1393
vn -0.1581 0.9764 -0.1473
vn -0.6687 0.4187 -0.6144
vn -0.7226 0.4070 -0.5587
vn -0.1473 0.9764 -0.1581
vn -0.1393 0.9751 -0.1726
vn -0.5587 0.4070 -0.7226
vn -0.6144 0.4187 -0.6687
vn -0.1333 0.9722 -0.1924
vn -0.1288 0.9670 -0.2199
vn -0.4362 0.3483 -0.8297
vn -0.4999 0.3836 -0.7765
vn -0.1250 0.9577 -0.2594
vn -0.1205 0.9403 -0.3183
vn -0.2861 0.2431 -0.9268
vn -0.3655 0.3012 -0.8808
vn -0.0012 0.7443 -0.6678
vn 0.1653 0.1610 -0.9730
vn -0.0001 0.0799 -0.9968
vn -0.1699 0.1676 -0.9711
vn 0.0469 -0.9827 -0.1793
vn -0.1024 -0.3251 -0.9401
vn -0.0829 -0.3251 -0.9421
vn -0.0810 -0.9827 -0.1667
vn -0.1467 -0.0000 -0.9892
vn -0.0491 -0.0000 -0.9988
vn 0.0110 -0.9827 -0.1850
vn -0.2839 -0.3251 -0.9021
vn -0.2651 -0.3251 -0.9078
vn -0.1120 -0.9827 -0.1477
vn -0.3369 -0.0000 -0.9416
vn -0.2430 -0.0000 -0.9700
vn -0.0253 -0.9827 -0.1836
vn -0.4544 -0.3251 -0.8294
vn -0.4371 -0.3251 -0.8386
vn -0.1387 -0.9827 -0.1230
vn -0.5141 -0.0000 -0.8577
vn -0.4276 -0.0000 -0.9040
vn -0.0606 -0.9827 -0.1752
vn -0.6075 -0.3251 -0.7248
vn -0.5923 -0.3251 -0.7372
vn -0.1600 -0.9827 -0.0936
vn -0.6715 -0.0000 -0.7410
vn -0.5957 -0.0000 -0.8032
vn -0.0936 -0.9827 -0.1600
vn -0.7372 -0.3251 -0.5923
vn -0.7248 -0.3251 -0.6075
vn -0.1752 -0.9827 -0.0606
vn -0.8032 -0.0000 -0.5957
vn -0.7410 -0.0000 -0.6715
vn -0.1230 -0.9827 -0.1387
vn -0.8386 -0.3251 -0.4371
vn -0.8294 -0.3251 -0.4544
vn -0.1836 -0.9827 -0.0253
vn -0.9040 -0.0000 -0.4276
vn -0.8577 -0.0000 -0.5141
vn -0.1477 -0.9827 -0.1120
vn -0.9078 -0.3251 -0.2651
vn -0.9021 -0.3251 -0.2839
vn -0.1850 -0.9827 0.0110
vn -0.9700 -0.0000 -0.2430
vn -0.9416 -0.0000 -0.3369
vn -0.1667 -0.9827 -0.0810
vn -0.9421 -0.3251 -0.0829
vn -0.9401 -0.3251 -0.1024
vn -0.1793 -0.9827 0.0469
vn -0.9988 -0.0000 -0.0491
vn -0.9892 -0.0000 -0.1467
vn -0.1793 -0.9827 -0.0469
vn -0.9401 -0.3251 0.1024
vn -0.9421 -0.3251 0.0829
vn -0.1667 -0.9827 0.0810
vn -0.9892 -0.0000 0.1467
vn -0.9988 -0.0000 0.0491
vn -0.1850 -0.9827 -0.0110
vn -0.9021 -0.3251 0.2839
vn -0.9078 -0.3251 0.2651
vn -0.1477 -0.9827 0.1120
vn -0.9416 -0.0000 0.3369
vn -0.9700 -0.0000 0.2430
vn -0.1836 -0.9827 0.0253
vn -0.8294 -0.3251 0.4544
vn -0.8386 -0.3251 0.4371
vn -0.1230 -0.9827 0.1387
vn -0.8577 -0.0000 0.5141
vn -0.9040 -0.0000 0.4276
vn -0.1752 -0.9827 0.0606
vn -0.7248 -0.3251 0.6075
vn -0.7372 -0.3251 0.5923
vn -0.0936 -0.9827 0.1600
vn -0.7410 -0.0000 0.6715
vn -0.8032 -0.0000 0.5957
vn -0.1600 -0.9827 0.0936
vn -0.5923 -0.3251 0.7372
vn -0.6075 -0.3251 0.7248
vn -0.0606 -0.9827 0.1752
vn -0.5957 -0.0000 0.8032
vn -0.6715 -0.0000 0.7410
vn -0.1387 -0.9827 0.1230
vn -0.4371 -0.3251 0.8386
vn -0.4544 -0.3251 0.8294
vn -0.0253 -0.9827 0.1836
vn -0.4276 -0.0000 0.9040
vn -0.5141 -0.0000 0.8577
vn -0.1120 -0.9827 0.1477
vn -0.2651 -0.3251 0.9078
vn -0.2839 -0.3251 0.9021
vn 0.0110 -0.9827 0.1850
vn -0.2430 -0.0000 0.9700
vn -0.3369 -0.0000 0.9416
vn -0.0810 -0.9827 0.1667
vn -0.0829 -0.3251 0.9421
vn -0.1024 -0.3251 0.9401
vn 0.0469 -0.9827 0.1793
vn -0.0491 -0.0000 0.9988
vn -0.1467 -0.0000 0.9892
vn -0.0469 -0.9827 0.1793
vn 0.1024 -0.3251 0.9401
vn 0.0829 -0.3251 0.9421
vn 0.0810 -0.9827 0.1667
vn 0.1467 -0.0000 0.9892
vn 0.0491 -0.0000 0.9988
vn -0.0110 -0.9827 0.1850
vn 0.2839 -0.3251 0.9021
vn 0.2651 -0.3251 0.9078
vn 0.1120 -0.9827 0.1477
vn 0.3369 -0.0000 0.9416
vn 0.2430 -0.0000 0.9700
vn 0.0253 -0.9827 0.1836
vn 0.4544 -0.3251 0.8294
vn 0.4371 -0.3251 0.8386
vn 0.1387 -0.9827 0.1230
vn 0.5141 -0.0000 0.8577
vn 0.4276 -0.0000 0.9040
vn 0.0606 -0.9827 0.1752
vn 0.6075 -0.3251 0.7248
vn 0.5923 -0.3251 0.7372
vn 0.1600 -0.9827 0.0936
vn 0.6715 -0.0000 0.7410
vn 0.5957 -0.0000 0.8032
vn 0.0936 -0.9827 0.1600
vn 0.7372 -0.3251 0.5923
vn 0.7248 -0.3251 0.6075
vn 0.1752 -0.9827 0.0606
vn 0.8032 -0.0000 0.5957
vn 0.7410 -0.0000 0.6715
vn 0.1230 -0.9827 0.1387
vn 0.8386 -0.3251 0.4371
vn 0.8294 -0.3251 0.4544
vn 0.1836 -0.9827 0.0253
vn 0.9040 -0.0000 0.4276
vn 0.8577 -0.0000 0.5141
vn 0.1477 -0.9827 0.1120
vn 0.9078 -0.3251 0.2651
vn 0.9021 -0.3251 0.2839
vn 0.1850 -0.9827 -0.0110
vn 0.9700 -0.0000 0.2430
vn 0.9416 -0.0000 0.3369
vn 0.1667 -0.9827 0.0810
vn 0.9421 -0.3251 0.0829
vn 0.9401 -0.3251 0.1024
vn 0.1793 -0.9827 -0.0469
vn 0.9988 -0.0000 0.0491
vn 0.9892 -0.0000 0.1467
vn 0.1793 -0.9827 0.0469
vn 0.9401 -0.3251 -0.1024
vn 0.9421 -0.3251 -0.0829
vn 0.1667 -0.9827 -0.0810
vn 0.9892 -0.0000 -0.1467
vn 0.9988 -0.0000 -0.0491
vn 0.1850 -0.9827 0.0110
vn 0.9021 -0.3251 -0.2839
vn 0.9078 -0.3251 -0.2651
vn 0.1477 -0.9827 -0.1120
vn 0.9416 -0.0000 -0.3369
vn 0.9700 -0.0000 -0.2430
vn 0.1836 -0.9827 -0.0253
vn 0.8294 -0.3251 -0.4544
vn 0.8386 -0.3251 -0.4371
vn 0.1230 -0.9827 -0.1387
vn 0.8577 -0.0000 -0.5141
vn 0.9040 -0.0000 -0.4276
vn 0.1297 -0.9827 -0.1325
vn 0.7025 -0.3298 -0.6306
vn 0.7350 -0.3266 -0.5943
vn 0.0851 -0.9813 -0.1725
vn 0.7597 -0.0109 -0.6502
vn 0.7615 0.0098 -0.6481
vn 0.8066 0.0012 -0.5910
vn 0.8066 -0.0013 -0.5911
vn 0.7468 0.0064 -0.6650
vn 0.7415 0.0009 -0.6710
vn 0.8033 0.0002 -0.5955
vn 0.8044 0.0010 -0.5941
vn 0.7410 -0.0000 -0.6715
vn 0.8032 -0.0000 -0.5957
vn 0.7415 -0.0010 -0.6710
vn 0.7466 -0.0074 -0.6652
vn 0.8044 -0.0012 -0.5941
vn 0.8033 -0.0002 -0.5955
vn 0.7607 -0.0137 -0.6490
vn 0.7607 0.0137 -0.6490
vn 0.8066 0.0016 -0.5911
vn 0.8066 -0.0017 -0.5911
vn 0.1454 -0.9613 -0.2340
vn 0.5184 -0.3983 -0.7567
vn 0.5580 -0.3627 -0.7464
vn -0.0536 -0.9366 -0.3464
vn 0.3169 -0.0267 -0.9481
vn 0.2758 0.0313 -0.9607
vn -0.8128 0.2327 -0.5341
vn -0.2404 -0.1700 -0.9557
vn 0.5941 0.0017 -0.8044
vn 0.5955 0.0002 -0.8033
vn 0.6710 0.0010 -0.7415
vn 0.6670 0.0079 -0.7450
vn 0.5957 -0.0000 -0.8032
vn 0.6715 -0.0000 -0.7410
vn 0.5955 -0.0002 -0.8033
vn 0.5941 -0.0017 -0.8044
vn 0.6666 -0.0085 -0.7454
vn 0.6710 -0.0010 -0.7415
vn 0.4112 0.0811 -0.9079
vn 0.5158 0.0532 -0.8550
vn 0.1402 0.9271 -0.3475
vn -0.4009 0.8373 -0.3718
vn 0.3405 -0.9366 -0.0831
vn 0.4760 -0.3627 -0.8012
vn 0.5008 -0.3983 -0.7685
vn 0.1606 -0.9613 -0.2239
vn 0.5926 0.0532 -0.8038
vn 0.6815 0.0811 -0.7274
vn 0.4969 0.8373 0.2282
vn 0.2673 0.9271 -0.2625
vn 0.4331 0.0079 -0.9013
vn 0.4282 0.0010 -0.9037
vn 0.5143 0.0002 -0.8576
vn 0.5158 0.0017 -0.8567
vn 0.4276 -0.0000 -0.9040
vn 0.5141 -0.0000 -0.8577
vn 0.4282 -0.0010 -0.9037
vn 0.4336 -0.0085 -0.9011
vn 0.5158 -0.0017 -0.8567
vn 0.5143 -0.0002 -0.8576
vn 0.5237 -0.0388 -0.8510
vn 0.4498 -0.0536 -0.8915
vn 0.3536 -0.3010 -0.8856
vn 0.4935 -0.4019 -0.7713
vn 0.1268 -0.9813 -0.1446
vn 0.2678 -0.3266 -0.9064
vn 0.3138 -0.3298 -0.8904
vn 0.0727 -0.9827 -0.1706
vn 0.2374 -0.0013 -0.9714
vn 0.2374 0.0012 -0.9714
vn 0.3073 0.0098 -0.9516
vn 0.3099 -0.0109 -0.9507
vn 0.2410 0.0010 -0.9705
vn 0.2428 0.0002 -0.9701
vn 0.3361 0.0009 -0.9418
vn 0.3286 0.0064 -0.9445
vn 0.2430 -0.0000 -0.9700
vn 0.3369 -0.0000 -0.9416
vn 0.2428 -0.0002 -0.9701
vn 0.2410 -0.0012 -0.9705
vn 0.3289 -0.0074 -0.9443
vn 0.3362 -0.0010 -0.9418
vn 0.2374 -0.0017 -0.9714
vn 0.2374 0.0016 -0.9714
vn 0.3085 0.0137 -0.9511
vn 0.3085 -0.0137 -0.9511
vn 0.0810 -0.9827 -0.1667
vn 0.0829 -0.3251 -0.9421
vn 0.1024 -0.3251 -0.9401
vn -0.0469 -0.9827 -0.1793
vn 0.0491 -0.0000 -0.9988
vn 0.1467 -0.0000 -0.9892
vn 0.0395 0.9982 0.0461
vn 0.3588 0.8726 0.3315
vn 0.3599 0.8845 0.2968
vn 0.0229 0.9977 0.0633
vn -0.8007 -0.2812 -0.5290
vn -0.7979 0.2809 -0.5334
vn -0.7972 0.2815 -0.5340
vn -0.8109 -0.2828 -0.5123
vn 0.1518 -0.9427 -0.2972
vn -0.1395 -0.8109 -0.5682
vn -0.3425 -0.8807 -0.3272
vn 0.0016 -0.9948 -0.1022
vn -0.3832 0.8842 -0.2672
vn -0.0399 0.9984 -0.0412
vn -0.0174 0.9969 -0.0773
vn -0.3652 0.8829 -0.2952
vn 0.7820 0.0313 -0.6225
vn 0.7546 -0.0267 -0.6556
vn 0.9749 -0.1700 -0.1436
vn 0.8045 0.2327 0.5465
vn 0.6724 -0.0825 -0.7355
vn 0.5919 -0.0532 -0.8043
vn 0.2769 -0.9146 -0.2948
vn 0.5912 -0.8039 -0.0648
vn 0.5166 -0.0532 -0.8546
vn 0.4222 -0.0825 -0.9027
vn -0.1664 -0.8039 -0.5710
vn 0.1664 -0.9146 -0.3686
vn 0.5919 0.0530 -0.8043
vn 0.6724 0.0822 -0.7356
vn 0.5917 0.8035 -0.0657
vn 0.2777 0.9139 -0.2961
vn 0.4223 0.0822 -0.9027
vn 0.5166 0.0530 -0.8546
vn 0.1673 0.9139 -0.3699
vn -0.1657 0.8035 -0.5718
vn 0.2949 -0.0379 -0.9548
vn 0.2950 0.0379 -0.9548
vn -0.5964 0.2564 -0.7607
vn -0.5965 -0.2564 -0.7606
vn 0.7692 0.0379 -0.6379
vn 0.7692 -0.0379 -0.6378
vn 0.9309 -0.2564 0.2600
vn 0.9310 0.2564 0.2599
vn 0.6515 -0.0536 -0.7567
vn 0.5858 -0.0388 -0.8095
vn 0.5237 -0.4019 -0.7511
vn 0.6829 -0.3010 -0.6656
vn 0.4403 -0.8793 0.1813
vn 0.1143 -0.9913 -0.0648
vn 0.1655 -0.9766 -0.1374
vn 0.4827 -0.8681 0.1154
vn 0.7650 0.2853 0.5773
vn 0.8010 -0.2829 0.5275
vn 0.8137 -0.2829 0.5079
vn 0.7462 0.2869 0.6007
vn -0.0121 0.9939 0.1100
vn 0.3234 0.8857 0.3332
vn 0.2681 0.8790 0.3944
vn -0.0653 0.9811 0.1821
vn -0.4316 0.8857 -0.1713
vn -0.0970 0.9939 0.0532
vn -0.1432 0.9811 0.1300
vn -0.4670 0.8790 -0.0968
vn 0.7981 0.2809 0.5330
vn 0.7951 -0.2812 0.5373
vn 0.7836 -0.2828 0.5531
vn 0.7985 0.2815 0.5322
vn -0.4436 0.8726 -0.2046
vn -0.0577 0.9982 -0.0188
vn -0.0673 0.9977 0.0031
vn -0.4120 0.8845 -0.2189
vn -0.7247 -0.2665 -0.6354
vn -0.8412 0.2676 -0.4698
vn -0.8153 0.2811 -0.5062
vn -0.7905 -0.2799 -0.5447
vn 0.3830 -0.8848 0.2654
vn 0.0417 -0.9984 0.0371
vn 0.0231 -0.9978 0.0624
vn 0.3622 -0.8859 0.2898
vn 0.7560 0.2676 0.5974
vn 0.8644 -0.2665 0.4264
vn 0.8058 -0.2799 0.5219
vn 0.7797 0.2811 0.5595
vn -0.0503 -0.9984 -0.0243
vn -0.3918 -0.8848 -0.2523
vn -0.4064 -0.8859 -0.2238
vn -0.0665 -0.9978 0.0025
vn 0.0533 0.9984 0.0211
vn 0.3936 0.8842 0.2518
vn 0.4125 0.8829 0.2244
vn 0.0781 0.9969 -0.0135
vn 0.5784 -0.8109 -0.0886
vn 0.2165 -0.9427 -0.2540
vn 0.0938 -0.9948 -0.0406
vn 0.4334 -0.8807 0.1913
vn 0.0161 -0.9913 -0.1304
vn -0.3360 -0.8793 -0.3374
vn -0.2914 -0.8681 -0.4018
vn 0.0636 -0.9766 -0.2055
vn -0.7939 -0.2829 -0.5382
vn -0.8262 0.2853 -0.4858
vn -0.8405 0.2869 -0.4596
vn -0.7806 -0.2829 -0.5574
vn -0.5132 0.8583 0.0003
vn -0.2046 0.9510 0.2318
vn -0.2669 0.9034 0.3356
vn -0.5597 0.8224 0.1017
vn -0.6016 0.7738 0.1985
vn -0.3240 0.8420 0.4313
vn -0.3742 0.7706 0.5159
vn -0.6375 0.7149 0.2873
vn -0.6670 0.6490 0.3659
vn -0.4168 0.6931 0.5881
vn -0.4518 0.6131 0.6480
vn -0.6905 0.5789 0.4336
vn -0.7087 0.5072 0.4904
vn -0.4800 0.5332 0.6966
vn -0.5023 0.4550 0.7353
vn -0.7224 0.4356 0.5370
vn -0.7326 0.3651 0.5744
vn -0.5197 0.3793 0.7655
vn -0.5330 0.3062 0.7888
vn -0.7400 0.2961 0.6039
vn -0.7453 0.2286 0.6263
vn -0.5428 0.2356 0.8061
vn -0.5498 0.1670 0.8184
vn -0.7489 0.1625 0.6425
vn -0.7511 0.0972 0.6530
vn -0.5543 0.0997 0.8264
vn -0.5564 0.0332 0.8302
vn -0.7522 0.0324 0.6582
vn -0.7522 -0.0324 0.6582
vn -0.5564 -0.0332 0.8302
vn -0.5543 -0.0997 0.8264
vn -0.7511 -0.0972 0.6530
vn -0.7489 -0.1625 0.6425
vn -0.5498 -0.1670 0.8184
vn -0.5428 -0.2356 0.8061
vn -0.7453 -0.2286 0.6263
vn -0.7400 -0.2961 0.6039
vn -0.5330 -0.3062 0.7888
vn -0.5197 -0.3793 0.7655
vn -0.7326 -0.3651 0.5744
vn -0.7224 -0.4356 0.5370
vn -0.5024 -0.4550 0.7353
vn -0.4800 -0.5332 0.6966
vn -0.7087 -0.5072 0.4904
vn -0.6905 -0.5789 0.4336
vn -0.4518 -0.6131 0.6480
vn -0.4168 -0.6931 0.5881
vn -0.6670 -0.6490 0.3659
vn -0.6375 -0.7149 0.2873
vn -0.3742 -0.7706 0.5159
vn -0.3240 -0.8420 0.4313
vn -0.6016 -0.7738 0.1985
vn -0.5597 -0.8224 0.1017
vn -0.2669 -0.9034 0.3356
vn -0.2046 -0.9510 0.2318
vn -0.5132 -0.8583 0.0003
vn -0.4670 -0.8790 -0.0968
vn -0.1432 -0.9811 0.1300
vn -0.0970 -0.9939 0.0532
vn -0.4316 -0.8857 -0.1713
vn -0.1359 0.9510 0.2777
vn 0.1962 0.8583 0.4743
vn 0.1202 0.8224 0.5561
vn -0.2079 0.9034 0.3750
vn -0.2745 0.8420 0.4644
vn 0.0468 0.7738 0.6317
vn -0.0215 0.7149 0.6989
vn -0.3334 0.7706 0.5432
vn -0.3839 0.6931 0.6101
vn -0.0828 0.6490 0.7563
vn -0.1363 0.5789 0.8039
vn -0.4258 0.6131 0.6654
vn -0.4599 0.5332 0.7101
vn -0.1818 0.5072 0.8424
vn -0.2196 0.4356 0.8729
vn -0.4871 0.4550 0.7455
vn -0.5084 0.3793 0.7731
vn -0.2504 0.3651 0.8967
vn -0.2747 0.2961 0.9148
vn -0.5248 0.3062 0.7943
vn -0.5370 0.2356 0.8100
vn -0.2934 0.2286 0.9282
vn -0.3070 0.1625 0.9377
vn -0.5457 0.1670 0.8211
vn -0.5513 0.0997 0.8283
vn -0.3158 0.0972 0.9438
vn -0.3202 0.0324 0.9468
vn -0.5541 0.0332 0.8318
vn -0.5541 -0.0332 0.8318
vn -0.3202 -0.0324 0.9468
vn -0.3158 -0.0972 0.9438
vn -0.5513 -0.0997 0.8283
vn -0.5457 -0.1670 0.8211
vn -0.3070 -0.1625 0.9377
vn -0.2934 -0.2286 0.9282
vn -0.5370 -0.2356 0.8100
vn -0.5248 -0.3062 0.7943
vn -0.2747 -0.2961 0.9148
vn -0.2504 -0.3651 0.8967
vn -0.5084 -0.3793 0.7731
vn -0.4871 -0.4550 0.7455
vn -0.2196 -0.4356 0.8729
vn -0.1818 -0.5072 0.8424
vn -0.4599 -0.5332 0.7101
vn -0.4258 -0.6131 0.6654
vn -0.1363 -0.5789 0.8039
vn -0.0828 -0.6490 0.7563
vn -0.3839 -0.6931 0.6101
vn -0.3334 -0.7706 0.5432
vn -0.0215 -0.7149 0.6989
vn 0.0468 -0.7738 0.6317
vn -0.2744 -0.8420 0.4644
vn -0.2079 -0.9034 0.3750
vn 0.1202 -0.8224 0.5561
vn 0.1962 -0.8583 0.4743
vn -0.1359 -0.9510 0.2777
vn -0.0653 -0.9811 0.1821
vn 0.2681 -0.8790 0.3944
vn 0.3234 -0.8857 0.3332
vn -0.0121 -0.9939 0.1100
vn 0.7264 0.2861 0.6249
vn 0.8372 -0.2767 0.4717
vn 0.8622 -0.2646 0.4320
vn 0.7049 0.2823 0.6507
vn 0.6822 0.2755 0.6773
vn 0.8851 -0.2481 0.3939
vn 0.9053 -0.2281 0.3585
vn 0.6589 0.2655 0.7039
vn 0.6353 0.2523 0.7299
vn 0.9225 -0.2056 0.3267
vn 0.9368 -0.1816 0.2992
vn 0.6120 0.2359 0.7549
vn 0.5895 0.2165 0.7782
vn 0.9482 -0.1571 0.2760
vn 0.9572 -0.1327 0.2573
vn 0.5684 0.1944 0.7995
vn 0.5491 0.1698 0.8183
vn 0.9640 -0.1089 0.2426
vn 0.9690 -0.0862 0.2316
vn 0.5321 0.1429 0.8345
vn 0.5178 0.1139 0.8479
vn 0.9725 -0.0648 0.2238
vn 0.9748 -0.0448 0.2186
vn 0.5066 0.0831 0.8582
vn 0.4988 0.0507 0.8652
vn 0.9761 -0.0262 0.2156
vn 0.9767 -0.0085 0.2142
vn 0.4948 0.0171 0.8689
vn 0.4948 -0.0171 0.8689
vn 0.9767 0.0085 0.2142
vn 0.9761 0.0262 0.2156
vn 0.4988 -0.0507 0.8652
vn 0.5066 -0.0831 0.8582
vn 0.9748 0.0448 0.2186
vn 0.9725 0.0648 0.2238
vn 0.5178 -0.1139 0.8479
vn 0.5321 -0.1429 0.8345
vn 0.9690 0.0862 0.2316
vn 0.9640 0.1089 0.2426
vn 0.5491 -0.1698 0.8183
vn 0.5684 -0.1944 0.7995
vn 0.9572 0.1327 0.2573
vn 0.9482 0.1571 0.2760
vn 0.5895 -0.2165 0.7782
vn 0.6120 -0.2359 0.7549
vn 0.9368 0.1816 0.2992
vn 0.9225 0.2056 0.3267
vn 0.6353 -0.2523 0.7299
vn 0.6589 -0.2655 0.7039
vn 0.9053 0.2281 0.3585
vn 0.8851 0.2481 0.3939
vn 0.6822 -0.2755 0.6773
vn 0.7049 -0.2823 0.6507
vn 0.8622 0.2646 0.4320
vn 0.8372 0.2767 0.4717
vn 0.7264 -0.2861 0.6249
vn 0.7462 -0.2869 0.6007
vn 0.8137 0.2829 0.5079
vn 0.8010 0.2829 0.5275
vn 0.7650 -0.2853 0.5773
vn 0.5445 -0.8385 0.0209
vn 0.2374 -0.9415 -0.2393
vn 0.3103 -0.8865 -0.3433
vn 0.6062 -0.7915 -0.0775
vn 0.6598 -0.7323 -0.1682
vn 0.3753 -0.8176 -0.4367
vn 0.4306 -0.7398 -0.5169
vn 0.7044 -0.6650 -0.2484
vn 0.7399 -0.5933 -0.3169
vn 0.4761 -0.6579 -0.5835
vn 0.5124 -0.5755 -0.6373
vn 0.7675 -0.5207 -0.3739
vn 0.7884 -0.4492 -0.4202
vn 0.5409 -0.4953 -0.6798
vn 0.5628 -0.4184 -0.7128
vn 0.8040 -0.3802 -0.4571
vn 0.8155 -0.3144 -0.4859
vn 0.5795 -0.3455 -0.7381
vn 0.5919 -0.2765 -0.7571
vn 0.8238 -0.2517 -0.5080
vn 0.8296 -0.1921 -0.5243
vn 0.6009 -0.2110 -0.7710
vn 0.6071 -0.1484 -0.7806
vn 0.8335 -0.1351 -0.5357
vn 0.8359 -0.0801 -0.5430
vn 0.6110 -0.0881 -0.7867
vn 0.6129 -0.0292 -0.7896
vn 0.8371 -0.0265 -0.5465
vn 0.8371 0.0265 -0.5465
vn 0.6129 0.0292 -0.7896
vn 0.6110 0.0881 -0.7867
vn 0.8359 0.0801 -0.5430
vn 0.8335 0.1351 -0.5357
vn 0.6071 0.1484 -0.7806
vn 0.6009 0.2110 -0.7710
vn 0.8296 0.1921 -0.5243
vn 0.8238 0.2517 -0.5080
vn 0.5919 0.2765 -0.7571
vn 0.5795 0.3455 -0.7381
vn 0.8155 0.3144 -0.4859
vn 0.8040 0.3802 -0.4571
vn 0.5628 0.4184 -0.7128
vn 0.5409 0.4953 -0.6798
vn 0.7884 0.4492 -0.4202
vn 0.7675 0.5207 -0.3739
vn 0.5124 0.5756 -0.6373
vn 0.4761 0.6579 -0.5836
vn 0.7399 0.5933 -0.3169
vn 0.7044 0.6650 -0.2484
vn 0.4306 0.7398 -0.5169
vn 0.3753 0.8176 -0.4367
vn 0.6598 0.7323 -0.1682
vn 0.6062 0.7915 -0.0775
vn 0.3103 0.8865 -0.3433
vn 0.2374 0.9415 -0.2393
vn 0.5445 0.8385 0.0209
vn 0.4828 0.8681 0.1154
vn 0.1655 0.9766 -0.1374
vn 0.1143 0.9913 -0.0648
vn 0.4403 0.8793 0.1813
vn 0.1302 -0.9415 -0.3109
vn -0.2276 -0.8385 -0.4950
vn -0.1604 -0.7915 -0.5897
vn 0.1984 -0.8865 -0.4181
vn 0.2598 -0.8176 -0.5138
vn -0.0971 -0.7323 -0.6740
vn -0.0401 -0.6650 -0.7458
vn 0.3128 -0.7398 -0.5956
vn 0.3569 -0.6579 -0.6631
vn 0.0097 -0.5933 -0.8049
vn 0.0518 -0.5207 -0.8522
vn 0.3927 -0.5755 -0.7173
vn 0.4211 -0.4953 -0.7599
vn 0.0865 -0.4492 -0.8892
vn 0.1146 -0.3802 -0.9178
vn 0.4432 -0.4184 -0.7928
vn 0.4602 -0.3455 -0.8178
vn 0.1369 -0.3144 -0.9394
vn 0.1541 -0.2517 -0.9555
vn 0.4730 -0.2765 -0.8366
vn 0.4823 -0.2110 -0.8502
vn 0.1669 -0.1921 -0.9671
vn 0.1760 -0.1351 -0.9751
vn 0.4889 -0.1484 -0.8596
vn 0.4930 -0.0881 -0.8656
vn 0.1817 -0.0801 -0.9801
vn 0.1845 -0.0265 -0.9825
vn 0.4950 -0.0292 -0.8684
vn 0.4950 0.0292 -0.8684
vn 0.1845 0.0265 -0.9825
vn 0.1817 0.0801 -0.9801
vn 0.4930 0.0881 -0.8656
vn 0.4889 0.1484 -0.8596
vn 0.1760 0.1351 -0.9751
vn 0.1669 0.1921 -0.9671
vn 0.4823 0.2110 -0.8502
vn 0.4730 0.2765 -0.8366
vn 0.1541 0.2517 -0.9554
vn 0.1369 0.3144 -0.9394
vn 0.4602 0.3455 -0.8178
vn 0.4432 0.4184 -0.7928
vn 0.1146 0.3802 -0.9178
vn 0.0865 0.4492 -0.8892
vn 0.4211 0.4953 -0.7599
vn 0.3927 0.5756 -0.7173
vn 0.0518 0.5207 -0.8522
vn 0.0097 0.5933 -0.8049
vn 0.3569 0.6579 -0.6631
vn 0.3128 0.7398 -0.5956
vn -0.0401 0.6650 -0.7458
vn -0.0971 0.7323 -0.6740
vn 0.2598 0.8176 -0.5138
vn 0.1984 0.8865 -0.4181
vn -0.1604 0.7915 -0.5897
vn -0.2276 0.8385 -0.4950
vn 0.1302 0.9415 -0.3109
vn 0.0636 0.9766 -0.2055
vn -0.2914 0.8681 -0.4018
vn -0.3360 0.8793 -0.3374
vn 0.0161 0.9913 -0.1304
vn -0.7562 -0.2767 -0.5930
vn -0.8553 0.2861 -0.4320
vn -0.8709 0.2823 -0.4022
vn -0.7291 -0.2646 -0.6312
vn -0.7026 -0.2481 -0.6670
vn -0.8868 0.2755 -0.3711
vn -0.9024 0.2655 -0.3393
vn -0.6776 -0.2281 -0.6992
vn -0.6549 -0.2056 -0.7272
vn -0.9175 0.2523 -0.3076
vn -0.9316 0.2359 -0.2765
vn -0.6349 -0.1816 -0.7510
vn -0.6179 -0.1571 -0.7704
vn -0.9446 0.2165 -0.2468
vn -0.9561 0.1944 -0.2192
vn -0.6040 -0.1327 -0.7859
vn -0.5930 -0.1089 -0.7978
vn -0.9662 0.1698 -0.1941
vn -0.9746 0.1429 -0.1722
vn -0.5848 -0.0862 -0.8066
vn -0.5789 -0.0648 -0.8128
vn -0.9815 0.1139 -0.1539
vn -0.9867 0.0831 -0.1396
vn -0.5750 -0.0448 -0.8169
vn -0.5727 -0.0262 -0.8193
vn -0.9903 0.0507 -0.1297
vn -0.9921 0.0171 -0.1246
vn -0.5717 -0.0085 -0.8204
vn -0.5717 0.0085 -0.8204
vn -0.9921 -0.0171 -0.1246
vn -0.9903 -0.0507 -0.1297
vn -0.5727 0.0262 -0.8193
vn -0.5750 0.0448 -0.8169
vn -0.9867 -0.0831 -0.1396
vn -0.9815 -0.1139 -0.1539
vn -0.5789 0.0648 -0.8128
vn -0.5848 0.0862 -0.8066
vn -0.9746 -0.1429 -0.1722
vn -0.9662 -0.1698 -0.1941
vn -0.5930 0.1089 -0.7978
vn -0.6040 0.1327 -0.7859
vn -0.9561 -0.1944 -0.2192
vn -0.9446 -0.2165 -0.2468
vn -0.6179 0.1571 -0.7704
vn -0.6349 0.1816 -0.7510
vn -0.9316 -0.2359 -0.2765
vn -0.9175 -0.2523 -0.3076
vn -0.6549 0.2056 -0.7272
vn -0.6776 0.2281 -0.6992
vn -0.9024 -0.2655 -0.3393
vn -0.8868 -0.2755 -0.3711
vn -0.7026 0.2481 -0.6670
vn -0.7291 0.2646 -0.6312
vn -0.8709 -0.2823 -0.4022
vn -0.8553 -0.2861 -0.4320
vn -0.7562 0.2767 -0.5930
vn -0.7806 0.2829 -0.5574
vn -0.8405 -0.2869 -0.4596
vn -0.8262 -0.2853 -0.4858
vn -0.7939 0.2829 -0.5382
vn -0.3699 0.5018 -0.7819
vn -0.4447 0.5018 -0.7420
vn -0.5140 0.0168 -0.8576
vn -0.4275 0.0168 -0.9038
vn -0.1269 0.5018 0.8557
vn -0.0425 0.5018 0.8640
vn -0.0491 0.0168 0.9987
vn -0.1467 0.0168 0.9890
vn 0.6410 0.5018 0.5809
vn 0.6948 0.5018 0.5153
vn 0.8031 0.0168 0.5956
vn 0.7409 0.0168 0.6714
vn -0.2102 0.5018 -0.8391
vn -0.2914 0.5018 -0.8145
vn -0.3368 0.0168 -0.9414
vn -0.2430 0.0168 -0.9699
vn -0.2914 0.5018 0.8145
vn -0.2102 0.5018 0.8391
vn -0.2430 0.0168 0.9699
vn -0.3368 0.0168 0.9414
vn 0.5153 0.5018 0.6948
vn 0.5809 0.5018 0.6410
vn 0.6714 0.0168 0.7409
vn 0.5956 0.0168 0.8031
vn -0.0425 0.5018 -0.8640
vn -0.1269 0.5018 -0.8557
vn -0.1467 0.0168 -0.9890
vn -0.0491 0.0168 -0.9987
vn -0.4447 0.5018 0.7420
vn -0.3699 0.5018 0.7819
vn -0.4275 0.0168 0.9038
vn -0.5140 0.0168 0.8576
vn 0.3699 0.5018 0.7819
vn 0.4447 0.5018 0.7420
vn 0.5140 0.0168 0.8576
vn 0.4275 0.0168 0.9038
vn 0.1269 0.5018 -0.8556
vn 0.0425 0.5018 -0.8640
vn 0.0491 0.0168 -0.9987
vn 0.1467 0.0168 -0.9890
vn -0.5809 0.5018 0.6410
vn -0.5153 0.5018 0.6948
vn -0.5956 0.0168 0.8031
vn -0.6714 0.0168 0.7409
vn 0.2102 0.5018 0.8391
vn 0.2914 0.5018 0.8145
vn 0.3368 0.0168 0.9414
vn 0.2430 0.0168 0.9699
vn 0.2914 0.5018 -0.8145
vn 0.2102 0.5018 -0.8391
vn 0.2430 0.0168 -0.9699
vn 0.3368 0.0168 -0.9414
vn -0.6948 0.5018 0.5153
vn -0.6410 0.5018 0.5809
vn -0.7409 0.0168 0.6714
vn -0.8031 0.0168 0.5956
vn 0.0425 0.5018 0.8640
vn 0.1269 0.5018 0.8557
vn 0.1467 0.0168 0.9890
vn 0.0491 0.0168 0.9987
vn 0.4447 0.5018 -0.7420
vn 0.3699 0.5018 -0.7819
vn 0.4275 0.0168 -0.9038
vn 0.5140 0.0168 -0.8576
vn -0.7819 0.5018 0.3699
vn -0.7420 0.5018 0.4447
vn -0.8576 0.0168 0.5140
vn -0.9038 0.0168 0.4275
vn 0.5809 0.5018 -0.6410
vn 0.5153 0.5018 -0.6948
vn 0.5956 0.0168 -0.8031
vn 0.6714 0.0168 -0.7409
vn -0.8391 0.5018 0.2102
vn -0.8145 0.5018 0.2914
vn -0.9414 0.0168 0.3368
vn -0.9699 0.0168 0.2430
vn 0.6948 0.5018 -0.5153
vn 0.6410 0.5018 -0.5809
vn 0.7409 0.0168 -0.6714
vn 0.8031 0.0168 -0.5956
vn -0.8640 0.5018 0.0425
vn -0.8557 0.5018 0.1269
vn -0.9890 0.0168 0.1467
vn -0.9987 0.0168 0.0491
vn 0.7819 0.5018 -0.3699
vn 0.7420 0.5018 -0.4447
vn 0.8576 0.0168 -0.5140
vn 0.9038 0.0168 -0.4275
vn -0.8557 0.5018 -0.1269
vn -0.8640 0.5018 -0.0425
vn -0.9987 0.0168 -0.0491
vn -0.9890 0.0168 -0.1467
vn 0.8391 0.5018 -0.2102
vn 0.8145 0.5018 -0.2914
vn 0.9414 0.0168 -0.3368
vn 0.9699 0.0168 -0.2430
vn -0.8145 0.5018 -0.2914
vn -0.8391 0.5018 -0.2102
vn -0.9699 0.0168 -0.2430
vn -0.9414 0.0168 -0.3368
vn 0.8640 0.5018 -0.0425
vn 0.8557 0.5018 -0.1269
vn 0.9890 0.0168 -0.1467
vn 0.9987 0.0168 -0.0491
vn -0.7420 0.5018 -0.4447
vn -0.7819 0.5018 -0.3699
vn -0.9038 0.0168 -0.4275
vn -0.8576 0.0168 -0.5140
vn 0.8556 0.5018 0.1269
vn 0.8640 0.5018 0.0425
vn 0.9987 0.0168 0.0491
vn 0.9890 0.0168 0.1467
vn -0.6410 0.5018 -0.5809
vn -0.6948 0.5018 -0.5153
vn -0.8031 0.0168 -0.5956
vn -0.7409 0.0168 -0.6714
vn 0.8145 0.5018 0.2914
vn 0.8391 0.5018 0.2102
vn 0.9699 0.0168 0.2430
vn 0.9414 0.0168 0.3368
vn -0.5153 0.5018 -0.6948
vn -0.5809 0.5018 -0.6410
vn -0.6714 0.0168 -0.7409
vn -0.5956 0.0168 -0.8031
vn 0.7420 0.5018 0.4447
vn 0.7819 0.5018 0.3699
vn 0.9038 0.0168 0.4275
vn 0.8576 0.0168 0.5140
vt 1.000000 0.937197
vt 1.000000 0.968598
vt 0.984375 0.968604
vt 0.984375 0.937243
vt 1.000000 1.000000
vt 0.984375 1.000000
vt 0.968750 1.000000
vt 0.968750 0.968605
vt 0.968750 0.937247
vt 0.953125 0.968604
vt 0.953234 0.937246
vt 0.953125 1.000000
vt 0.937500 1.000000
vt 0.937500 0.968820
vt 0.937500 0.937233
vt 0.921875 0.969689
vt 0.921767 0.946577
vt 0.921875 1.000000
vt 0.906250 1.000000
vt 0.906250 0.969907
vt 0.906250 0.947664
vt 0.890625 0.969689
vt 0.890734 0.946578
vt 0.890625 1.000000
vt 0.875000 1.000000
vt 0.875000 0.968820
vt 0.875000 0.937233
vt 0.859375 0.968604
vt 0.859267 0.937246
vt 0.859375 1.000000
vt 0.843750 1.000000
vt 0.843750 0.968605
vt 0.843750 0.937247
vt 0.828125 0.968605
vt 0.828125 0.937247
vt 0.828125 1.000000
vt 0.812500 1.000000
vt 0.812500 0.968605
vt 0.812500 0.937247
vt 0.796875 0.968605
vt 0.796875 0.937247
vt 0.796875 1.000000
vt 0.781250 1.000000
vt 0.781250 0.968605
vt 0.781250 0.937247
vt 0.765625 0.968605
vt 0.765625 0.937247
vt 0.765625 1.000000
vt 0.750000 1.000000
vt 0.750000 0.968605
vt 0.750000 0.937247
vt 0.734375 0.968605
vt 0.734375 0.937247
vt 0.734375 1.000000
vt 0.718750 1.000000
vt 0.718750 0.968605
vt 0.718750 0.937247
vt 0.703125 0.968605
vt 0.703125 0.937247
vt 0.703125 1.000000
vt 0.687500 1.000000
vt 0.687500 0.968605
vt 0.687500 0.937247
vt 0.671875 0.968605
vt 0.671875 0.937247
vt 0.671875 1.000000
vt 0.656250 1.000000
vt 0.656250 0.968605
vt 0.656250 0.937247
vt 0.640625 0.968605
vt 0.640625 0.937247
vt 0.640625 1.000000
vt 0.625000 1.000000
vt 0.625000 0.968605
vt 0.625000 0.937247
vt 0.609375 0.968605
vt 0.609375 0.937247
vt 0.609375 1.000000
vt 0.593750 1.000000
vt 0.593750 0.968605
vt 0.593750 0.937247
vt 0.578125 0.968605
vt 0.578125 0.937247
vt 0.578125 1.000000
vt 0.562500 1.000000
vt 0.562500 0.968605
vt 0.562500 0.937247
vt 0.546875 0.968605
vt 0.546875 0.937247
vt 0.546875 1.000000
vt 0.531250 1.000000
vt 0.531250 0.968605
vt 0.531250 0.937247
vt 0.515625 0.968605
vt 0.515625 0.937247
vt 0.515625 1.000000
vt 0.500000 1.000000
vt 0.500000 0.968605
vt 0.500000 0.937247
vt 0.484375 0.968605
vt 0.484375 0.937247
vt 0.484375 1.000000
vt 0.468750 1.000000
vt 0.468750 0.968605
vt 0.468750 0.937247
vt 0.453125 0.968605
vt 0.453125 0.937247
vt 0.453125 1.000000
vt 0.437500 1.000000
vt 0.437500 0.968605
vt 0.437500 0.937247
vt 0.421875 0.968605
vt 0.421875 0.937247
vt 0.421875 1.000000
vt 0.406250 1.000000
vt 0.406250 0.968605
vt 0.406250 0.937247
vt 0.390625 0.968605
vt 0.390625 0.937247
vt 0.390625 1.000000
vt 0.375000 1.000000
vt 0.375000 0.968605
vt 0.375000 0.937247
vt 0.359375 0.968605
vt 0.359375 0.937247
vt 0.359375 1.000000
vt 0.343750 1.000000
vt 0.343750 0.968605
vt 0.343750 0.937247
vt 0.328125 0.968605
vt 0.328125 0.937247
vt 0.328125 1.000000
vt 0.312500 1.000000
vt 0.312500 0.968605
vt 0.312500 0.937247
vt 0.296875 0.968605
vt 0.296875 0.937247
vt 0.296875 1.000000
vt 0.281250 1.000000
vt 0.281250 0.968605
vt 0.281250 0.937247
vt 0.265625 0.968605
vt 0.265625 0.937247
vt 0.265625 1.000000
vt 0.250000 1.000000
vt 0.250000 0.968605
vt 0.250000 0.937247
vt 0.234375 0.968605
vt 0.234375 0.937247
vt 0.234375 1.000000
vt 0.218750 1.000000
vt 0.218750 0.968605
vt 0.218750 0.937247
vt 0.203125 0.968605
vt 0.203125 0.937247
vt 0.203125 1.000000
vt 0.187500 1.000000
vt 0.187500 0.968605
vt 0.187500 0.937247
vt 0.171875 0.968605
vt 0.171875 0.937247
vt 0.171875 1.000000
vt 0.156250 1.000000
vt 0.156250 0.968605
vt 0.156250 0.937247
vt 0.140625 0.968605
vt 0.140625 0.937247
vt 0.140625 1.000000
vt 0.125000 1.000000
vt 0.125000 0.968605
vt 0.125000 0.937247
vt 0.109375 0.968605
vt 0.109375 0.937247
vt 0.109375 1.000000
vt 0.093750 1.000000
vt 0.093750 0.968605
vt 0.093750 0.937247
vt 0.078125 0.968605
vt 0.078125 0.937247
vt 0.078125 1.000000
vt 0.062500 1.000000
vt 0.062500 0.968605
vt 0.062500 0.937247
vt 0.046875 0.968605
vt 0.046875 0.937247
vt 0.046875 1.000000
vt 0.031250 1.000000
vt 0.031250 0.968605
vt 0.031250 0.937247
vt 0.015625 0.968604
vt 0.015625 0.937243
vt 0.015625 1.000000
vt 0.000000 1.000000
vt 0.000000 0.968598
vt 0.000000 0.937197
vt 0.750000 0.490000
vt 0.773411 0.487694
vt 0.750000 0.250000
vt 0.726589 0.487694
vt 0.796822 0.485389
vt 0.819333 0.478560
vt 0.773411 0.487694
vt 0.841844 0.471731
vt 0.862591 0.460642
vt 0.883337 0.449553
vt 0.901521 0.434629
vt 0.919706 0.419706
vt 0.934629 0.401521
vt 0.949553 0.383337
vt 0.960642 0.362590
vt 0.934629 0.401521
vt 0.971731 0.341844
vt 0.978560 0.319333
vt 0.960642 0.362590
vt 0.985389 0.296822
vt 0.987694 0.273411
vt 0.978560 0.319333
vt 0.990000 0.250000
vt 0.987694 0.226589
vt 0.985389 0.203178
vt 0.978560 0.180667
vt 0.971731 0.158156
vt 0.960642 0.137410
vt 0.978560 0.180667
vt 0.949553 0.116663
vt 0.934629 0.098479
vt 0.960642 0.137410
vt 0.919706 0.080294
vt 0.901521 0.065371
vt 0.883337 0.050447
vt 0.862591 0.039358
vt 0.841844 0.028269
vt 0.819333 0.021440
vt 0.796822 0.014612
vt 0.773411 0.012306
vt 0.750000 0.010000
vt 0.726589 0.012306
vt 0.773411 0.012306
vt 0.703178 0.014612
vt 0.680667 0.021440
vt 0.726589 0.012306
vt 0.658156 0.028269
vt 0.637410 0.039358
vt 0.616663 0.050447
vt 0.598479 0.065371
vt 0.580294 0.080294
vt 0.565371 0.098479
vt 0.598479 0.065371
vt 0.550447 0.116663
vt 0.539358 0.137410
vt 0.528269 0.158156
vt 0.521440 0.180667
vt 0.539358 0.137410
vt 0.514612 0.203178
vt 0.512306 0.226589
vt 0.521440 0.180667
vt 0.510000 0.250000
vt 0.512306 0.273411
vt 0.514612 0.296822
vt 0.521440 0.319333
vt 0.528269 0.341844
vt 0.539358 0.362590
vt 0.521440 0.319333
vt 0.550447 0.383337
vt 0.565371 0.401521
vt 0.539358 0.362590
vt 0.580294 0.419706
vt 0.598479 0.434629
vt 0.565371 0.401521
vt 0.616663 0.449553
vt 0.637410 0.460642
vt 0.598479 0.434629
vt 0.658156 0.471731
vt 0.680667 0.478560
vt 0.703178 0.485389
vt 0.726589 0.487694
vt 0.250000 0.466906
vt 0.271261 0.465861
vt 0.272165 0.475042
vt 0.250000 0.476196
vt 0.292316 0.462739
vt 0.294129 0.471850
vt 0.296822 0.485388
vt 0.273411 0.487694
vt 0.250000 0.490000
vt 0.312964 0.457566
vt 0.315642 0.466394
vt 0.333006 0.450395
vt 0.336561 0.458978
vt 0.341844 0.471731
vt 0.319333 0.478560
vt 0.352128 0.441113
vt 0.356563 0.449378
vt 0.368873 0.427906
vt 0.375474 0.437801
vt 0.383337 0.449553
vt 0.362590 0.460642
vt 0.385085 0.414601
vt 0.393150 0.424429
vt 0.401296 0.401296
vt 0.409644 0.409644
vt 0.419706 0.419706
vt 0.401521 0.434629
vt 0.414601 0.385085
vt 0.424429 0.393150
vt 0.427906 0.368873
vt 0.437722 0.375432
vt 0.449553 0.383337
vt 0.434629 0.401521
vt 0.437792 0.350377
vt 0.449004 0.356370
vt 0.447678 0.331881
vt 0.458585 0.336399
vt 0.471731 0.341844
vt 0.460642 0.362590
vt 0.453766 0.311812
vt 0.465932 0.315502
vt 0.459854 0.291743
vt 0.471523 0.294055
vt 0.485388 0.296822
vt 0.478560 0.319333
vt 0.465648 0.271218
vt 0.474982 0.272153
vt 0.466906 0.250000
vt 0.476196 0.250000
vt 0.490000 0.250000
vt 0.487694 0.273411
vt 0.465861 0.228740
vt 0.475042 0.227835
vt 0.462738 0.207684
vt 0.471850 0.205871
vt 0.485388 0.203178
vt 0.487694 0.226589
vt 0.457566 0.187036
vt 0.466394 0.184358
vt 0.450395 0.166994
vt 0.458978 0.163439
vt 0.471731 0.158156
vt 0.478560 0.180667
vt 0.441113 0.147872
vt 0.449378 0.143437
vt 0.427906 0.131127
vt 0.437801 0.124526
vt 0.449553 0.116663
vt 0.460642 0.137410
vt 0.414601 0.114916
vt 0.424429 0.106850
vt 0.401296 0.098704
vt 0.409644 0.090356
vt 0.419706 0.080294
vt 0.434629 0.098479
vt 0.385085 0.085399
vt 0.393150 0.075571
vt 0.368873 0.072094
vt 0.375474 0.062199
vt 0.383337 0.050447
vt 0.401521 0.065371
vt 0.352128 0.058887
vt 0.356563 0.050622
vt 0.333007 0.049605
vt 0.336561 0.041022
vt 0.341844 0.028269
vt 0.362590 0.039358
vt 0.312964 0.042435
vt 0.315642 0.033607
vt 0.292316 0.037262
vt 0.294129 0.028150
vt 0.296822 0.014612
vt 0.319333 0.021440
vt 0.271260 0.034139
vt 0.272165 0.024958
vt 0.250000 0.033094
vt 0.250000 0.023804
vt 0.250000 0.010000
vt 0.273411 0.012306
vt 0.228782 0.034352
vt 0.227847 0.025019
vt 0.208258 0.040146
vt 0.205945 0.028477
vt 0.203178 0.014612
vt 0.226589 0.012306
vt 0.188188 0.046234
vt 0.184498 0.034068
vt 0.168119 0.052322
vt 0.163601 0.041415
vt 0.158156 0.028269
vt 0.180667 0.021440
vt 0.149623 0.062208
vt 0.143630 0.050996
vt 0.131127 0.072094
vt 0.124511 0.062209
vt 0.116663 0.050447
vt 0.137410 0.039358
vt 0.112517 0.082510
vt 0.106578 0.075250
vt 0.096624 0.096624
vt 0.090055 0.090055
vt 0.080294 0.080294
vt 0.098479 0.065371
vt 0.082330 0.112397
vt 0.075199 0.106544
vt 0.069649 0.129493
vt 0.061925 0.124332
vt 0.050447 0.116663
vt 0.065371 0.098479
vt 0.058707 0.147752
vt 0.050571 0.143403
vt 0.049605 0.166994
vt 0.041022 0.163439
vt 0.028269 0.158156
vt 0.039358 0.137410
vt 0.042648 0.187078
vt 0.033667 0.184370
vt 0.040146 0.208257
vt 0.028481 0.205928
vt 0.014612 0.203178
vt 0.021440 0.180667
vt 0.038090 0.229129
vt 0.025438 0.227883
vt 0.036035 0.250000
vt 0.024139 0.250009
vt 0.010000 0.250000
vt 0.012306 0.226589
vt 0.034356 0.271261
vt 0.025020 0.272165
vt 0.037262 0.292316
vt 0.028150 0.294129
vt 0.014612 0.296822
vt 0.012306 0.273411
vt 0.042435 0.312964
vt 0.033607 0.315642
vt 0.049605 0.333006
vt 0.041022 0.336561
vt 0.028269 0.341844
vt 0.021440 0.319333
vt 0.058707 0.352249
vt 0.050571 0.356597
vt 0.069649 0.370507
vt 0.061925 0.375668
vt 0.050447 0.383337
vt 0.039358 0.362590
vt 0.082483 0.387450
vt 0.075242 0.393412
vt 0.098704 0.401296
vt 0.090286 0.409701
vt 0.080294 0.419706
vt 0.065371 0.401521
vt 0.114916 0.414601
vt 0.106850 0.424429
vt 0.131127 0.427906
vt 0.124526 0.437801
vt 0.116663 0.449553
vt 0.098479 0.434629
vt 0.147955 0.440912
vt 0.143460 0.449322
vt 0.168119 0.447678
vt 0.163559 0.458665
vt 0.158156 0.471731
vt 0.137410 0.460642
vt 0.188188 0.453766
vt 0.184498 0.465932
vt 0.208258 0.459854
vt 0.205945 0.471523
vt 0.203178 0.485388
vt 0.180667 0.478560
vt 0.228782 0.465648
vt 0.227847 0.474982
vt 0.226589 0.487694
vt 0.072094 0.368873
vt 0.062208 0.350377
vt 0.062208 0.350377
vt 0.052322 0.331881
vt 0.052322 0.331881
vt 0.052322 0.331881
vt 0.062208 0.350377
vt 0.368111 0.073234
vt 0.384868 0.085663
vt 0.383899 0.086618
vt 0.367151 0.074165
vt 0.400327 0.099673
vt 0.399360 0.100640
vt 0.392588 0.107413
vt 0.377118 0.093306
vt 0.360424 0.080682
vt 0.052322 0.331881
vt 0.046428 0.311768
vt 0.047005 0.311034
vt 0.041490 0.291475
vt 0.042083 0.290596
vt 0.046231 0.284443
vt 0.051808 0.305195
vt 0.052322 0.331881
vt 0.400327 0.099673
vt 0.414456 0.115053
vt 0.413406 0.116085
vt 0.425930 0.132786
vt 0.419318 0.139576
vt 0.406694 0.122882
vt 0.392588 0.107413
vt 0.038430 0.270838
vt 0.038821 0.270112
vt 0.037405 0.250000
vt 0.037702 0.250000
vt 0.039230 0.250000
vt 0.041480 0.264596
vt 0.437792 0.149623
vt 0.436650 0.150702
vt 0.447678 0.168119
vt 0.445686 0.169523
vt 0.439756 0.176029
vt 0.430359 0.157344
vt 0.038290 0.229134
vt 0.038552 0.229709
vt 0.040146 0.208258
vt 0.040146 0.208258
vt 0.040934 0.234792
vt 0.453766 0.188188
vt 0.452752 0.189169
vt 0.459854 0.208257
vt 0.458029 0.209382
vt 0.453769 0.215557
vt 0.447502 0.195476
vt 0.040146 0.208258
vt 0.046234 0.188188
vt 0.046339 0.188232
vt 0.052322 0.168119
vt 0.053377 0.168556
vt 0.052322 0.168119
vt 0.040146 0.208258
vt 0.461910 0.229129
vt 0.461235 0.229882
vt 0.463965 0.250000
vt 0.462412 0.250000
vt 0.460771 0.250000
vt 0.458520 0.235404
vt 0.062208 0.149623
vt 0.062314 0.149667
vt 0.072094 0.131127
vt 0.062208 0.149623
vt 0.461910 0.270871
vt 0.461235 0.270118
vt 0.459854 0.291743
vt 0.458029 0.290618
vt 0.453769 0.284443
vt 0.458520 0.264596
vt 0.072094 0.131127
vt 0.085544 0.115053
vt 0.086320 0.115845
vt 0.099673 0.099673
vt 0.100640 0.100640
vt 0.107413 0.107413
vt 0.092565 0.122162
vt 0.453766 0.311812
vt 0.452752 0.310831
vt 0.447678 0.331881
vt 0.445686 0.330477
vt 0.439756 0.323971
vt 0.447502 0.304524
vt 0.099673 0.099673
vt 0.115132 0.085663
vt 0.116101 0.086618
vt 0.100640 0.100640
vt 0.131889 0.073234
vt 0.132850 0.074165
vt 0.139576 0.080682
vt 0.122882 0.093306
vt 0.107413 0.107413
vt 0.437792 0.350377
vt 0.436650 0.349298
vt 0.425930 0.367214
vt 0.419318 0.360424
vt 0.430359 0.342656
vt 0.149784 0.062509
vt 0.150729 0.063400
vt 0.168644 0.053588
vt 0.169567 0.054420
vt 0.176029 0.060244
vt 0.157344 0.069641
vt 0.250000 0.463965
vt 0.229134 0.461853
vt 0.229883 0.461235
vt 0.250000 0.462413
vt 0.208258 0.459854
vt 0.209382 0.458029
vt 0.215557 0.453769
vt 0.235404 0.458520
vt 0.250000 0.460771
vt 0.414456 0.384948
vt 0.413406 0.383915
vt 0.400327 0.400327
vt 0.399360 0.399360
vt 0.392587 0.392587
vt 0.406694 0.377118
vt 0.188287 0.046560
vt 0.189186 0.047302
vt 0.208525 0.041490
vt 0.209404 0.042083
vt 0.215557 0.046231
vt 0.195476 0.052498
vt 0.188188 0.453766
vt 0.189169 0.452752
vt 0.168119 0.447678
vt 0.169523 0.445686
vt 0.176029 0.439756
vt 0.195476 0.447502
vt 0.384948 0.414456
vt 0.383915 0.413406
vt 0.367214 0.425930
vt 0.360424 0.419318
vt 0.377118 0.406694
vt 0.208525 0.041490
vt 0.229162 0.038430
vt 0.229888 0.038821
vt 0.209404 0.042083
vt 0.250000 0.037405
vt 0.250000 0.037702
vt 0.250000 0.039230
vt 0.235404 0.041480
vt 0.215557 0.046231
vt 0.149729 0.437623
vt 0.150718 0.436626
vt 0.131889 0.426766
vt 0.132850 0.425835
vt 0.139576 0.419318
vt 0.157344 0.430359
vt 0.350377 0.437792
vt 0.349298 0.436650
vt 0.331881 0.447678
vt 0.330477 0.445686
vt 0.323971 0.439756
vt 0.342656 0.430359
vt 0.270866 0.038290
vt 0.270292 0.038552
vt 0.291743 0.040146
vt 0.291743 0.040146
vt 0.265208 0.040934
vt 0.131889 0.426766
vt 0.115132 0.414338
vt 0.116101 0.413382
vt 0.132850 0.425835
vt 0.099673 0.400327
vt 0.100640 0.399360
vt 0.107413 0.392588
vt 0.122882 0.406694
vt 0.311812 0.453766
vt 0.310831 0.452752
vt 0.291743 0.459854
vt 0.290619 0.458029
vt 0.284443 0.453769
vt 0.304524 0.447502
vt 0.311812 0.046234
vt 0.311812 0.046234
vt 0.331881 0.052322
vt 0.331881 0.052322
vt 0.331881 0.052322
vt 0.291743 0.040146
vt 0.099673 0.400327
vt 0.085544 0.384948
vt 0.086320 0.384155
vt 0.100640 0.399360
vt 0.072094 0.368873
vt 0.092565 0.377839
vt 0.107413 0.392588
vt 0.270871 0.461910
vt 0.270118 0.461235
vt 0.264596 0.458520
vt 0.331881 0.052322
vt 0.350271 0.062377
vt 0.349491 0.063103
vt 0.368111 0.073234
vt 0.367151 0.074165
vt 0.343326 0.068952
vt 0.331881 0.052322
vt 0.250000 0.452284
vt 0.264596 0.458520
vt 0.230411 0.443846
vt 0.250000 0.431272
vt 0.269590 0.443846
vt 0.215557 0.453769
vt 0.195476 0.447502
vt 0.210635 0.435102
vt 0.230411 0.443846
vt 0.176029 0.439756
vt 0.191581 0.425846
vt 0.211814 0.408356
vt 0.230481 0.419550
vt 0.250000 0.431272
vt 0.157344 0.430359
vt 0.173245 0.415441
vt 0.155727 0.403724
vt 0.176541 0.383940
vt 0.193825 0.396597
vt 0.139153 0.390675
vt 0.123647 0.376354
vt 0.144407 0.355593
vt 0.160038 0.370269
vt 0.109146 0.361024
vt 0.123647 0.376353
vt 0.095410 0.345136
vt 0.116060 0.323460
vt 0.129732 0.339962
vt 0.144407 0.355593
vt 0.083618 0.327727
vt 0.073342 0.309236
vt 0.091645 0.288187
vt 0.103403 0.306175
vt 0.064733 0.289530
vt 0.056154 0.269590
vt 0.068729 0.250000
vt 0.080451 0.269520
vt 0.047587 0.249848
vt 0.055511 0.229654
vt 0.269590 0.443846
vt 0.289365 0.435102
vt 0.304524 0.447502
vt 0.269520 0.419550
vt 0.288187 0.408356
vt 0.308419 0.425846
vt 0.323971 0.439756
vt 0.250000 0.405398
vt 0.231487 0.392384
vt 0.250000 0.377821
vt 0.268513 0.392384
vt 0.213648 0.379254
vt 0.196427 0.365582
vt 0.214910 0.348806
vt 0.232176 0.363444
vt 0.179847 0.351189
vt 0.163959 0.336042
vt 0.181960 0.318040
vt 0.198167 0.333692
vt 0.129732 0.339962
vt 0.148811 0.320153
vt 0.116060 0.323460
vt 0.134418 0.303573
vt 0.151194 0.285090
vt 0.166308 0.301833
vt 0.103403 0.306175
vt 0.120746 0.286352
vt 0.091645 0.288187
vt 0.107616 0.268513
vt 0.122179 0.250000
vt 0.136556 0.267824
vt 0.080451 0.269520
vt 0.094603 0.250000
vt 0.068729 0.250000
vt 0.080451 0.230481
vt 0.091645 0.211814
vt 0.107616 0.231487
vt 0.064102 0.209720
vt 0.080450 0.230481
vt 0.073216 0.190614
vt 0.091645 0.211814
vt 0.326755 0.415440
vt 0.342656 0.430359
vt 0.306175 0.396597
vt 0.323459 0.383940
vt 0.344273 0.403724
vt 0.360424 0.419318
vt 0.286352 0.379254
vt 0.267824 0.363444
vt 0.285090 0.348806
vt 0.303573 0.365582
vt 0.250000 0.348026
vt 0.232682 0.332559
vt 0.250000 0.316422
vt 0.267318 0.332559
vt 0.215784 0.316815
vt 0.199288 0.300712
vt 0.216295 0.283705
vt 0.233007 0.300166
vt 0.183186 0.284216
vt 0.167441 0.267318
vt 0.183579 0.250000
vt 0.199834 0.266993
vt 0.151974 0.250000
vt 0.136556 0.232176
vt 0.151194 0.214910
vt 0.167441 0.232682
vt 0.120746 0.213648
vt 0.103403 0.193825
vt 0.116060 0.176541
vt 0.134418 0.196427
vt 0.083618 0.172273
vt 0.103403 0.193825
vt 0.095410 0.154864
vt 0.116060 0.176541
vt 0.360847 0.390675
vt 0.377118 0.406694
vt 0.339962 0.370269
vt 0.355593 0.355593
vt 0.376353 0.376353
vt 0.392587 0.392587
vt 0.320153 0.351189
vt 0.301833 0.333692
vt 0.318040 0.318040
vt 0.336042 0.336041
vt 0.284216 0.316814
vt 0.266993 0.300166
vt 0.283705 0.283705
vt 0.300712 0.300712
vt 0.250000 0.283532
vt 0.233172 0.266828
vt 0.250000 0.250000
vt 0.266828 0.266828
vt 0.216468 0.250000
vt 0.199834 0.233007
vt 0.216295 0.216295
vt 0.233172 0.233172
vt 0.183186 0.215784
vt 0.166308 0.198167
vt 0.181960 0.181960
vt 0.199288 0.199288
vt 0.148811 0.179847
vt 0.129732 0.160038
vt 0.144407 0.144407
vt 0.163959 0.163959
vt 0.109146 0.138976
vt 0.092566 0.122162
vt 0.123647 0.123647
vt 0.144407 0.144407
vt 0.390675 0.360847
vt 0.406694 0.377118
vt 0.370269 0.339962
vt 0.383940 0.323460
vt 0.403724 0.344273
vt 0.419318 0.360424
vt 0.351189 0.320153
vt 0.333692 0.301833
vt 0.348806 0.285090
vt 0.365582 0.303573
vt 0.316814 0.284216
vt 0.300166 0.266993
vt 0.316422 0.250000
vt 0.332559 0.267318
vt 0.283532 0.250000
vt 0.266828 0.233172
vt 0.283705 0.216295
vt 0.300166 0.233007
vt 0.250000 0.216468
vt 0.233007 0.199834
vt 0.250000 0.183579
vt 0.266993 0.199834
vt 0.215784 0.183186
vt 0.198167 0.166308
vt 0.214910 0.151194
vt 0.232682 0.167441
vt 0.179847 0.148811
vt 0.160038 0.129732
vt 0.176541 0.116060
vt 0.196427 0.134418
vt 0.123647 0.123647
vt 0.139153 0.109325
vt 0.107413 0.107413
vt 0.122882 0.093306
vt 0.139576 0.080682
vt 0.155727 0.096276
vt 0.415440 0.326755
vt 0.430359 0.342656
vt 0.396597 0.306175
vt 0.408355 0.288187
vt 0.425846 0.308419
vt 0.439756 0.323971
vt 0.379254 0.286352
vt 0.363444 0.267824
vt 0.377821 0.250000
vt 0.392384 0.268513
vt 0.348026 0.250000
vt 0.332559 0.232682
vt 0.348806 0.214910
vt 0.363444 0.232176
vt 0.316814 0.215784
vt 0.300712 0.199288
vt 0.318040 0.181960
vt 0.333692 0.198167
vt 0.284216 0.183186
vt 0.267318 0.167441
vt 0.285090 0.151194
vt 0.301833 0.166308
vt 0.250000 0.151974
vt 0.232176 0.136556
vt 0.250000 0.122179
vt 0.267824 0.136556
vt 0.213648 0.120746
vt 0.193825 0.103403
vt 0.211814 0.091645
vt 0.231487 0.107616
vt 0.173245 0.084560
vt 0.157344 0.069641
vt 0.191581 0.074154
vt 0.435102 0.289365
vt 0.447502 0.304524
vt 0.419550 0.269520
vt 0.431271 0.250000
vt 0.443846 0.269590
vt 0.453769 0.284443
vt 0.405398 0.250000
vt 0.392384 0.231487
vt 0.408355 0.211814
vt 0.419550 0.230481
vt 0.379254 0.213648
vt 0.365582 0.196427
vt 0.383940 0.176541
vt 0.396597 0.193825
vt 0.351189 0.179847
vt 0.336042 0.163959
vt 0.355593 0.144407
vt 0.370269 0.160038
vt 0.320153 0.148811
vt 0.303573 0.134418
vt 0.323460 0.116060
vt 0.339962 0.129732
vt 0.286352 0.120746
vt 0.268513 0.107616
vt 0.288187 0.091645
vt 0.306175 0.103403
vt 0.250000 0.094603
vt 0.230481 0.080451
vt 0.250000 0.068729
vt 0.269520 0.080450
vt 0.210635 0.064898
vt 0.195476 0.052498
vt 0.215557 0.046231
vt 0.230410 0.056154
vt 0.453769 0.284443
vt 0.443846 0.269590
vt 0.452283 0.250000
vt 0.458520 0.264596
vt 0.431271 0.250000
vt 0.443846 0.230410
vt 0.453769 0.215557
vt 0.435102 0.210635
vt 0.443846 0.230410
vt 0.425846 0.191581
vt 0.439756 0.176029
vt 0.447502 0.195476
vt 0.453769 0.215557
vt 0.415440 0.173245
vt 0.403724 0.155727
vt 0.419318 0.139576
vt 0.430359 0.157344
vt 0.390675 0.139153
vt 0.376353 0.123647
vt 0.392587 0.107413
vt 0.406694 0.122882
vt 0.360847 0.109325
vt 0.344273 0.096276
vt 0.377118 0.093306
vt 0.323460 0.116060
vt 0.306175 0.103403
vt 0.326920 0.084394
vt 0.344273 0.096276
vt 0.288187 0.091645
vt 0.309228 0.073366
vt 0.343326 0.068952
vt 0.360424 0.080682
vt 0.269520 0.080450
vt 0.290280 0.064102
vt 0.250000 0.068729
vt 0.270346 0.055511
vt 0.311812 0.046234
vt 0.230410 0.056154
vt 0.250152 0.047587
vt 0.215557 0.046231
vt 0.235404 0.041480
vt 0.031250 0.500000
vt 0.031250 0.531105
vt 0.015625 0.531104
vt 0.015625 0.500000
vt 0.031250 0.562247
vt 0.015625 0.562243
vt 0.000000 0.562197
vt 0.000000 0.531098
vt 0.000000 0.500000
vt 0.031250 0.593453
vt 0.015625 0.593452
vt 0.031250 0.624697
vt 0.015625 0.624697
vt 0.000000 0.624697
vt 0.000000 0.593447
vt 0.031250 0.655947
vt 0.015625 0.655947
vt 0.031250 0.687197
vt 0.015625 0.687197
vt 0.000000 0.687197
vt 0.000000 0.655947
vt 0.031250 0.718447
vt 0.015625 0.718447
vt 0.031250 0.749697
vt 0.015625 0.749697
vt 0.000000 0.749697
vt 0.000000 0.718447
vt 0.031250 0.780947
vt 0.015625 0.780947
vt 0.031250 0.812197
vt 0.015625 0.812197
vt 0.000000 0.812197
vt 0.000000 0.780947
vt 0.031250 0.843447
vt 0.015625 0.843447
vt 0.031250 0.874697
vt 0.015625 0.874697
vt 0.000000 0.874697
vt 0.000000 0.843447
vt 0.031250 0.905953
vt 0.015625 0.905952
vt 0.000000 0.905947
vt 0.062500 0.500000
vt 0.062500 0.531105
vt 0.046875 0.531105
vt 0.046875 0.500000
vt 0.062500 0.562247
vt 0.046875 0.562247
vt 0.062500 0.593453
vt 0.046875 0.593453
vt 0.046875 0.562247
vt 0.062500 0.624697
vt 0.046875 0.624697
vt 0.031250 0.624697
vt 0.062500 0.655947
vt 0.046875 0.655947
vt 0.062500 0.687197
vt 0.046875 0.687197
vt 0.031250 0.687197
vt 0.062500 0.718447
vt 0.046875 0.718447
vt 0.062500 0.749697
vt 0.046875 0.749697
vt 0.031250 0.718447
vt 0.062500 0.780947
vt 0.046875 0.780947
vt 0.062500 0.812197
vt 0.046875 0.812197
vt 0.031250 0.812197
vt 0.062500 0.843447
vt 0.046875 0.843447
vt 0.062500 0.874697
vt 0.046875 0.874697
vt 0.031250 0.874697
vt 0.031250 0.843447
vt 0.062500 0.905953
vt 0.046875 0.905953
vt 0.031250 0.905953
vt 0.093750 0.500000
vt 0.093750 0.531105
vt 0.078125 0.531105
vt 0.078125 0.500000
vt 0.093750 0.562247
vt 0.078125 0.562247
vt 0.093750 0.562247
vt 0.093750 0.593453
vt 0.078125 0.593453
vt 0.078125 0.562247
vt 0.093750 0.624697
vt 0.078125 0.624697
vt 0.093750 0.655947
vt 0.078125 0.655947
vt 0.093750 0.687197
vt 0.078125 0.687197
vt 0.093750 0.718447
vt 0.078125 0.718447
vt 0.093750 0.749697
vt 0.078125 0.749697
vt 0.093750 0.780947
vt 0.078125 0.780947
vt 0.093750 0.812197
vt 0.078125 0.812197
vt 0.093750 0.843447
vt 0.078125 0.843447
vt 0.093750 0.874697
vt 0.078125 0.874697
vt 0.093750 0.905953
vt 0.078125 0.905953
vt 0.093750 0.937247
vt 0.125000 0.500000
vt 0.125000 0.531105
vt 0.109375 0.531105
vt 0.109375 0.500000
vt 0.125000 0.562247
vt 0.109375 0.562247
vt 0.125000 0.562247
vt 0.125000 0.593453
vt 0.109375 0.593453
vt 0.109375 0.562247
vt 0.125000 0.624697
vt 0.109375 0.624697
vt 0.125000 0.655947
vt 0.109375 0.655947
vt 0.125000 0.687197
vt 0.109375 0.687197
vt 0.125000 0.718447
vt 0.109375 0.718447
vt 0.125000 0.749697
vt 0.109375 0.749697
vt 0.125000 0.780947
vt 0.109375 0.780947
vt 0.125000 0.812197
vt 0.109375 0.812197
vt 0.125000 0.843447
vt 0.109375 0.843447
vt 0.125000 0.874697
vt 0.109375 0.874697
vt 0.125000 0.905953
vt 0.109375 0.905953
vt 0.125000 0.937247
vt 0.109375 0.937247
vt 0.156250 0.500000
vt 0.156250 0.531105
vt 0.140625 0.531105
vt 0.140625 0.500000
vt 0.156250 0.562247
vt 0.140625 0.562247
vt 0.156250 0.562247
vt 0.156250 0.593453
vt 0.140625 0.593453
vt 0.140625 0.562247
vt 0.156250 0.624697
vt 0.140625 0.624697
vt 0.156250 0.655947
vt 0.140625 0.655947
vt 0.156250 0.687197
vt 0.140625 0.687197
vt 0.156250 0.718447
vt 0.140625 0.718447
vt 0.156250 0.749697
vt 0.140625 0.749697
vt 0.156250 0.780947
vt 0.140625 0.780947
vt 0.156250 0.812197
vt 0.140625 0.812197
vt 0.156250 0.843447
vt 0.140625 0.843447
vt 0.156250 0.874697
vt 0.140625 0.874697
vt 0.156250 0.905953
vt 0.140625 0.905953
vt 0.156250 0.937247
vt 0.140625 0.937247
vt 0.187500 0.500000
vt 0.187500 0.531105
vt 0.171875 0.531105
vt 0.171875 0.500000
vt 0.187500 0.562247
vt 0.171875 0.562247
vt 0.187500 0.593453
vt 0.171875 0.593453
vt 0.171875 0.562247
vt 0.187500 0.624697
vt 0.171875 0.624697
vt 0.187500 0.655947
vt 0.171875 0.655947
vt 0.187500 0.687197
vt 0.171875 0.687197
vt 0.187500 0.718447
vt 0.171875 0.718447
vt 0.187500 0.749697
vt 0.171875 0.749697
vt 0.187500 0.780947
vt 0.171875 0.780947
vt 0.187500 0.812197
vt 0.171875 0.812197
vt 0.187500 0.843447
vt 0.171875 0.843447
vt 0.187500 0.874697
vt 0.171875 0.874697
vt 0.187500 0.905953
vt 0.171875 0.905953
vt 0.171875 0.937247
vt 0.218750 0.500000
vt 0.218750 0.531105
vt 0.203125 0.531105
vt 0.203125 0.500000
vt 0.218750 0.562247
vt 0.203125 0.562247
vt 0.218750 0.562247
vt 0.218750 0.593453
vt 0.203125 0.593453
vt 0.203125 0.562247
vt 0.218750 0.624697
vt 0.203125 0.624697
vt 0.218750 0.655947
vt 0.203125 0.655947
vt 0.218750 0.687197
vt 0.203125 0.687197
vt 0.218750 0.718447
vt 0.203125 0.718447
vt 0.218750 0.749697
vt 0.203125 0.749697
vt 0.218750 0.780947
vt 0.203125 0.780947
vt 0.218750 0.812197
vt 0.203125 0.812197
vt 0.218750 0.843447
vt 0.203125 0.843447
vt 0.218750 0.874697
vt 0.203125 0.874697
vt 0.218750 0.905953
vt 0.203125 0.905953
vt 0.218750 0.937247
vt 0.203125 0.937247
vt 0.250000 0.500000
vt 0.250000 0.531105
vt 0.234375 0.531105
vt 0.234375 0.500000
vt 0.250000 0.562247
vt 0.234375 0.562247
vt 0.250000 0.562247
vt 0.250000 0.593453
vt 0.234375 0.593453
vt 0.234375 0.562247
vt 0.250000 0.624697
vt 0.234375 0.624697
vt 0.250000 0.655947
vt 0.234375 0.655947
vt 0.250000 0.687197
vt 0.234375 0.687197
vt 0.250000 0.718447
vt 0.234375 0.718447
vt 0.250000 0.749697
vt 0.234375 0.749697
vt 0.250000 0.780947
vt 0.234375 0.780947
vt 0.250000 0.812197
vt 0.234375 0.812197
vt 0.250000 0.843447
vt 0.234375 0.843447
vt 0.250000 0.874697
vt 0.234375 0.874697
vt 0.250000 0.905953
vt 0.234375 0.905953
vt 0.250000 0.937247
vt 0.281250 0.500000
vt 0.281250 0.531105
vt 0.265625 0.531105
vt 0.265625 0.500000
vt 0.281250 0.562247
vt 0.265625 0.562247
vt 0.281250 0.562247
vt 0.281250 0.593453
vt 0.265625 0.593453
vt 0.265625 0.562247
vt 0.281250 0.624697
vt 0.265625 0.624697
vt 0.281250 0.655947
vt 0.265625 0.655947
vt 0.281250 0.687197
vt 0.265625 0.687197
vt 0.281250 0.718447
vt 0.265625 0.718447
vt 0.281250 0.749697
vt 0.265625 0.749697
vt 0.281250 0.780947
vt 0.265625 0.780947
vt 0.281250 0.812197
vt 0.265625 0.812197
vt 0.281250 0.843447
vt 0.265625 0.843447
vt 0.281250 0.874697
vt 0.265625 0.874697
vt 0.281250 0.905953
vt 0.265625 0.905953
vt 0.281250 0.937247
vt 0.265625 0.937247
vt 0.312500 0.500000
vt 0.312500 0.531105
vt 0.296875 0.531105
vt 0.296875 0.500000
vt 0.312500 0.562247
vt 0.296875 0.562247
vt 0.312500 0.562247
vt 0.312500 0.593453
vt 0.296875 0.593453
vt 0.296875 0.562247
vt 0.312500 0.624697
vt 0.296875 0.624697
vt 0.312500 0.655947
vt 0.296875 0.655947
vt 0.312500 0.687197
vt 0.296875 0.687197
vt 0.312500 0.718447
vt 0.296875 0.718447
vt 0.312500 0.749697
vt 0.296875 0.749697
vt 0.312500 0.780947
vt 0.296875 0.780947
vt 0.312500 0.812197
vt 0.296875 0.812197
vt 0.312500 0.843447
vt 0.296875 0.843447
vt 0.312500 0.874697
vt 0.296875 0.874697
vt 0.312500 0.905953
vt 0.296875 0.905953
vt 0.312500 0.937247
vt 0.343750 0.500000
vt 0.343750 0.531105
vt 0.328125 0.531105
vt 0.328125 0.500000
vt 0.343750 0.562247
vt 0.328125 0.562247
vt 0.343750 0.562247
vt 0.343750 0.593453
vt 0.328125 0.593453
vt 0.328125 0.562247
vt 0.343750 0.624697
vt 0.328125 0.624697
vt 0.343750 0.655947
vt 0.328125 0.655947
vt 0.343750 0.687197
vt 0.328125 0.687197
vt 0.343750 0.718447
vt 0.328125 0.718447
vt 0.343750 0.749697
vt 0.328125 0.749697
vt 0.343750 0.780947
vt 0.328125 0.780947
vt 0.343750 0.812197
vt 0.328125 0.812197
vt 0.343750 0.843447
vt 0.328125 0.843447
vt 0.343750 0.874697
vt 0.328125 0.874697
vt 0.343750 0.905953
vt 0.328125 0.905953
vt 0.343750 0.937247
vt 0.328125 0.937247
vt 0.375000 0.500000
vt 0.375000 0.531105
vt 0.359375 0.531105
vt 0.359375 0.500000
vt 0.375000 0.562247
vt 0.359375 0.562247
vt 0.375000 0.593453
vt 0.359375 0.593453
vt 0.359375 0.562247
vt 0.375000 0.624697
vt 0.359375 0.624697
vt 0.375000 0.655947
vt 0.359375 0.655947
vt 0.375000 0.687197
vt 0.359375 0.687197
vt 0.375000 0.718447
vt 0.359375 0.718447
vt 0.375000 0.749697
vt 0.359375 0.749697
vt 0.375000 0.780947
vt 0.359375 0.780947
vt 0.375000 0.812197
vt 0.359375 0.812197
vt 0.375000 0.843447
vt 0.359375 0.843447
vt 0.375000 0.874697
vt 0.359375 0.874697
vt 0.375000 0.905953
vt 0.359375 0.905953
vt 0.375000 0.937247
vt 0.359375 0.937247
vt 0.406250 0.500000
vt 0.406250 0.531105
vt 0.390625 0.531105
vt 0.390625 0.500000
vt 0.406250 0.562247
vt 0.390625 0.562247
vt 0.406250 0.562247
vt 0.406250 0.593453
vt 0.390625 0.593453
vt 0.390625 0.562247
vt 0.406250 0.624697
vt 0.390625 0.624697
vt 0.406250 0.655947
vt 0.390625 0.655947
vt 0.406250 0.687197
vt 0.390625 0.687197
vt 0.406250 0.718447
vt 0.390625 0.718447
vt 0.406250 0.749697
vt 0.390625 0.749697
vt 0.406250 0.780947
vt 0.390625 0.780947
vt 0.406250 0.812197
vt 0.390625 0.812197
vt 0.406250 0.843447
vt 0.390625 0.843447
vt 0.406250 0.874697
vt 0.390625 0.874697
vt 0.406250 0.905953
vt 0.390625 0.905953
vt 0.406250 0.937247
vt 0.390625 0.937247
vt 0.437500 0.500000
vt 0.437500 0.531105
vt 0.421875 0.531105
vt 0.421875 0.500000
vt 0.437500 0.562247
vt 0.421875 0.562247
vt 0.437500 0.562247
vt 0.437500 0.593453
vt 0.421875 0.593453
vt 0.421875 0.562247
vt 0.437500 0.624697
vt 0.421875 0.624697
vt 0.437500 0.655947
vt 0.421875 0.655947
vt 0.437500 0.687197
vt 0.421875 0.687197
vt 0.437500 0.718447
vt 0.421875 0.718447
vt 0.437500 0.749697
vt 0.421875 0.749697
vt 0.437500 0.780947
vt 0.421875 0.780947
vt 0.437500 0.812197
vt 0.421875 0.812197
vt 0.437500 0.843447
vt 0.421875 0.843447
vt 0.437500 0.874697
vt 0.421875 0.874697
vt 0.437500 0.905953
vt 0.421875 0.905953
vt 0.437500 0.937247
vt 0.421875 0.937247
vt 0.468750 0.500000
vt 0.468750 0.531105
vt 0.453125 0.531105
vt 0.453125 0.500000
vt 0.468750 0.562247
vt 0.453125 0.562247
vt 0.468750 0.593453
vt 0.453125 0.593453
vt 0.453125 0.562247
vt 0.468750 0.624697
vt 0.453125 0.624697
vt 0.468750 0.655947
vt 0.453125 0.655947
vt 0.468750 0.687197
vt 0.453125 0.687197
vt 0.468750 0.718447
vt 0.453125 0.718447
vt 0.468750 0.749697
vt 0.453125 0.749697
vt 0.468750 0.780947
vt 0.453125 0.780947
vt 0.468750 0.812197
vt 0.453125 0.812197
vt 0.468750 0.843447
vt 0.453125 0.843447
vt 0.468750 0.874697
vt 0.453125 0.874697
vt 0.468750 0.905953
vt 0.453125 0.905953
vt 0.453125 0.937247
vt 0.500000 0.500000
vt 0.500000 0.531105
vt 0.484375 0.531105
vt 0.484375 0.500000
vt 0.500000 0.562247
vt 0.484375 0.562247
vt 0.500000 0.593453
vt 0.484375 0.593453
vt 0.484375 0.562247
vt 0.500000 0.624697
vt 0.484375 0.624697
vt 0.500000 0.655947
vt 0.484375 0.655947
vt 0.500000 0.687197
vt 0.484375 0.687197
vt 0.500000 0.718447
vt 0.484375 0.718447
vt 0.500000 0.749697
vt 0.484375 0.749697
vt 0.500000 0.780947
vt 0.484375 0.780947
vt 0.500000 0.812197
vt 0.484375 0.812197
vt 0.500000 0.843447
vt 0.484375 0.843447
vt 0.500000 0.874697
vt 0.484375 0.874697
vt 0.500000 0.905953
vt 0.484375 0.905953
vt 0.484375 0.937247
vt 0.531250 0.500000
vt 0.531250 0.531105
vt 0.515625 0.531105
vt 0.515625 0.500000
vt 0.531250 0.562247
vt 0.515625 0.562247
vt 0.531250 0.593453
vt 0.515625 0.593453
vt 0.515625 0.562247
vt 0.531250 0.624697
vt 0.515625 0.624697
vt 0.531250 0.655947
vt 0.515625 0.655947
vt 0.531250 0.687197
vt 0.515625 0.687197
vt 0.531250 0.718447
vt 0.515625 0.718447
vt 0.531250 0.749697
vt 0.515625 0.749697
vt 0.531250 0.780947
vt 0.515625 0.780947
vt 0.531250 0.812197
vt 0.515625 0.812197
vt 0.531250 0.843447
vt 0.515625 0.843447
vt 0.531250 0.874697
vt 0.515625 0.874697
vt 0.531250 0.905953
vt 0.515625 0.905953
vt 0.515625 0.937247
vt 0.562500 0.500000
vt 0.562500 0.531105
vt 0.546875 0.531105
vt 0.546875 0.500000
vt 0.562500 0.562247
vt 0.546875 0.562247
vt 0.562500 0.593453
vt 0.546875 0.593453
vt 0.546875 0.562247
vt 0.562500 0.624697
vt 0.546875 0.624697
vt 0.562500 0.655947
vt 0.546875 0.655947
vt 0.562500 0.687197
vt 0.546875 0.687197
vt 0.562500 0.718447
vt 0.546875 0.718447
vt 0.562500 0.749697
vt 0.546875 0.749697
vt 0.562500 0.780947
vt 0.546875 0.780947
vt 0.562500 0.812197
vt 0.546875 0.812197
vt 0.562500 0.843447
vt 0.546875 0.843447
vt 0.562500 0.874697
vt 0.546875 0.874697
vt 0.562500 0.905953
vt 0.546875 0.905953
vt 0.593750 0.500000
vt 0.593750 0.531105
vt 0.578125 0.531105
vt 0.578125 0.500000
vt 0.593750 0.562247
vt 0.578125 0.562247
vt 0.593750 0.562247
vt 0.593750 0.593453
vt 0.578125 0.593453
vt 0.578125 0.562247
vt 0.593750 0.624697
vt 0.578125 0.624697
vt 0.593750 0.655947
vt 0.578125 0.655947
vt 0.593750 0.687197
vt 0.578125 0.687197
vt 0.593750 0.718447
vt 0.578125 0.718447
vt 0.593750 0.749697
vt 0.578125 0.749697
vt 0.593750 0.780947
vt 0.578125 0.780947
vt 0.593750 0.812197
vt 0.578125 0.812197
vt 0.593750 0.843447
vt 0.578125 0.843447
vt 0.593750 0.874697
vt 0.578125 0.874697
vt 0.593750 0.905953
vt 0.578125 0.905953
vt 0.593750 0.937247
vt 0.578125 0.937247
vt 0.625000 0.500000
vt 0.625000 0.531105
vt 0.609375 0.531105
vt 0.609375 0.500000
vt 0.625000 0.562247
vt 0.609375 0.562247
vt 0.625000 0.562247
vt 0.625000 0.593453
vt 0.609375 0.593453
vt 0.609375 0.562247
vt 0.625000 0.624697
vt 0.609375 0.624697
vt 0.625000 0.655947
vt 0.609375 0.655947
vt 0.625000 0.687197
vt 0.609375 0.687197
vt 0.625000 0.718447
vt 0.609375 0.718447
vt 0.625000 0.749697
vt 0.609375 0.749697
vt 0.625000 0.780947
vt 0.609375 0.780947
vt 0.625000 0.812197
vt 0.609375 0.812197
vt 0.625000 0.843447
vt 0.609375 0.843447
vt 0.625000 0.874697
vt 0.609375 0.874697
vt 0.625000 0.905953
vt 0.609375 0.905953
vt 0.625000 0.937247
vt 0.656250 0.500000
vt 0.656250 0.531105
vt 0.640625 0.531105
vt 0.640625 0.500000
vt 0.656250 0.562247
vt 0.640625 0.562247
vt 0.656250 0.593453
vt 0.640625 0.593453
vt 0.640625 0.562247
vt 0.656250 0.624697
vt 0.640625 0.624697
vt 0.656250 0.655947
vt 0.640625 0.655947
vt 0.656250 0.687197
vt 0.640625 0.687197
vt 0.656250 0.718447
vt 0.640625 0.718447
vt 0.656250 0.749697
vt 0.640625 0.749697
vt 0.656250 0.780947
vt 0.640625 0.780947
vt 0.656250 0.812197
vt 0.640625 0.812197
vt 0.656250 0.843447
vt 0.640625 0.843447
vt 0.656250 0.874697
vt 0.640625 0.874697
vt 0.656250 0.905953
vt 0.640625 0.905953
vt 0.656250 0.937247
vt 0.640625 0.937247
vt 0.687500 0.500000
vt 0.687500 0.531105
vt 0.671875 0.531105
vt 0.671875 0.500000
vt 0.687500 0.562247
vt 0.671875 0.562247
vt 0.687500 0.562247
vt 0.687500 0.593453
vt 0.671875 0.593453
vt 0.671875 0.562247
vt 0.687500 0.624697
vt 0.671875 0.624697
vt 0.687500 0.655947
vt 0.671875 0.655947
vt 0.687500 0.687197
vt 0.671875 0.687197
vt 0.687500 0.718447
vt 0.671875 0.718447
vt 0.687500 0.749697
vt 0.671875 0.749697
vt 0.687500 0.780947
vt 0.671875 0.780947
vt 0.687500 0.812197
vt 0.671875 0.812197
vt 0.687500 0.843447
vt 0.671875 0.843447
vt 0.687500 0.874697
vt 0.671875 0.874697
vt 0.687500 0.905953
vt 0.671875 0.905953
vt 0.687500 0.937247
vt 0.718750 0.500000
vt 0.718750 0.531105
vt 0.703125 0.531105
vt 0.703125 0.500000
vt 0.718750 0.562247
vt 0.703125 0.562247
vt 0.718750 0.562247
vt 0.718750 0.593453
vt 0.703125 0.593453
vt 0.703125 0.562247
vt 0.718750 0.624697
vt 0.703125 0.624697
vt 0.718750 0.655947
vt 0.703125 0.655947
vt 0.718750 0.687197
vt 0.703125 0.687197
vt 0.718750 0.718447
vt 0.703125 0.718447
vt 0.718750 0.749697
vt 0.703125 0.749697
vt 0.718750 0.780947
vt 0.703125 0.780947
vt 0.718750 0.812197
vt 0.703125 0.812197
vt 0.718750 0.843447
vt 0.703125 0.843447
vt 0.718750 0.874697
vt 0.703125 0.874697
vt 0.718750 0.905953
vt 0.703125 0.905953
vt 0.718750 0.937247
vt 0.703125 0.937247
vt 0.750000 0.500000
vt 0.750000 0.531105
vt 0.734375 0.531105
vt 0.734375 0.500000
vt 0.750000 0.562247
vt 0.734375 0.562247
vt 0.750000 0.562247
vt 0.750000 0.593453
vt 0.734375 0.593453
vt 0.734375 0.562247
vt 0.750000 0.624697
vt 0.734375 0.624697
vt 0.750000 0.655947
vt 0.734375 0.655947
vt 0.750000 0.687197
vt 0.734375 0.687197
vt 0.750000 0.718447
vt 0.734375 0.718447
vt 0.750000 0.749697
vt 0.734375 0.749697
vt 0.750000 0.780947
vt 0.734375 0.780947
vt 0.750000 0.812197
vt 0.734375 0.812197
vt 0.750000 0.843447
vt 0.734375 0.843447
vt 0.750000 0.874697
vt 0.734375 0.874697
vt 0.750000 0.905953
vt 0.734375 0.905953
vt 0.750000 0.937247
vt 0.781250 0.500000
vt 0.781250 0.531105
vt 0.765625 0.531105
vt 0.765625 0.500000
vt 0.781250 0.562247
vt 0.765625 0.562247
vt 0.781250 0.593453
vt 0.765625 0.593453
vt 0.765625 0.562247
vt 0.781250 0.624697
vt 0.765625 0.624697
vt 0.781250 0.655947
vt 0.765625 0.655947
vt 0.781250 0.687197
vt 0.765625 0.687197
vt 0.781250 0.718447
vt 0.765625 0.718447
vt 0.781250 0.749697
vt 0.765625 0.749697
vt 0.781250 0.780947
vt 0.765625 0.780947
vt 0.781250 0.812197
vt 0.765625 0.812197
vt 0.781250 0.843447
vt 0.765625 0.843447
vt 0.781250 0.874697
vt 0.765625 0.874697
vt 0.781250 0.905953
vt 0.765625 0.905953
vt 0.765625 0.937247
vt 0.812500 0.500000
vt 0.812500 0.531105
vt 0.796875 0.531105
vt 0.796875 0.500000
vt 0.812500 0.562247
vt 0.796875 0.562247
vt 0.812500 0.593453
vt 0.796875 0.593453
vt 0.796875 0.562247
vt 0.812500 0.624697
vt 0.796875 0.624697
vt 0.812500 0.655947
vt 0.796875 0.655947
vt 0.812500 0.687197
vt 0.796875 0.687197
vt 0.812500 0.718447
vt 0.796875 0.718447
vt 0.812500 0.749697
vt 0.796875 0.749697
vt 0.812500 0.780947
vt 0.796875 0.780947
vt 0.812500 0.812197
vt 0.796875 0.812197
vt 0.812500 0.843447
vt 0.796875 0.843447
vt 0.812500 0.874697
vt 0.796875 0.874697
vt 0.812500 0.905953
vt 0.796875 0.905953
vt 0.796875 0.937247
vt 0.843750 0.500000
vt 0.843750 0.531105
vt 0.828125 0.531105
vt 0.828125 0.500000
vt 0.843750 0.562247
vt 0.828125 0.562247
vt 0.843750 0.562247
vt 0.843750 0.593453
vt 0.828125 0.593453
vt 0.828125 0.562247
vt 0.843750 0.624697
vt 0.828125 0.624697
vt 0.843750 0.655947
vt 0.828125 0.655947
vt 0.843750 0.687197
vt 0.828125 0.687197
vt 0.843750 0.718447
vt 0.828125 0.718447
vt 0.843750 0.749697
vt 0.828125 0.749697
vt 0.843750 0.780947
vt 0.828125 0.780947
vt 0.843750 0.812197
vt 0.828125 0.812197
vt 0.843750 0.843447
vt 0.828125 0.843447
vt 0.843750 0.874697
vt 0.828125 0.874697
vt 0.843750 0.905953
vt 0.828125 0.905953
vt 0.843750 0.937247
vt 0.875000 0.500000
vt 0.875000 0.530886
vt 0.859375 0.531104
vt 0.859375 0.500000
vt 0.875000 0.562233
vt 0.859267 0.562246
vt 0.870877 0.593451
vt 0.858941 0.593453
vt 0.875000 0.624697
vt 0.859267 0.624697
vt 0.843750 0.624697
vt 0.843750 0.593453
vt 0.875000 0.656164
vt 0.859375 0.655947
vt 0.875000 0.687197
vt 0.859375 0.687197
vt 0.843750 0.687197
vt 0.843750 0.655947
vt 0.875000 0.687197
vt 0.875000 0.718447
vt 0.859375 0.718447
vt 0.859375 0.687197
vt 0.875000 0.749697
vt 0.859375 0.749697
vt 0.875000 0.780947
vt 0.859375 0.780947
vt 0.875000 0.812197
vt 0.859375 0.812197
vt 0.875000 0.812197
vt 0.875000 0.843230
vt 0.859375 0.843447
vt 0.859375 0.812197
vt 0.875000 0.874697
vt 0.859267 0.874697
vt 0.843750 0.874697
vt 0.843750 0.843447
vt 0.843750 0.812197
vt 0.870877 0.905951
vt 0.858941 0.905953
vt 0.843750 0.905953
vt 0.906250 0.500000
vt 0.906250 0.529803
vt 0.890625 0.530019
vt 0.890625 0.500000
vt 0.906250 0.551831
vt 0.890734 0.552914
vt 0.937500 0.562233
vt 0.941623 0.593451
vt 0.936849 0.593448
vt 0.932834 0.571532
vt 0.937500 0.624697
vt 0.932834 0.615365
vt 0.932292 0.614280
vt 0.936198 0.593447
vt 0.932292 0.572613
vt 0.906250 0.635114
vt 0.906250 0.657249
vt 0.890625 0.657032
vt 0.890734 0.634028
vt 0.906250 0.687197
vt 0.890625 0.687197
vt 0.906250 0.687197
vt 0.906250 0.718447
vt 0.890625 0.718447
vt 0.890625 0.687197
vt 0.906250 0.749697
vt 0.890625 0.749697
vt 0.906250 0.780947
vt 0.890625 0.780947
vt 0.906250 0.812197
vt 0.890625 0.812197
vt 0.906250 0.812197
vt 0.906250 0.842145
vt 0.890625 0.842362
vt 0.890625 0.812197
vt 0.906250 0.864280
vt 0.890734 0.865365
vt 0.921767 0.634028
vt 0.921333 0.624697
vt 0.906250 0.625999
vt 0.906250 0.624697
vt 0.921224 0.623395
vt 0.937500 0.500000
vt 0.937500 0.530886
vt 0.921875 0.530019
vt 0.921875 0.500000
vt 0.921767 0.552914
vt 0.890734 0.634029
vt 0.891168 0.624697
vt 0.879666 0.615365
vt 0.880208 0.614280
vt 0.891276 0.623395
vt 0.937500 0.656164
vt 0.921875 0.657032
vt 0.921767 0.634028
vt 0.937500 0.687197
vt 0.921875 0.687197
vt 0.937500 0.687197
vt 0.937500 0.718447
vt 0.921875 0.718447
vt 0.921875 0.687197
vt 0.937500 0.749697
vt 0.921875 0.749697
vt 0.937500 0.780947
vt 0.921875 0.780947
vt 0.937500 0.812197
vt 0.921875 0.812197
vt 0.937500 0.812197
vt 0.937500 0.843230
vt 0.921875 0.842362
vt 0.921875 0.812197
vt 0.937500 0.874697
vt 0.921767 0.865365
vt 0.906250 0.551831
vt 0.921332 0.562203
vt 0.906250 0.560901
vt 0.921224 0.563499
vt 0.906250 0.562197
vt 0.968750 0.500000
vt 0.968750 0.531105
vt 0.953125 0.531104
vt 0.953125 0.500000
vt 0.968750 0.562247
vt 0.953234 0.562246
vt 0.968750 0.593453
vt 0.953559 0.593453
vt 0.968750 0.624697
vt 0.953234 0.624697
vt 0.968750 0.655947
vt 0.953125 0.655947
vt 0.968750 0.687197
vt 0.953125 0.687197
vt 0.968750 0.687197
vt 0.968750 0.718447
vt 0.953125 0.718447
vt 0.953125 0.687197
vt 0.968750 0.749697
vt 0.953125 0.749697
vt 0.968750 0.780947
vt 0.953125 0.780947
vt 0.968750 0.812197
vt 0.953125 0.812197
vt 0.968750 0.812197
vt 0.968750 0.843447
vt 0.953125 0.843447
vt 0.953125 0.812197
vt 0.968750 0.874697
vt 0.953234 0.874697
vt 0.968750 0.905953
vt 0.953559 0.905953
vt 0.941623 0.905951
vt 1.000000 0.500000
vt 1.000000 0.531098
vt 0.984375 0.531104
vt 0.984375 0.500000
vt 1.000000 0.562197
vt 0.984375 0.562243
vt 1.000000 0.593447
vt 0.984375 0.593452
vt 1.000000 0.624697
vt 0.984375 0.624697
vt 1.000000 0.655947
vt 0.984375 0.655947
vt 1.000000 0.687197
vt 0.984375 0.687197
vt 1.000000 0.718447
vt 0.984375 0.718447
vt 1.000000 0.749697
vt 0.984375 0.749697
vt 0.968750 0.749697
vt 0.968750 0.718447
vt 1.000000 0.780947
vt 0.984375 0.780947
vt 1.000000 0.812197
vt 0.984375 0.812197
vt 0.968750 0.780947
vt 1.000000 0.843447
vt 0.984375 0.843447
vt 1.000000 0.874697
vt 0.984375 0.874697
vt 1.000000 0.905947
vt 0.984375 0.905952
vt 0.891168 0.623612
vt 0.906250 0.624697
vt 0.879774 0.615216
vt 0.875000 0.624697
vt 0.890625 0.624697
vt 0.906250 0.624697
vt 0.932292 0.885114
vt 0.936198 0.905947
vt 0.936307 0.905381
vt 0.932726 0.884178
vt 0.932292 0.926780
vt 0.932292 0.926319
vt 0.932292 0.923091
vt 0.936741 0.901851
vt 0.937500 0.874697
vt 0.906250 0.562197
vt 0.921224 0.563499
vt 0.921224 0.563984
vt 0.906250 0.562685
vt 0.932292 0.573075
vt 0.932292 0.576303
vt 0.921224 0.567378
vt 0.906250 0.566103
vt 0.932292 0.926780
vt 0.921224 0.935895
vt 0.921224 0.935410
vt 0.932292 0.926319
vt 0.906250 0.937197
vt 0.906250 0.936709
vt 0.906250 0.933291
vt 0.921224 0.932016
vt 0.932292 0.923091
vt 0.870877 0.593451
vt 0.875651 0.593448
vt 0.879666 0.571532
vt 0.880208 0.572613
vt 0.876302 0.593447
vt 0.890734 0.865365
vt 0.891168 0.874697
vt 0.879666 0.884028
vt 0.906250 0.864280
vt 0.906250 0.873395
vt 0.906250 0.874697
vt 0.891276 0.875999
vt 0.880208 0.885114
vt 0.921767 0.865365
vt 0.921332 0.874697
vt 0.932834 0.884028
vt 0.921224 0.875999
vt 0.906250 0.947664
vt 0.890734 0.946578
vt 0.891168 0.937203
vt 0.906250 0.938505
vt 0.879666 0.927869
vt 0.880208 0.926780
vt 0.891276 0.935895
vt 0.906250 0.937197
vt 0.921767 0.946577
vt 0.921333 0.937203
vt 0.932834 0.927869
vt 0.921224 0.935895
vt 0.936849 0.905948
vt 0.870877 0.905951
vt 0.875651 0.905948
vt 0.876302 0.905947
vt 0.890734 0.552914
vt 0.891168 0.562203
vt 0.891276 0.563499
vt 0.880208 0.576303
vt 0.891276 0.567378
vt 0.891276 0.575621
vt 0.880208 0.584142
vt 0.906250 0.574404
vt 0.906250 0.585634
vt 0.891276 0.586774
vt 0.880208 0.594749
vt 0.875760 0.597543
vt 0.875651 0.604782
vt 0.875000 0.632509
vt 0.880208 0.576303
vt 0.880208 0.584142
vt 0.880208 0.594749
vt 0.875651 0.614117
vt 0.875000 0.640322
vt 0.890625 0.632509
vt 0.906250 0.632509
vt 0.875000 0.624697
vt 0.890625 0.640322
vt 0.906250 0.640322
vt 0.921875 0.624697
vt 0.921875 0.632509
vt 0.937500 0.632509
vt 0.921875 0.640322
vt 0.937500 0.640322
vt 0.876194 0.905381
vt 0.880208 0.926319
vt 0.879774 0.884178
vt 0.875000 0.874697
vt 0.875760 0.901851
vt 0.880208 0.923091
vt 0.921333 0.623612
vt 0.932726 0.615216
vt 0.937500 0.624697
vt 0.936306 0.594013
vt 0.932292 0.573075
vt 0.936741 0.597543
vt 0.932292 0.576303
vt 0.891168 0.875782
vt 0.906250 0.874697
vt 0.906250 0.874697
vt 0.890625 0.874697
vt 0.876194 0.594013
vt 0.880208 0.573075
vt 0.921333 0.875782
vt 0.921875 0.874697
vt 0.891276 0.935410
vt 0.880208 0.926780
vt 0.880208 0.926319
vt 0.891276 0.932016
vt 0.880208 0.572613
vt 0.891276 0.563499
vt 0.891276 0.563984
vt 0.880208 0.573075
vt 0.921224 0.575621
vt 0.932292 0.584142
vt 0.932292 0.594749
vt 0.921224 0.586774
vt 0.936849 0.604782
vt 0.936849 0.614117
vt 0.932292 0.594749
vt 0.921875 0.648134
vt 0.937500 0.648134
vt 0.906250 0.648134
vt 0.906250 0.655947
vt 0.921875 0.655947
vt 0.937500 0.655947
vt 0.921875 0.663759
vt 0.937500 0.663759
vt 0.906250 0.663759
vt 0.906250 0.671572
vt 0.921767 0.671450
vt 0.937500 0.671572
vt 0.921441 0.678896
vt 0.933160 0.674501
vt 0.906250 0.679384
vt 0.906250 0.687197
vt 0.921767 0.687075
vt 0.937500 0.687197
vt 0.921875 0.695009
vt 0.937500 0.695009
vt 0.906250 0.695009
vt 0.906250 0.702822
vt 0.921875 0.702822
vt 0.937500 0.702822
vt 0.921875 0.710634
vt 0.937500 0.710634
vt 0.906250 0.710634
vt 0.906250 0.718447
vt 0.921875 0.718447
vt 0.937500 0.718447
vt 0.921875 0.726259
vt 0.937500 0.726259
vt 0.906250 0.726259
vt 0.906250 0.734072
vt 0.921875 0.734072
vt 0.937500 0.734072
vt 0.921875 0.741884
vt 0.937500 0.741884
vt 0.906250 0.741884
vt 0.906250 0.749697
vt 0.921875 0.749697
vt 0.937500 0.749697
vt 0.921875 0.757509
vt 0.937500 0.757509
vt 0.906250 0.757509
vt 0.906250 0.765322
vt 0.921875 0.765322
vt 0.937500 0.765322
vt 0.921875 0.773134
vt 0.937500 0.773134
vt 0.906250 0.773134
vt 0.906250 0.780947
vt 0.921875 0.780947
vt 0.937500 0.780947
vt 0.921875 0.788759
vt 0.937500 0.788759
vt 0.906250 0.788759
vt 0.906250 0.796572
vt 0.921875 0.796572
vt 0.937500 0.796572
vt 0.921875 0.804384
vt 0.937500 0.804384
vt 0.906250 0.804384
vt 0.921875 0.812197
vt 0.937500 0.812197
vt 0.921875 0.820009
vt 0.937500 0.820009
vt 0.906250 0.820009
vt 0.906250 0.827822
vt 0.921875 0.827822
vt 0.937500 0.827822
vt 0.921875 0.835635
vt 0.937500 0.835634
vt 0.906250 0.835635
vt 0.906250 0.843447
vt 0.921875 0.843447
vt 0.937500 0.843447
vt 0.921875 0.851260
vt 0.937500 0.851259
vt 0.906250 0.851260
vt 0.906250 0.859072
vt 0.921875 0.859072
vt 0.937500 0.859072
vt 0.921875 0.866884
vt 0.937500 0.866884
vt 0.906250 0.866884
vt 0.937500 0.874697
vt 0.890625 0.648134
vt 0.875000 0.648134
vt 0.875000 0.655947
vt 0.890625 0.655947
vt 0.890625 0.663759
vt 0.875000 0.663759
vt 0.875000 0.671572
vt 0.890625 0.671572
vt 0.890625 0.679384
vt 0.875000 0.679384
vt 0.875000 0.687197
vt 0.890625 0.687197
vt 0.890625 0.695009
vt 0.875000 0.695009
vt 0.875000 0.702822
vt 0.890734 0.702754
vt 0.891059 0.710363
vt 0.879340 0.707922
vt 0.875000 0.718447
vt 0.890733 0.718379
vt 0.890625 0.726259
vt 0.875000 0.726259
vt 0.875000 0.734072
vt 0.890625 0.734072
vt 0.890625 0.741884
vt 0.875000 0.741884
vt 0.875000 0.749697
vt 0.890625 0.749697
vt 0.890625 0.757509
vt 0.875000 0.757509
vt 0.875000 0.765322
vt 0.890734 0.765363
vt 0.891168 0.773351
vt 0.879774 0.774979
vt 0.880208 0.783551
vt 0.891276 0.781272
vt 0.891168 0.789085
vt 0.879774 0.791689
vt 0.875000 0.796572
vt 0.890733 0.796640
vt 0.890625 0.804384
vt 0.875000 0.804384
vt 0.875000 0.812197
vt 0.890625 0.812197
vt 0.890625 0.820009
vt 0.875000 0.820009
vt 0.875000 0.827822
vt 0.890625 0.827822
vt 0.890625 0.835634
vt 0.875000 0.835634
vt 0.875000 0.843447
vt 0.890625 0.843447
vt 0.890625 0.851259
vt 0.875000 0.851259
vt 0.875000 0.859072
vt 0.890625 0.859072
vt 0.890625 0.866884
vt 0.875000 0.866884
vt 0.875000 0.874697
vt 0.875651 0.623802
vt 0.880208 0.605817
vt 0.880208 0.616884
vt 0.875651 0.633486
vt 0.875651 0.643170
vt 0.880208 0.627952
vt 0.880208 0.639020
vt 0.875651 0.652854
vt 0.875651 0.662539
vt 0.880208 0.650087
vt 0.880208 0.661155
vt 0.875651 0.672223
vt 0.875543 0.681826
vt 0.879774 0.671897
vt 0.875000 0.679384
vt 0.875000 0.691103
vt 0.875000 0.702822
vt 0.875434 0.700597
vt 0.875000 0.679384
vt 0.875000 0.702822
vt 0.875000 0.710634
vt 0.875000 0.718447
vt 0.875543 0.720590
vt 0.875000 0.702822
vt 0.879774 0.716277
vt 0.880208 0.727561
vt 0.875651 0.730328
vt 0.875651 0.740013
vt 0.880208 0.738629
vt 0.880208 0.749697
vt 0.875651 0.749697
vt 0.875543 0.759408
vt 0.879774 0.760873
vt 0.875000 0.773134
vt 0.875000 0.769228
vt 0.875000 0.765322
vt 0.875543 0.779211
vt 0.875000 0.773134
vt 0.875000 0.784853
vt 0.875000 0.796572
vt 0.875651 0.789085
vt 0.875543 0.798851
vt 0.875000 0.808291
vt 0.875000 0.820009
vt 0.875000 0.808291
vt 0.875000 0.796572
vt 0.875543 0.817568
vt 0.875000 0.820009
vt 0.879774 0.827496
vt 0.880208 0.838239
vt 0.875651 0.827171
vt 0.875651 0.836855
vt 0.880208 0.849306
vt 0.880208 0.860374
vt 0.875651 0.846539
vt 0.875651 0.856224
vt 0.880208 0.871442
vt 0.880208 0.882509
vt 0.875651 0.865908
vt 0.875651 0.875592
vt 0.880208 0.893577
vt 0.880208 0.904645
vt 0.875651 0.885276
vt 0.875651 0.894611
vt 0.880208 0.915251
vt 0.880208 0.923091
vt 0.875760 0.901851
vt 0.891276 0.598411
vt 0.880208 0.605817
vt 0.906250 0.597353
vt 0.906250 0.609072
vt 0.891276 0.610048
vt 0.880208 0.616884
vt 0.891276 0.621686
vt 0.880208 0.627952
vt 0.906250 0.620791
vt 0.906250 0.632509
vt 0.891276 0.633323
vt 0.880208 0.639020
vt 0.891276 0.644961
vt 0.880208 0.650087
vt 0.906250 0.644228
vt 0.906250 0.655947
vt 0.891276 0.656598
vt 0.880208 0.661155
vt 0.891276 0.656598
vt 0.891168 0.668154
vt 0.906250 0.655947
vt 0.906250 0.667666
vt 0.906250 0.679384
vt 0.890734 0.679479
vt 0.890625 0.691103
vt 0.906250 0.691103
vt 0.906250 0.702822
vt 0.890734 0.702862
vt 0.891168 0.714730
vt 0.906250 0.714540
vt 0.906250 0.726259
vt 0.891276 0.726422
vt 0.880208 0.727561
vt 0.891276 0.726422
vt 0.891276 0.738059
vt 0.880208 0.738629
vt 0.906250 0.726259
vt 0.906250 0.737978
vt 0.891276 0.749697
vt 0.880208 0.749697
vt 0.891276 0.749697
vt 0.891168 0.761361
vt 0.906250 0.749697
vt 0.906250 0.761416
vt 0.906250 0.773134
vt 0.890734 0.773121
vt 0.890625 0.784853
vt 0.906250 0.784853
vt 0.906250 0.796572
vt 0.890625 0.796572
vt 0.890625 0.808291
vt 0.906250 0.808291
vt 0.906250 0.820009
vt 0.890734 0.819914
vt 0.891168 0.831240
vt 0.906250 0.831728
vt 0.906250 0.843447
vt 0.891276 0.842796
vt 0.891276 0.842796
vt 0.891276 0.854433
vt 0.880208 0.849306
vt 0.906250 0.843447
vt 0.906250 0.855166
vt 0.906250 0.866884
vt 0.891276 0.866071
vt 0.880208 0.860374
vt 0.891276 0.877708
vt 0.880208 0.871442
vt 0.906250 0.878603
vt 0.906250 0.890322
vt 0.891276 0.889345
vt 0.880208 0.882509
vt 0.891276 0.900983
vt 0.880208 0.893577
vt 0.906250 0.902041
vt 0.906250 0.913759
vt 0.891276 0.912620
vt 0.880208 0.904645
vt 0.891276 0.923773
vt 0.880208 0.915251
vt 0.906250 0.924990
vt 0.906250 0.933291
vt 0.891276 0.932016
vt 0.921224 0.598411
vt 0.932292 0.605817
vt 0.932292 0.616884
vt 0.921224 0.610048
vt 0.906250 0.609072
vt 0.921224 0.610048
vt 0.921333 0.621550
vt 0.906250 0.620791
vt 0.932726 0.627409
vt 0.937500 0.632509
vt 0.921767 0.632658
vt 0.906250 0.632509
vt 0.921875 0.644228
vt 0.906250 0.644228
vt 0.937500 0.644228
vt 0.937500 0.655947
vt 0.921767 0.656042
vt 0.921332 0.668127
vt 0.932726 0.671789
vt 0.932292 0.683290
vt 0.921224 0.679873
vt 0.906250 0.679384
vt 0.921224 0.679873
vt 0.921224 0.691510
vt 0.906250 0.691103
vt 0.932292 0.683291
vt 0.932292 0.694358
vt 0.932292 0.705426
vt 0.921224 0.703147
vt 0.906250 0.702822
vt 0.921224 0.714785
vt 0.906250 0.714541
vt 0.932292 0.716494
vt 0.932292 0.727561
vt 0.921224 0.726422
vt 0.921224 0.738059
vt 0.932292 0.738629
vt 0.932292 0.749697
vt 0.921224 0.749697
vt 0.921224 0.761334
vt 0.906250 0.761416
vt 0.932292 0.760764
vt 0.932292 0.771832
vt 0.921224 0.772971
vt 0.906250 0.773134
vt 0.921224 0.784609
vt 0.906250 0.784853
vt 0.932292 0.782900
vt 0.932292 0.793968
vt 0.921224 0.796246
vt 0.906250 0.796572
vt 0.921224 0.807884
vt 0.906250 0.808290
vt 0.932292 0.805035
vt 0.932292 0.816103
vt 0.921224 0.819521
vt 0.906250 0.820009
vt 0.921224 0.831158
vt 0.932292 0.827171
vt 0.932292 0.838238
vt 0.921224 0.842796
vt 0.921224 0.854433
vt 0.932292 0.849306
vt 0.932292 0.860374
vt 0.921224 0.866070
vt 0.921224 0.877708
vt 0.932292 0.871442
vt 0.932292 0.882509
vt 0.921224 0.889345
vt 0.921224 0.900983
vt 0.932292 0.893577
vt 0.932292 0.904645
vt 0.921224 0.912620
vt 0.921224 0.923773
vt 0.932292 0.915251
vt 0.932292 0.923091
vt 0.921224 0.932016
vt 0.936849 0.623802
vt 0.932292 0.605817
vt 0.936849 0.633486
vt 0.936958 0.643034
vt 0.937500 0.671572
vt 0.937500 0.652041
vt 0.937500 0.632509
vt 0.937066 0.661318
vt 0.937500 0.655947
vt 0.936958 0.681799
vt 0.937500 0.687197
vt 0.936849 0.691591
vt 0.936849 0.701276
vt 0.932292 0.694358
vt 0.936849 0.710960
vt 0.932292 0.705426
vt 0.936849 0.720644
vt 0.932292 0.716494
vt 0.936849 0.730328
vt 0.932292 0.727561
vt 0.936849 0.740013
vt 0.932292 0.738629
vt 0.936849 0.749697
vt 0.936849 0.759381
vt 0.932292 0.760764
vt 0.936849 0.769065
vt 0.936849 0.778750
vt 0.932292 0.782900
vt 0.936849 0.788434
vt 0.932292 0.793968
vt 0.936849 0.798118
vt 0.932292 0.805035
vt 0.936849 0.807802
vt 0.936849 0.817486
vt 0.932292 0.827171
vt 0.936849 0.827171
vt 0.932292 0.838238
vt 0.936849 0.836855
vt 0.932292 0.849306
vt 0.936849 0.846539
vt 0.936849 0.856224
vt 0.936849 0.865908
vt 0.936849 0.875592
vt 0.936849 0.885276
vt 0.936849 0.894611
vt 0.932292 0.915251
vt 0.936741 0.901851
vt 0.350515 0.061966
vt 0.331563 0.053090
vt 0.368873 0.072094
vt 0.350296 0.062390
vt 0.331357 0.053588
vt 0.292316 0.462738
vt 0.270896 0.462163
vt 0.291603 0.459151
vt 0.250000 0.466906
vt 0.250000 0.463248
vt 0.270871 0.461910
vt 0.291743 0.459854
vt 0.082483 0.387450
vt 0.085189 0.385268
vt 0.098704 0.401296
vt 0.069649 0.370507
vt 0.072786 0.368411
vt 0.073234 0.368111
vt 0.085562 0.384969
vt 0.098704 0.401296
vt 0.292316 0.037262
vt 0.311869 0.046045
vt 0.291580 0.040962
vt 0.333006 0.049605
vt 0.331563 0.053090
vt 0.331357 0.053588
vt 0.311713 0.046560
vt 0.291475 0.041490
vt 0.333006 0.450395
vt 0.312964 0.457566
vt 0.311886 0.454010
vt 0.331607 0.447016
vt 0.311812 0.453766
vt 0.331881 0.447678
vt 0.131127 0.427906
vt 0.131127 0.427906
vt 0.098704 0.401296
vt 0.098704 0.401296
vt 0.250000 0.033094
vt 0.270891 0.037893
vt 0.250000 0.036866
vt 0.270838 0.038430
vt 0.250000 0.037405
vt 0.352128 0.441113
vt 0.350526 0.438061
vt 0.368873 0.427906
vt 0.149454 0.438109
vt 0.168119 0.447678
vt 0.149639 0.437768
vt 0.168119 0.447678
vt 0.228782 0.034352
vt 0.229094 0.037814
vt 0.208258 0.040146
vt 0.250000 0.036866
vt 0.250000 0.037405
vt 0.229134 0.038290
vt 0.385004 0.414520
vt 0.400489 0.400489
vt 0.401296 0.401296
vt 0.208258 0.459854
vt 0.188188 0.453766
vt 0.188188 0.453766
vt 0.208257 0.459854
vt 0.188188 0.046234
vt 0.188232 0.046339
vt 0.168556 0.053377
vt 0.208258 0.040146
vt 0.168119 0.052322
vt 0.414425 0.384940
vt 0.426956 0.368238
vt 0.228782 0.465648
vt 0.229094 0.462215
vt 0.229129 0.461881
vt 0.131127 0.072094
vt 0.149667 0.062314
vt 0.149623 0.062208
vt 0.437565 0.350259
vt 0.446518 0.331400
vt 0.437610 0.350296
vt 0.446412 0.331357
vt 0.114745 0.085178
vt 0.099292 0.099292
vt 0.115053 0.085544
vt 0.459854 0.291743
vt 0.453766 0.311812
vt 0.453634 0.311757
vt 0.459854 0.291743
vt 0.453580 0.311741
vt 0.459854 0.291743
vt 0.069649 0.129493
vt 0.082330 0.112397
vt 0.085246 0.114790
vt 0.072786 0.131589
vt 0.099292 0.099292
vt 0.085663 0.115132
vt 0.073234 0.131889
vt 0.466906 0.250000
vt 0.465648 0.271218
vt 0.462215 0.270907
vt 0.463248 0.250000
vt 0.459854 0.291743
vt 0.461910 0.270871
vt 0.049605 0.166994
vt 0.062034 0.149530
vt 0.053090 0.168437
vt 0.062509 0.149784
vt 0.053588 0.168643
vt 0.462738 0.207684
vt 0.465861 0.228740
vt 0.462163 0.229104
vt 0.459151 0.208397
vt 0.459854 0.208257
vt 0.042648 0.187078
vt 0.045965 0.188115
vt 0.049605 0.166994
vt 0.053090 0.168437
vt 0.053588 0.168643
vt 0.046420 0.188259
vt 0.040146 0.208257
vt 0.450395 0.166994
vt 0.457566 0.187036
vt 0.454010 0.188114
vt 0.447016 0.168394
vt 0.453766 0.188188
vt 0.447678 0.168119
vt 0.036035 0.250000
vt 0.038090 0.229129
vt 0.038090 0.229129
vt 0.038090 0.229129
vt 0.438061 0.149474
vt 0.427906 0.131127
vt 0.437792 0.149623
vt 0.427906 0.131127
vt 0.037262 0.292316
vt 0.034356 0.271261
vt 0.037812 0.270891
vt 0.040962 0.291580
vt 0.038287 0.270838
vt 0.041490 0.291475
vt 0.414601 0.114916
vt 0.414520 0.114996
vt 0.400489 0.099511
vt 0.414601 0.114916
vt 0.401296 0.098704
vt 0.049605 0.333006
vt 0.042435 0.312964
vt 0.046045 0.311869
vt 0.053090 0.331563
vt 0.040962 0.291580
vt 0.046560 0.311713
vt 0.053588 0.331357
vt 0.385004 0.085480
vt 0.069649 0.370507
vt 0.058707 0.352249
vt 0.062034 0.350470
vt 0.072786 0.368411
vt 0.062509 0.350216
vt 0.073234 0.368111
vt 0.350243 0.062459
vt 0.331400 0.053483
vt 0.368175 0.073139
vt 0.270849 0.461798
vt 0.291520 0.458734
vt 0.250000 0.463966
vt 0.085619 0.384904
vt 0.099592 0.400408
vt 0.073139 0.368175
vt 0.291475 0.041490
vt 0.311713 0.046560
vt 0.311729 0.046506
vt 0.291497 0.041378
vt 0.311746 0.453549
vt 0.331444 0.446623
vt 0.115096 0.414381
vt 0.131825 0.426861
vt 0.115132 0.414338
vt 0.270838 0.038430
vt 0.270843 0.038402
vt 0.350333 0.437686
vt 0.149702 0.437673
vt 0.168119 0.447678
vt 0.229157 0.038402
vt 0.208503 0.041378
vt 0.384984 0.414500
vt 0.400408 0.400408
vt 0.208258 0.459854
vt 0.208258 0.459854
vt 0.188271 0.046506
vt 0.168600 0.053483
vt 0.188287 0.046560
vt 0.168643 0.053588
vt 0.427906 0.368873
vt 0.414500 0.384984
vt 0.229129 0.461910
vt 0.149757 0.062459
vt 0.131825 0.073139
vt 0.149784 0.062509
vt 0.131889 0.073234
vt 0.437660 0.350322
vt 0.115116 0.085639
vt 0.115132 0.085663
vt 0.453522 0.311735
vt 0.458734 0.291520
vt 0.073234 0.131889
vt 0.085639 0.115116
vt 0.073139 0.131825
vt 0.461683 0.270849
vt 0.462823 0.250000
vt 0.062509 0.149784
vt 0.062459 0.149757
vt 0.053483 0.168600
vt 0.461683 0.229151
vt 0.458734 0.208480
vt 0.046478 0.188265
vt 0.041266 0.208480
vt 0.453549 0.188254
vt 0.446623 0.168556
vt 0.038345 0.229151
vt 0.037291 0.250000
vt 0.437686 0.149667
vt 0.038401 0.270838
vt 0.041490 0.291475
vt 0.414500 0.115016
vt 0.400408 0.099592
vt 0.053588 0.331357
vt 0.046560 0.311713
vt 0.046534 0.311724
vt 0.053483 0.331400
vt 0.384904 0.085619
vt 0.062509 0.350216
vt 0.062459 0.350243
s 0
f 184/1/1 582/2/1 1724/3/1 1363/4/1
f 582/2/2 66/5/2 581/6/2 1724/3/2
f 1724/3/3 581/6/3 65/7/3 923/8/3
f 1363/4/4 1724/3/4 923/8/4 185/9/4
f 185/9/5 923/8/5 1725/10/5 1356/11/5
f 923/8/6 65/7/6 585/12/6 1725/10/6
f 1725/10/7 585/12/7 67/13/7 930/14/7
f 1356/11/8 1725/10/8 930/14/8 192/15/8
f 192/15/9 930/14/9 1726/16/9 1349/17/9
f 930/14/10 67/13/10 588/18/10 1726/16/10
f 1726/16/11 588/18/11 68/19/11 937/20/11
f 1349/17/12 1726/16/12 937/20/12 199/21/12
f 199/21/13 937/20/13 1727/22/13 1342/23/13
f 937/20/14 68/19/14 591/24/14 1727/22/14
f 1727/22/15 591/24/15 69/25/15 944/26/15
f 1342/23/16 1727/22/16 944/26/16 206/27/16
f 206/27/17 944/26/17 1728/28/17 1335/29/17
f 944/26/18 69/25/18 594/30/18 1728/28/18
f 1728/28/19 594/30/19 70/31/19 951/32/19
f 1335/29/20 1728/28/20 951/32/20 213/33/20
f 213/33/21 951/32/21 1729/34/21 1328/35/21
f 951/32/22 70/31/22 597/36/22 1729/34/22
f 1729/34/23 597/36/23 71/37/23 958/38/23
f 1328/35/24 1729/34/24 958/38/24 220/39/24
f 220/39/25 958/38/25 1730/40/25 1321/41/25
f 958/38/26 71/37/26 600/42/26 1730/40/26
f 1730/40/27 600/42/27 72/43/27 965/44/27
f 1321/41/28 1730/40/28 965/44/28 227/45/28
f 227/45/29 965/44/29 1731/46/29 1314/47/29
f 965/44/30 72/43/30 603/48/30 1731/46/30
f 1731/46/31 603/48/31 73/49/31 972/50/31
f 1314/47/32 1731/46/32 972/50/32 234/51/32
f 234/51/33 972/50/33 1732/52/33 1307/53/33
f 972/50/34 73/49/34 606/54/34 1732/52/34
f 1732/52/35 606/54/35 74/55/35 979/56/35
f 1307/53/36 1732/52/36 979/56/36 241/57/36
f 241/57/37 979/56/37 1733/58/37 1300/59/37
f 979/56/38 74/55/38 609/60/38 1733/58/38
f 1733/58/39 609/60/39 75/61/39 986/62/39
f 1300/59/40 1733/58/40 986/62/40 248/63/40
f 248/63/41 986/62/41 1734/64/41 1293/65/41
f 986/62/42 75/61/42 612/66/42 1734/64/42
f 1734/64/43 612/66/43 76/67/43 993/68/43
f 1293/65/44 1734/64/44 993/68/44 255/69/44
f 255/69/45 993/68/45 1735/70/45 1286/71/45
f 993/68/46 76/67/46 615/72/46 1735/70/46
f 1735/70/47 615/72/47 77/73/47 1000/74/47
f 1286/71/48 1735/70/48 1000/74/48 262/75/48
f 262/75/49 1000/74/49 1736/76/49 1279/77/49
f 1000/74/50 77/73/50 618/78/50 1736/76/50
f 1736/76/51 618/78/51 78/79/51 1007/80/51
f 1279/77/52 1736/76/52 1007/80/52 269/81/52
f 269/81/53 1007/80/53 1737/82/53 1272/83/53
f 1007/80/54 78/79/54 621/84/54 1737/82/54
f 1737/82/55 621/84/55 79/85/55 1014/86/55
f 1272/83/56 1737/82/56 1014/86/56 276/87/56
f 276/87/57 1014/86/57 1738/88/57 1265/89/57
f 1014/86/58 79/85/58 624/90/58 1738/88/58
f 1738/88/59 624/90/59 80/91/59 1021/92/59
f 1265/89/60 1738/88/60 1021/92/60 283/93/60
f 283/93/61 1021/92/61 1739/94/61 1258/95/61
f 1021/92/62 80/91/62 627/96/62 1739/94/62
f 1739/94/63 627/96/63 81/97/63 1028/98/63
f 1258/95/64 1739/94/64 1028/98/64 290/99/64
f 290/99/65 1028/98/65 1740/100/65 1251/101/65
f 1028/98/66 81/97/66 630/102/66 1740/100/66
f 1740/100/67 630/102/67 82/103/67 1035/104/67
f 1251/101/68 1740/100/68 1035/104/68 297/105/68
f 297/105/69 1035/104/69 1741/106/69 1244/107/69
f 1035/104/70 82/103/70 633/108/70 1741/106/70
f 1741/106/71 633/108/71 83/109/71 1042/110/71
f 1244/107/72 1741/106/72 1042/110/72 304/111/72
f 304/111/73 1042/110/73 1742/112/73 1237/113/73
f 1042/110/74 83/109/74 636/114/74 1742/112/74
f 1742/112/75 636/114/75 84/115/75 1049/116/75
f 1237/113/76 1742/112/76 1049/116/76 311/117/76
f 311/117/77 1049/116/77 1743/118/77 1230/119/77
f 1049/116/78 84/115/78 639/120/78 1743/118/78
f 1743/118/79 639/120/79 85/121/79 1056/122/79
f 1230/119/80 1743/118/80 1056/122/80 318/123/80
f 318/123/81 1056/122/81 1744/124/81 1223/125/81
f 1056/122/82 85/121/82 642/126/82 1744/124/82
f 1744/124/83 642/126/83 86/127/83 1063/128/83
f 1223/125/84 1744/124/84 1063/128/84 325/129/84
f 325/129/85 1063/128/85 1745/130/85 1216/131/85
f 1063/128/86 86/127/86 645/132/86 1745/130/86
f 1745/130/87 645/132/87 87/133/87 1070/134/87
f 1216/131/88 1745/130/88 1070/134/88 332/135/88
f 332/135/89 1070/134/89 1746/136/89 1209/137/89
f 1070/134/90 87/133/90 648/138/90 1746/136/90
f 1746/136/91 648/138/91 88/139/91 1077/140/91
f 1209/137/92 1746/136/92 1077/140/92 339/141/92
f 339/141/93 1077/140/93 1747/142/93 1202/143/93
f 1077/140/94 88/139/94 651/144/94 1747/142/94
f 1747/142/95 651/144/95 89/145/95 1084/146/95
f 1202/143/96 1747/142/96 1084/146/96 346/147/96
f 346/147/97 1084/146/97 1748/148/97 1195/149/97
f 1084/146/98 89/145/98 654/150/98 1748/148/98
f 1748/148/99 654/150/99 90/151/99 1091/152/99
f 1195/149/100 1748/148/100 1091/152/100 353/153/100
f 353/153/101 1091/152/101 1749/154/101 1188/155/101
f 1091/152/102 90/151/102 657/156/102 1749/154/102
f 1749/154/103 657/156/103 91/157/103 1098/158/103
f 1188/155/104 1749/154/104 1098/158/104 360/159/104
f 360/159/105 1098/158/105 1750/160/105 1181/161/105
f 1098/158/106 91/157/106 660/162/106 1750/160/106
f 1750/160/107 660/162/107 92/163/107 1105/164/107
f 1181/161/108 1750/160/108 1105/164/108 367/165/108
f 367/165/109 1105/164/109 1751/166/109 1174/167/109
f 1105/164/110 92/163/110 663/168/110 1751/166/110
f 1751/166/111 663/168/111 93/169/111 1112/170/111
f 1174/167/112 1751/166/112 1112/170/112 374/171/112
f 374/171/113 1112/170/113 1752/172/113 1167/173/113
f 1112/170/114 93/169/114 666/174/114 1752/172/114
f 1752/172/115 666/174/115 94/175/115 1119/176/115
f 1167/173/116 1752/172/116 1119/176/116 381/177/116
f 381/177/117 1119/176/117 1753/178/117 1160/179/117
f 1119/176/118 94/175/118 669/180/118 1753/178/118
f 1753/178/119 669/180/119 95/181/119 1126/182/119
f 1160/179/120 1753/178/120 1126/182/120 388/183/120
f 388/183/121 1126/182/121 1754/184/121 1153/185/121
f 1126/182/122 95/181/122 672/186/122 1754/184/122
f 1754/184/123 672/186/123 96/187/123 1133/188/123
f 1153/185/124 1754/184/124 1133/188/124 395/189/124
f 395/189/125 1133/188/125 1755/190/125 1146/191/125
f 1133/188/126 96/187/126 675/192/126 1755/190/126
f 1755/190/127 675/192/127 66/193/127 582/194/127
f 1146/191/128 1755/190/128 582/194/128 184/195/128
f 1/196/129 580/197/129 1756/198/129 674/199/129
f 3/200/130 584/201/130 1756/198/130 580/202/130
f 5/203/131 587/204/131 1756/198/131 584/201/131
f 7/205/132 590/206/132 1756/198/132 587/204/132
f 9/207/133 593/208/133 1756/198/133 590/206/133
f 11/209/134 596/210/134 1756/198/134 593/211/134
f 13/212/135 599/213/135 1756/198/135 596/214/135
f 15/215/136 602/216/136 1756/198/136 599/217/136
f 17/218/137 605/219/137 1756/198/137 602/216/137
f 19/220/138 608/221/138 1756/198/138 605/219/138
f 21/222/139 611/223/139 1756/198/139 608/224/139
f 23/225/140 614/226/140 1756/198/140 611/227/140
f 25/228/141 617/229/141 1756/198/141 614/226/141
f 27/230/142 620/231/142 1756/198/142 617/229/142
f 29/232/143 623/233/143 1756/198/143 620/231/143
f 31/234/144 626/235/144 1756/198/144 623/233/144
f 33/236/145 629/237/145 1756/198/145 626/238/145
f 35/239/146 632/240/146 1756/198/146 629/241/146
f 37/242/147 635/243/147 1756/198/147 632/240/147
f 39/244/148 638/245/148 1756/198/148 635/243/148
f 41/246/149 641/247/149 1756/198/149 638/248/149
f 43/249/150 644/250/150 1756/198/150 641/247/150
f 45/251/151 647/252/151 1756/198/151 644/253/151
f 47/254/152 650/255/152 1756/198/152 647/256/152
f 49/257/153 653/258/153 1756/198/153 650/255/153
f 51/259/154 656/260/154 1756/198/154 653/258/154
f 53/261/155 659/262/155 1756/198/155 656/263/155
f 55/264/156 662/265/156 1756/198/156 659/266/156
f 57/267/157 665/268/157 1756/198/157 662/269/157
f 59/270/158 668/271/158 1756/198/158 665/272/158
f 61/273/159 671/274/159 1756/198/159 668/271/159
f 63/275/160 674/276/160 1756/198/160 671/274/160
f 2/277/161 676/278/161 1757/279/161 708/280/161
f 676/278/162 4/281/162 709/282/162 1757/279/162
f 1757/279/163 709/282/163 65/283/163 581/284/163
f 708/280/164 1757/279/164 581/284/164 66/285/164
f 4/281/165 677/286/165 1758/287/165 709/282/165
f 677/286/166 6/288/166 710/289/166 1758/287/166
f 1758/287/167 710/289/167 67/290/167 585/291/167
f 709/282/168 1758/287/168 585/291/168 65/283/168
f 6/288/169 678/292/169 1759/293/169 710/289/169
f 678/292/170 8/294/170 711/295/170 1759/293/170
f 1759/293/171 711/295/171 68/296/171 588/297/171
f 710/289/172 1759/293/172 588/297/172 67/290/172
f 8/294/173 679/298/173 1760/299/173 711/295/173
f 679/298/174 10/300/174 712/301/174 1760/299/174
f 1760/299/175 712/301/175 69/302/175 591/303/175
f 711/295/176 1760/299/176 591/303/176 68/296/176
f 10/300/177 680/304/177 1761/305/177 712/301/177
f 680/304/178 12/306/178 713/307/178 1761/305/178
f 1761/305/179 713/307/179 70/308/179 594/309/179
f 712/301/180 1761/305/180 594/309/180 69/302/180
f 12/306/181 681/310/181 1762/311/181 713/307/181
f 681/310/182 14/312/182 714/313/182 1762/311/182
f 1762/311/183 714/313/183 71/314/183 597/315/183
f 713/307/184 1762/311/184 597/315/184 70/308/184
f 14/312/185 682/316/185 1763/317/185 714/313/185
f 682/316/186 16/318/186 715/319/186 1763/317/186
f 1763/317/187 715/319/187 72/320/187 600/321/187
f 714/313/188 1763/317/188 600/321/188 71/314/188
f 16/318/189 683/322/189 1764/323/189 715/319/189
f 683/322/190 18/324/190 716/325/190 1764/323/190
f 1764/323/191 716/325/191 73/326/191 603/327/191
f 715/319/192 1764/323/192 603/327/192 72/320/192
f 18/324/193 684/328/193 1765/329/193 716/325/193
f 684/328/194 20/330/194 717/331/194 1765/329/194
f 1765/329/195 717/331/195 74/332/195 606/333/195
f 716/325/196 1765/329/196 606/333/196 73/326/196
f 20/330/197 685/334/197 1766/335/197 717/331/197
f 685/334/198 22/336/198 718/337/198 1766/335/198
f 1766/335/199 718/337/199 75/338/199 609/339/199
f 717/331/200 1766/335/200 609/339/200 74/332/200
f 22/336/201 686/340/201 1767/341/201 718/337/201
f 686/340/202 24/342/202 719/343/202 1767/341/202
f 1767/341/203 719/343/203 76/344/203 612/345/203
f 718/337/204 1767/341/204 612/345/204 75/338/204
f 24/342/205 687/346/205 1768/347/205 719/343/205
f 687/346/206 26/348/206 720/349/206 1768/347/206
f 1768/347/207 720/349/207 77/350/207 615/351/207
f 719/343/208 1768/347/208 615/351/208 76/344/208
f 26/348/209 688/352/209 1769/353/209 720/349/209
f 688/352/210 28/354/210 721/355/210 1769/353/210
f 1769/353/211 721/355/211 78/356/211 618/357/211
f 720/349/212 1769/353/212 618/357/212 77/350/212
f 28/354/213 689/358/213 1770/359/213 721/355/213
f 689/358/214 30/360/214 722/361/214 1770/359/214
f 1770/359/215 722/361/215 79/362/215 621/363/215
f 721/355/216 1770/359/216 621/363/216 78/356/216
f 30/360/217 690/364/217 1771/365/217 722/361/217
f 690/364/218 32/366/218 723/367/218 1771/365/218
f 1771/365/219 723/367/219 80/368/219 624/369/219
f 722/361/220 1771/365/220 624/369/220 79/362/220
f 32/366/221 691/370/221 1772/371/221 723/367/221
f 691/370/222 34/372/222 724/373/222 1772/371/222
f 1772/371/223 724/373/223 81/374/223 627/375/223
f 723/367/224 1772/371/224 627/375/224 80/368/224
f 34/372/225 692/376/225 1773/377/225 724/373/225
f 692/376/226 36/378/226 725/379/226 1773/377/226
f 1773/377/227 725/379/227 82/380/227 630/381/227
f 724/373/228 1773/377/228 630/381/228 81/374/228
f 36/378/229 693/382/229 1774/383/229 725/379/229
f 693/382/230 38/384/230 726/385/230 1774/383/230
f 1774/383/231 726/385/231 83/386/231 633/387/231
f 725/379/232 1774/383/232 633/387/232 82/380/232
f 38/384/233 694/388/233 1775/389/233 726/385/233
f 694/388/234 40/390/234 727/391/234 1775/389/234
f 1775/389/235 727/391/235 84/392/235 636/393/235
f 726/385/236 1775/389/236 636/393/236 83/386/236
f 40/390/237 695/394/237 1776/395/237 727/391/237
f 695/394/238 42/396/238 728/397/238 1776/395/238
f 1776/395/239 728/397/239 85/398/239 639/399/239
f 727/391/240 1776/395/240 639/399/240 84/392/240
f 42/396/241 696/400/241 1777/401/241 728/397/241
f 696/400/242 44/402/242 729/403/242 1777/401/242
f 1777/401/243 729/403/243 86/404/243 642/405/243
f 728/397/244 1777/401/244 642/405/244 85/398/244
f 44/402/245 697/406/245 1778/407/245 729/403/245
f 697/406/246 46/408/246 730/409/246 1778/407/246
f 1778/407/247 730/409/247 87/410/247 645/411/247
f 729/403/248 1778/407/248 645/411/248 86/404/248
f 46/408/249 698/412/249 1779/413/249 730/409/249
f 698/412/250 48/414/250 731/415/250 1779/413/250
f 1779/413/251 731/415/251 88/416/251 648/417/251
f 730/409/252 1779/413/252 648/417/252 87/410/252
f 48/414/253 699/418/253 1780/419/253 731/415/253
f 699/418/254 50/420/254 732/421/254 1780/419/254
f 1780/419/255 732/421/255 89/422/255 651/423/255
f 731/415/256 1780/419/256 651/423/256 88/416/256
f 50/420/257 700/424/257 1781/425/257 732/421/257
f 700/424/258 52/426/258 733/427/258 1781/425/258
f 1781/425/259 733/427/259 90/428/259 654/429/259
f 732/421/260 1781/425/260 654/429/260 89/422/260
f 52/426/261 701/430/261 1782/431/261 733/427/261
f 701/430/262 54/432/262 734/433/262 1782/431/262
f 1782/431/263 734/433/263 91/434/263 657/435/263
f 733/427/264 1782/431/264 657/435/264 90/428/264
f 54/432/265 702/436/265 1783/437/265 734/433/265
f 702/436/266 56/438/266 735/439/266 1783/437/266
f 1783/437/267 735/439/267 92/440/267 660/441/267
f 734/433/268 1783/437/268 660/441/268 91/434/268
f 56/438/269 703/442/269 1784/443/269 735/439/269
f 703/442/270 58/444/270 736/445/270 1784/443/270
f 1784/443/271 736/445/271 93/446/271 663/447/271
f 735/439/272 1784/443/272 663/447/272 92/440/272
f 58/444/273 704/448/273 1785/449/273 736/445/273
f 704/448/274 60/450/274 737/451/274 1785/449/274
f 1785/449/275 737/451/275 94/452/275 666/453/275
f 736/445/276 1785/449/276 666/453/276 93/446/276
f 60/450/277 705/454/277 1786/455/277 737/451/277
f 705/454/278 62/456/278 738/457/278 1786/455/278
f 1786/455/279 738/457/279 95/458/279 669/459/279
f 737/451/280 1786/455/280 669/459/280 94/452/280
f 62/456/281 706/460/281 1787/461/281 738/457/281
f 706/460/282 64/462/282 739/463/282 1787/461/282
f 1787/461/283 739/463/283 96/464/283 672/465/283
f 738/457/284 1787/461/284 672/465/284 95/458/284
f 64/462/285 707/466/285 1788/467/285 739/463/285
f 707/466/286 2/277/286 708/280/286 1788/467/286
f 1788/467/287 708/280/287 66/285/287 675/468/287
f 739/463/288 1788/467/288 675/468/288 96/464/288
f 548/469/289 1723/470/289 1789/471/289 767/469/289
f 1723/470/290 551/472/290 1663/473/290 1789/471/290
f 1789/471/291 1663/473/291 123/474/291 798/475/291
f 767/469/292 1789/471/292 798/475/292 124/469/292
f 550/476/293 1722/477/293 1790/478/293 771/479/293
f 1722/477/294 552/480/294 1664/481/294 1790/478/294
f 1790/478/295 1664/481/295 109/482/295 784/483/295
f 771/479/296 1790/478/296 784/483/296 110/484/296
f 551/485/297 1721/486/297 1791/487/297 1663/473/297
f 1721/486/298 553/488/298 1665/489/298 1791/487/298
f 1791/487/299 1665/489/299 122/490/299 797/491/299
f 1663/473/300 1791/487/300 797/491/300 123/492/300
f 552/493/301 1720/494/301 1792/495/301 1664/481/301
f 1720/494/302 554/342/302 1666/496/302 1792/495/302
f 1792/495/303 1666/496/303 108/497/303 783/498/303
f 1664/481/304 1792/495/304 783/498/304 109/499/304
f 553/488/305 1719/500/305 1793/501/305 1665/489/305
f 1719/500/306 555/502/306 1667/503/306 1793/501/306
f 1793/501/307 1667/503/307 121/504/307 796/505/307
f 1665/489/308 1793/501/308 796/505/308 122/490/308
f 554/342/309 1718/506/309 1794/507/309 1666/496/309
f 1718/506/310 556/508/310 1668/509/310 1794/507/310
f 1794/507/311 1668/509/311 107/510/311 782/511/311
f 1666/496/312 1794/507/312 782/511/312 108/497/312
f 555/502/313 1717/512/313 1795/513/313 1667/503/313
f 1717/512/314 557/514/314 1669/515/314 1795/513/314
f 1795/513/315 1669/515/315 120/414/315 795/516/315
f 1667/503/316 1795/513/316 795/516/316 121/504/316
f 556/508/317 1716/517/317 1796/518/317 1668/509/317
f 1716/517/318 558/519/318 1670/520/318 1796/518/318
f 1796/518/319 1670/520/319 106/521/319 781/522/319
f 1668/509/320 1796/518/320 781/522/320 107/510/320
f 557/523/321 1715/524/321 1797/525/321 1669/515/321
f 1715/524/322 559/526/322 1671/527/322 1797/525/322
f 1797/525/323 1671/527/323 119/528/323 794/524/323
f 1669/515/324 1797/525/324 794/524/324 120/529/324
f 558/519/325 1714/530/325 1798/531/325 1670/520/325
f 1714/530/326 560/532/326 1672/533/326 1798/531/326
f 1798/531/327 1672/533/327 105/534/327 780/535/327
f 1670/520/328 1798/531/328 780/535/328 106/521/328
f 559/526/329 1713/536/329 1799/537/329 1671/527/329
f 1713/536/330 561/538/330 1673/538/330 1799/537/330
f 1799/537/331 1673/538/331 118/538/331 793/539/331
f 1671/527/332 1799/537/332 793/539/332 119/528/332
f 560/532/333 1712/540/333 1800/541/333 1672/533/333
f 1712/540/334 562/542/334 1674/543/334 1800/541/334
f 1800/541/335 1674/543/335 104/544/335 779/545/335
f 1672/533/336 1800/541/336 779/545/336 105/534/336
f 561/546/337 1711/547/337 1801/548/337 1673/538/337
f 1711/547/338 563/549/338 1675/550/338 1801/548/338
f 1801/548/339 1675/550/339 117/551/339 792/552/339
f 1673/538/340 1801/548/340 792/552/340 118/546/340
f 562/542/341 1710/553/341 1802/554/341 1674/543/341
f 1710/553/342 564/555/342 1676/556/342 1802/554/342
f 1802/554/343 1676/556/343 103/557/343 778/558/343
f 1674/543/344 1802/554/344 778/558/344 104/544/344
f 563/559/345 1709/560/345 1803/561/345 1675/562/345
f 1709/560/346 565/563/346 1677/564/346 1803/561/346
f 1803/561/347 1677/564/347 116/565/347 791/566/347
f 1675/562/348 1803/561/348 791/566/348 117/567/348
f 564/555/349 1708/568/349 1804/569/349 1676/556/349
f 1708/568/350 566/306/350 1678/570/350 1804/569/350
f 1804/569/351 1678/570/351 102/571/351 777/572/351
f 1676/556/352 1804/569/352 777/572/352 103/557/352
f 565/563/353 1707/573/353 1805/574/353 1677/564/353
f 1707/573/354 567/575/354 1679/576/354 1805/574/354
f 1805/574/355 1679/576/355 115/577/355 790/578/355
f 1677/564/356 1805/574/356 790/578/356 116/565/356
f 549/579/357 1706/580/357 1806/581/357 769/582/357
f 1706/580/358 568/583/358 1680/584/358 1806/581/358
f 1806/581/359 1680/584/359 128/585/359 803/586/359
f 769/582/360 1806/581/360 803/586/360 98/587/360
f 566/306/361 1705/588/361 1807/589/361 1678/570/361
f 1705/588/362 569/590/362 1681/591/362 1807/589/362
f 1807/589/363 1681/591/363 101/592/363 776/593/363
f 1678/570/364 1807/589/364 776/593/364 102/571/364
f 567/575/365 1704/594/365 1808/595/365 1679/576/365
f 1704/594/366 570/596/366 1682/597/366 1808/595/366
f 1808/595/367 1682/597/367 114/598/367 789/599/367
f 1679/576/368 1808/595/368 789/599/368 115/577/368
f 568/583/369 1703/600/369 1809/601/369 1680/584/369
f 1703/600/370 571/602/370 1683/603/370 1809/601/370
f 1809/601/371 1683/603/371 127/604/371 802/605/371
f 1680/584/372 1809/601/372 802/605/372 128/585/372
f 569/590/373 1702/606/373 1810/607/373 1681/591/373
f 1702/606/374 572/294/374 1684/608/374 1810/607/374
f 1810/607/375 1684/608/375 100/609/375 775/610/375
f 1681/591/376 1810/607/376 775/610/376 101/592/376
f 570/611/377 1701/612/377 1811/613/377 1682/614/377
f 1701/612/378 573/615/378 1685/616/378 1811/613/378
f 1811/613/379 1685/616/379 113/617/379 788/618/379
f 1682/614/380 1811/613/380 788/618/380 114/619/380
f 571/602/381 1700/620/381 1812/621/381 1683/603/381
f 1700/620/382 574/622/382 1686/623/382 1812/621/382
f 1812/621/383 1686/623/383 126/624/383 801/625/383
f 1683/603/384 1812/621/384 801/625/384 127/604/384
f 572/294/385 1699/626/385 1813/627/385 1684/608/385
f 1699/626/386 575/628/386 1687/629/386 1813/627/386
f 1813/627/387 1687/629/387 99/630/387 774/631/387
f 1684/608/388 1813/627/388 774/631/388 100/609/388
f 573/615/389 1698/632/389 1814/633/389 1685/616/389
f 1698/632/390 576/634/390 1688/635/390 1814/633/390
f 1814/633/391 1688/635/391 112/635/391 787/636/391
f 1685/616/392 1814/633/392 787/636/392 113/617/392
f 574/637/393 1697/638/393 1815/639/393 1686/640/393
f 1697/638/394 577/641/394 1689/642/394 1815/639/394
f 1815/639/395 1689/642/395 125/643/395 800/644/395
f 1686/640/396 1815/639/396 800/644/396 126/624/396
f 575/628/397 1696/645/397 1816/646/397 1687/629/397
f 1696/645/398 578/647/398 1690/648/398 1816/646/398
f 1816/646/399 1690/648/399 97/649/399 773/650/399
f 1687/629/400 1816/646/400 773/650/400 99/630/400
f 576/635/401 1695/651/401 1817/652/401 1688/635/401
f 1695/651/402 579/653/402 1691/654/402 1817/652/402
f 1817/652/403 1691/654/403 111/655/403 786/652/403
f 1688/635/404 1817/652/404 786/652/404 112/656/404
f 577/657/405 1694/658/405 1818/659/405 1689/660/405
f 1694/658/406 548/661/406 767/469/406 1818/659/406
f 1818/659/407 767/469/407 124/661/407 799/662/407
f 1689/660/408 1818/659/408 799/662/408 125/663/408
f 578/647/409 1693/664/409 1819/665/409 1690/648/409
f 1693/664/410 549/579/410 769/582/410 1819/665/410
f 1819/665/411 769/582/411 98/587/411 772/666/411
f 1690/648/412 1819/665/412 772/666/412 97/649/412
f 579/667/413 1692/668/413 1820/669/413 1691/654/413
f 1692/668/414 550/670/414 771/671/414 1820/669/414
f 1820/669/415 771/671/415 110/484/415 785/672/415
f 1691/654/416 1820/669/416 785/672/416 111/673/416
f 98/587/417 803/586/417 1821/674/417 772/675/417
f 803/586/418 128/585/418 804/676/418 1821/674/418
f 1821/674/419 804/676/419 129/677/419 805/678/419
f 772/675/420 1821/674/420 805/678/420 97/649/420
f 128/679/421 802/680/421 1822/681/421 804/682/421
f 802/680/422 127/683/422 806/684/422 1822/681/422
f 1822/681/423 806/684/423 130/685/423 807/686/423
f 804/682/424 1822/681/424 807/686/424 129/687/424
f 127/683/425 801/688/425 1823/689/425 806/684/425
f 801/688/426 126/624/426 808/690/426 1823/689/426
f 1823/689/427 808/690/427 131/691/427 809/692/427
f 806/684/428 1823/689/428 809/692/428 130/685/428
f 126/624/429 800/644/429 1824/693/429 808/690/429
f 800/644/430 125/643/430 810/694/430 1824/693/430
f 1824/693/431 810/694/431 132/695/431 811/696/431
f 808/690/432 1824/693/432 811/696/432 131/691/432
f 125/663/433 799/662/433 1825/697/433 810/698/433
f 799/662/434 124/661/434 812/699/434 1825/697/434
f 1825/697/435 812/699/435 133/700/435 813/701/435
f 810/698/436 1825/697/436 813/701/436 132/702/436
f 124/661/437 798/475/437 1826/703/437 812/699/437
f 798/475/438 123/492/438 814/704/438 1826/703/438
f 1826/703/439 814/704/439 134/705/439 815/706/439
f 812/699/440 1826/703/440 815/706/440 133/700/440
f 123/492/441 797/491/441 1827/707/441 814/704/441
f 797/491/442 122/490/442 816/708/442 1827/707/442
f 1827/707/443 816/708/443 135/709/443 817/710/443
f 814/704/444 1827/707/444 817/710/444 134/705/444
f 122/490/445 796/505/445 1828/711/445 816/708/445
f 796/505/446 121/504/446 795/516/446 1828/711/446
f 1828/711/447 795/516/447 120/414/447 818/712/447
f 816/708/448 1828/711/448 818/712/448 135/709/448
f 97/649/449 805/713/449 1829/714/449 773/715/449
f 805/713/450 129/687/450 819/716/450 1829/714/450
f 1829/714/451 819/716/451 136/717/451 820/718/451
f 773/715/452 1829/714/452 820/718/452 99/719/452
f 129/687/453 807/686/453 1830/720/453 819/716/453
f 807/686/453 130/685/453 821/721/453 1830/720/453
f 1830/720/453 821/721/453 137/722/453 822/723/453
f 819/716/453 1830/720/453 822/723/453 136/717/453
f 130/685/453 809/692/453 1831/724/453 821/721/453
f 809/692/453 131/691/453 823/725/453 1831/724/453
f 1831/724/453 823/725/453 138/726/453 824/727/453
f 821/721/453 1831/724/453 824/727/453 137/722/453
f 131/691/453 811/696/453 1832/728/453 823/725/453
f 811/696/453 132/695/453 825/729/453 1832/728/453
f 1832/728/453 825/729/453 139/730/453 826/731/453
f 823/725/453 1832/728/453 826/731/453 138/726/453
f 132/695/453 813/732/453 1833/733/453 825/729/453
f 813/732/453 133/734/453 827/735/453 1833/733/453
f 1833/733/453 827/735/453 140/736/453 828/737/453
f 825/729/453 1833/733/453 828/737/453 139/730/453
f 133/734/453 815/738/453 1834/739/453 827/735/453
f 815/738/453 134/740/453 829/741/453 1834/739/453
f 1834/739/453 829/741/453 141/742/453 830/743/453
f 827/735/453 1834/739/453 830/743/453 140/736/453
f 134/740/453 817/744/453 1835/745/453 829/741/453
f 817/744/453 135/746/453 831/747/453 1835/745/453
f 1835/745/453 831/747/453 142/748/453 832/749/453
f 829/741/453 1835/745/453 832/749/453 141/742/453
f 135/709/454 818/712/454 1836/750/454 831/751/454
f 818/712/455 120/414/455 794/524/455 1836/750/455
f 1836/750/456 794/524/456 119/528/456 833/752/456
f 831/751/457 1836/750/457 833/752/457 142/753/457
f 99/719/458 820/718/458 1837/754/458 774/755/458
f 820/718/459 136/717/459 834/756/459 1837/754/459
f 1837/754/460 834/756/460 143/757/460 835/758/460
f 774/755/461 1837/754/461 835/758/461 100/759/461
f 136/717/453 822/723/453 1838/760/453 834/756/453
f 822/723/453 137/722/453 836/761/453 1838/760/453
f 1838/760/453 836/761/453 144/762/453 837/763/453
f 834/756/453 1838/760/453 837/763/453 143/757/453
f 137/722/453 824/727/453 1839/764/453 836/761/453
f 824/727/453 138/726/453 838/765/453 1839/764/453
f 1839/764/453 838/765/453 145/766/453 839/767/453
f 836/761/453 1839/764/453 839/767/453 144/762/453
f 138/726/453 826/731/453 1840/768/453 838/765/453
f 826/731/453 139/730/453 840/769/453 1840/768/453
f 1840/768/453 840/769/453 146/770/453 841/771/453
f 838/765/453 1840/768/453 841/771/453 145/766/453
f 139/730/453 828/737/453 1841/772/453 840/769/453
f 828/737/453 140/736/453 842/773/453 1841/772/453
f 1841/772/453 842/773/453 147/774/453 843/775/453
f 840/769/453 1841/772/453 843/775/453 146/770/453
f 140/736/453 830/743/453 1842/776/453 842/773/453
f 830/743/453 141/742/453 844/777/453 1842/776/453
f 1842/776/453 844/777/453 148/778/453 845/779/453
f 842/773/453 1842/776/453 845/779/453 147/774/453
f 141/742/453 832/749/453 1843/780/453 844/777/453
f 832/749/453 142/748/453 846/781/453 1843/780/453
f 1843/780/453 846/781/453 149/782/453 847/783/453
f 844/777/453 1843/780/453 847/783/453 148/778/453
f 142/753/462 833/752/462 1844/784/462 846/785/462
f 833/752/463 119/528/463 793/539/463 1844/784/463
f 1844/784/464 793/539/464 118/546/464 848/786/464
f 846/785/465 1844/784/465 848/786/465 149/787/465
f 100/759/466 835/758/466 1845/788/466 775/789/466
f 835/758/467 143/757/467 849/790/467 1845/788/467
f 1845/788/468 849/790/468 150/791/468 850/792/468
f 775/789/469 1845/788/469 850/792/469 101/793/469
f 143/757/453 837/763/453 1846/794/453 849/790/453
f 837/763/453 144/762/453 851/795/453 1846/794/453
f 1846/794/453 851/795/453 151/796/453 852/797/453
f 849/790/453 1846/794/453 852/797/453 150/791/453
f 144/762/453 839/767/453 1847/798/453 851/795/453
f 839/767/453 145/766/453 853/799/453 1847/798/453
f 1847/798/453 853/799/453 152/800/453 854/801/453
f 851/795/453 1847/798/453 854/801/453 151/796/453
f 145/766/453 841/771/453 1848/802/453 853/799/453
f 841/771/453 146/770/453 855/803/453 1848/802/453
f 1848/802/453 855/803/453 153/804/453 856/805/453
f 853/799/453 1848/802/453 856/805/453 152/800/453
f 146/770/453 843/775/453 1849/806/453 855/803/453
f 843/775/453 147/774/453 857/807/453 1849/806/453
f 1849/806/453 857/807/453 154/808/453 858/809/453
f 855/803/453 1849/806/453 858/809/453 153/804/453
f 147/774/453 845/779/453 1850/810/453 857/807/453
f 845/779/453 148/778/453 859/811/453 1850/810/453
f 1850/810/453 859/811/453 155/812/453 860/813/453
f 857/807/453 1850/810/453 860/813/453 154/808/453
f 148/778/453 847/783/453 1851/814/453 859/811/453
f 847/783/453 149/782/453 861/815/453 1851/814/453
f 1851/814/453 861/815/453 156/816/453 862/817/453
f 859/811/453 1851/814/453 862/817/453 155/812/453
f 149/787/470 848/786/470 1852/818/470 861/815/470
f 848/786/471 118/546/471 792/819/471 1852/818/471
f 1852/818/472 792/819/472 117/551/472 863/820/472
f 861/815/473 1852/818/473 863/820/473 156/821/473
f 101/793/474 850/792/474 1853/822/474 776/823/474
f 850/792/475 150/791/475 864/824/475 1853/822/475
f 1853/822/476 864/824/476 157/825/476 865/826/476
f 776/823/477 1853/822/477 865/826/477 102/827/477
f 150/791/453 852/797/453 1854/828/453 864/824/453
f 852/797/453 151/796/453 866/829/453 1854/828/453
f 1854/828/453 866/829/453 158/830/453 867/831/453
f 864/824/453 1854/828/453 867/831/453 157/825/453
f 151/796/453 854/801/453 1855/832/453 866/829/453
f 854/801/453 152/800/453 868/833/453 1855/832/453
f 1855/832/453 868/833/453 159/834/453 869/835/453
f 866/829/453 1855/832/453 869/835/453 158/830/453
f 152/800/453 856/805/453 1856/836/453 868/833/453
f 856/805/453 153/804/453 870/837/453 1856/836/453
f 1856/836/453 870/837/453 160/838/453 871/839/453
f 868/833/453 1856/836/453 871/839/453 159/834/453
f 153/804/453 858/809/453 1857/840/453 870/837/453
f 858/809/453 154/808/453 872/841/453 1857/840/453
f 1857/840/453 872/841/453 161/842/453 873/843/453
f 870/837/453 1857/840/453 873/843/453 160/838/453
f 154/808/453 860/813/453 1858/844/453 872/841/453
f 860/813/453 155/812/453 874/845/453 1858/844/453
f 1858/844/453 874/845/453 162/846/453 875/847/453
f 872/841/453 1858/844/453 875/847/453 161/842/453
f 155/812/453 862/817/453 1859/848/453 874/845/453
f 862/817/453 156/816/453 876/849/453 1859/848/453
f 1859/848/453 876/849/453 163/850/453 877/851/453
f 874/845/453 1859/848/453 877/851/453 162/846/453
f 156/816/478 863/852/478 1860/853/478 876/849/478
f 863/852/479 117/854/479 791/855/479 1860/853/479
f 1860/853/480 791/855/480 116/856/480 878/857/480
f 876/849/481 1860/853/481 878/857/481 163/850/481
f 102/827/482 865/826/482 1861/858/482 777/859/482
f 865/826/483 157/825/483 879/860/483 1861/858/483
f 1861/858/484 879/860/484 164/861/484 880/862/484
f 777/859/485 1861/858/485 880/862/485 103/863/485
f 157/825/453 867/831/453 1862/864/453 879/860/453
f 867/831/453 158/830/453 881/865/453 1862/864/453
f 1862/864/453 881/865/453 165/866/453 882/867/453
f 879/860/453 1862/864/453 882/867/453 164/861/453
f 158/830/453 869/835/453 1863/868/453 881/865/453
f 869/835/453 159/834/453 883/869/453 1863/868/453
f 1863/868/453 883/869/453 166/870/453 884/871/453
f 881/865/453 1863/868/453 884/871/453 165/866/453
f 159/834/453 871/839/453 1864/872/453 883/869/453
f 871/839/453 160/838/453 885/873/453 1864/872/453
f 1864/872/453 885/873/453 167/874/453 886/875/453
f 883/869/453 1864/872/453 886/875/453 166/870/453
f 160/838/453 873/843/453 1865/876/453 885/873/453
f 873/843/453 161/842/453 887/877/453 1865/876/453
f 1865/876/453 887/877/453 168/878/453 888/879/453
f 885/873/453 1865/876/453 888/879/453 167/874/453
f 161/842/453 875/847/453 1866/880/453 887/877/453
f 875/847/453 162/846/453 889/881/453 1866/880/453
f 1866/880/453 889/881/453 169/882/453 890/883/453
f 887/877/453 1866/880/453 890/883/453 168/878/453
f 162/846/453 877/851/453 1867/884/453 889/881/453
f 877/851/453 163/850/453 891/885/453 1867/884/453
f 1867/884/453 891/885/453 170/886/453 892/887/453
f 889/881/453 1867/884/453 892/887/453 169/882/453
f 163/850/486 878/857/486 1868/888/486 891/885/486
f 878/857/487 116/856/487 790/889/487 1868/888/487
f 1868/888/488 790/889/488 115/577/488 893/890/488
f 891/885/489 1868/888/489 893/890/489 170/886/489
f 103/863/490 880/862/490 1869/891/490 778/892/490
f 880/862/491 164/861/491 894/893/491 1869/891/491
f 1869/891/492 894/893/492 171/894/492 895/895/492
f 778/892/493 1869/891/493 895/895/493 104/896/493
f 164/861/453 882/867/453 1870/897/453 894/893/453
f 882/867/453 165/866/453 896/898/453 1870/897/453
f 1870/897/453 896/898/453 172/899/453 897/900/453
f 894/893/453 1870/897/453 897/900/453 171/894/453
f 165/866/453 884/871/453 1871/901/453 896/898/453
f 884/871/453 166/870/453 898/902/453 1871/901/453
f 1871/901/453 898/902/453 173/903/453 899/904/453
f 896/898/453 1871/901/453 899/904/453 172/899/453
f 166/870/453 886/875/453 1872/905/453 898/902/453
f 886/875/453 167/874/453 900/906/453 1872/905/453
f 1872/905/453 900/906/453 174/907/453 901/908/453
f 898/902/453 1872/905/453 901/908/453 173/903/453
f 167/874/453 888/879/453 1873/909/453 900/906/453
f 888/879/453 168/878/453 902/910/453 1873/909/453
f 1873/909/453 902/910/453 175/911/453 903/912/453
f 900/906/453 1873/909/453 903/912/453 174/907/453
f 168/878/453 890/883/453 1874/913/453 902/910/453
f 890/883/453 169/882/453 904/914/453 1874/913/453
f 1874/913/453 904/914/453 176/915/453 905/916/453
f 902/910/453 1874/913/453 905/916/453 175/911/453
f 169/882/453 892/887/453 1875/917/453 904/914/453
f 892/887/453 170/886/453 906/918/453 1875/917/453
f 1875/917/453 906/918/453 177/919/453 907/920/453
f 904/914/453 1875/917/453 907/920/453 176/915/453
f 170/886/494 893/890/494 1876/921/494 906/918/494
f 893/890/495 115/577/495 789/922/495 1876/921/495
f 1876/921/496 789/922/496 114/923/496 908/924/496
f 906/918/497 1876/921/497 908/924/497 177/919/497
f 104/925/498 895/926/498 1877/927/498 779/928/498
f 895/926/499 171/929/499 909/930/499 1877/927/499
f 1877/927/500 909/930/500 106/931/500 780/535/500
f 779/928/501 1877/927/501 780/535/501 105/534/501
f 171/894/502 897/900/502 1878/932/502 909/933/502
f 897/900/503 172/899/503 910/934/503 1878/932/503
f 1878/932/504 910/934/504 107/935/504 781/936/504
f 909/933/505 1878/932/505 781/936/505 106/937/505
f 172/899/506 899/904/506 1879/938/506 910/934/506
f 899/904/507 173/903/507 911/939/507 1879/938/507
f 1879/938/508 911/939/508 108/940/508 782/941/508
f 910/934/509 1879/938/509 782/941/509 107/935/509
f 173/903/510 901/908/510 1880/942/510 911/939/510
f 901/908/511 174/907/511 912/943/511 1880/942/511
f 1880/942/512 912/943/512 109/944/512 783/945/512
f 911/939/513 1880/942/513 783/945/513 108/940/513
f 174/907/514 903/912/514 1881/946/514 912/943/514
f 903/912/515 175/911/515 913/947/515 1881/946/515
f 1881/946/516 913/947/516 110/484/516 784/948/516
f 912/943/517 1881/946/517 784/948/517 109/944/517
f 175/949/518 905/950/518 1882/951/518 913/952/518
f 905/950/519 176/953/519 914/954/519 1882/951/519
f 1882/951/520 914/954/520 111/673/520 785/955/520
f 913/952/521 1882/951/521 785/955/521 110/956/521
f 176/953/522 907/957/522 1883/958/522 914/954/522
f 907/957/523 177/959/523 915/960/523 1883/958/523
f 1883/958/524 915/960/524 112/635/524 786/961/524
f 914/954/525 1883/958/525 786/961/525 111/673/525
f 177/959/526 908/962/526 1884/963/526 915/960/526
f 908/962/527 114/964/527 788/965/527 1884/963/527
f 1884/963/528 788/965/528 113/617/528 787/636/528
f 915/960/529 1884/963/529 787/636/529 112/635/529
f 63/966/530 673/967/530 1885/968/530 674/969/530
f 673/967/531 401/970/531 1140/971/531 1885/968/531
f 1885/968/532 1140/971/532 178/972/532 916/973/532
f 674/969/533 1885/968/533 916/973/533 1/974/533
f 401/970/534 1139/975/534 1886/976/534 1140/971/534
f 1139/975/534 400/977/534 1141/978/534 1886/976/534
f 1886/976/535 1141/978/535 179/979/535 917/980/535
f 1140/971/535 1886/976/535 917/980/535 178/972/535
f 400/977/534 1138/981/534 1887/982/534 1141/978/534
f 1138/981/534 399/983/534 1142/984/534 1887/982/534
f 1887/982/535 1142/984/535 180/985/535 918/986/535
f 1141/978/535 1887/982/535 918/986/535 179/979/535
f 399/983/534 1137/987/534 1888/988/534 1142/984/534
f 1137/987/534 398/989/534 1143/990/534 1888/988/534
f 1888/988/535 1143/990/535 181/991/535 919/992/535
f 1142/984/535 1888/988/535 919/992/535 180/985/535
f 398/989/534 1136/993/534 1889/994/534 1143/990/534
f 1136/993/534 397/995/534 1144/996/534 1889/994/534
f 1889/994/535 1144/996/535 182/997/535 920/998/535
f 1143/990/535 1889/994/535 920/998/535 181/991/535
f 397/995/534 1135/999/534 1890/1000/534 1144/996/534
f 1135/999/534 396/1001/534 1145/1002/534 1890/1000/534
f 1890/1000/535 1145/1002/535 183/1003/535 921/1004/535
f 1144/996/535 1890/1000/535 921/1004/535 182/997/535
f 396/1001/534 1134/1005/534 1891/1006/534 1145/1002/534
f 1134/1005/534 395/189/534 1146/191/534 1891/1006/534
f 1891/1006/535 1146/191/535 184/195/535 922/1007/535
f 1145/1002/535 1891/1006/535 922/1007/535 183/1003/535
f 61/1008/536 670/1009/536 1892/1010/536 671/1011/536
f 670/1009/537 394/1012/537 1147/1013/537 1892/1010/537
f 1892/1010/538 1147/1013/538 401/970/538 673/967/538
f 671/1011/539 1892/1010/539 673/967/539 63/966/539
f 394/1012/540 1132/1014/540 1893/1015/540 1147/1016/540
f 1132/1014/540 393/1017/540 1148/1018/540 1893/1015/540
f 1893/1015/541 1148/1018/541 400/1019/541 1139/975/541
f 1147/1016/541 1893/1015/541 1139/975/541 401/970/541
f 393/1017/540 1131/1020/540 1894/1021/540 1148/1018/540
f 1131/1020/540 392/1022/540 1149/1023/540 1894/1021/540
f 1894/1021/541 1149/1023/541 399/1024/541 1138/981/541
f 1148/1018/541 1894/1021/541 1138/981/541 400/1019/541
f 392/1022/540 1130/1025/540 1895/1026/540 1149/1023/540
f 1130/1025/540 391/1027/540 1150/1028/540 1895/1026/540
f 1895/1026/541 1150/1028/541 398/989/541 1137/1029/541
f 1149/1023/541 1895/1026/541 1137/1029/541 399/1024/541
f 391/1027/540 1129/1030/540 1896/1031/540 1150/1028/540
f 1129/1030/540 390/1032/540 1151/1033/540 1896/1031/540
f 1896/1031/541 1151/1033/541 397/1034/541 1136/993/541
f 1150/1028/541 1896/1031/541 1136/993/541 398/989/541
f 390/1032/540 1128/1035/540 1897/1036/540 1151/1033/540
f 1128/1035/540 389/1037/540 1152/1038/540 1897/1036/540
f 1897/1036/541 1152/1038/541 396/1039/541 1135/1040/541
f 1151/1033/541 1897/1036/541 1135/1040/541 397/1034/541
f 389/1037/540 1127/1041/540 1898/1042/540 1152/1038/540
f 1127/1041/540 388/183/540 1153/185/540 1898/1042/540
f 1898/1042/541 1153/185/541 395/189/541 1134/1043/541
f 1152/1038/541 1898/1042/541 1134/1043/541 396/1039/541
f 59/1044/542 667/1045/542 1899/1046/542 668/1047/542
f 667/1045/543 387/1048/543 1154/1049/543 1899/1046/543
f 1899/1046/544 1154/1049/544 394/1012/544 670/1009/544
f 668/1047/545 1899/1046/545 670/1009/545 61/1008/545
f 387/1050/546 1125/1051/546 1900/1052/546 1154/1053/546
f 1125/1051/546 386/1054/546 1155/1055/546 1900/1052/546
f 1900/1052/547 1155/1055/547 393/1017/547 1132/1014/547
f 1154/1053/547 1900/1052/547 1132/1014/547 394/1012/547
f 386/1054/546 1124/1056/546 1901/1057/546 1155/1055/546
f 1124/1056/546 385/1058/546 1156/1059/546 1901/1057/546
f 1901/1057/547 1156/1059/547 392/1022/547 1131/1020/547
f 1155/1055/547 1901/1057/547 1131/1020/547 393/1017/547
f 385/1058/546 1123/1060/546 1902/1061/546 1156/1059/546
f 1123/1060/546 384/1062/546 1157/1063/546 1902/1061/546
f 1902/1061/547 1157/1063/547 391/1027/547 1130/1025/547
f 1156/1059/547 1902/1061/547 1130/1025/547 392/1022/547
f 384/1062/546 1122/1064/546 1903/1065/546 1157/1063/546
f 1122/1064/546 383/1066/546 1158/1067/546 1903/1065/546
f 1903/1065/547 1158/1067/547 390/1032/547 1129/1030/547
f 1157/1063/547 1903/1065/547 1129/1030/547 391/1027/547
f 383/1066/546 1121/1068/546 1904/1069/546 1158/1067/546
f 1121/1068/546 382/1070/546 1159/1071/546 1904/1069/546
f 1904/1069/547 1159/1071/547 389/1037/547 1128/1035/547
f 1158/1067/547 1904/1069/547 1128/1035/547 390/1032/547
f 382/1070/546 1120/1072/546 1905/1073/546 1159/1071/546
f 1120/1072/546 381/1074/546 1160/179/546 1905/1073/546
f 1905/1073/547 1160/179/547 388/183/547 1127/1041/547
f 1159/1071/547 1905/1073/547 1127/1041/547 389/1037/547
f 57/1075/548 664/1076/548 1906/1077/548 665/1078/548
f 664/1076/549 380/1079/549 1161/1080/549 1906/1077/549
f 1906/1077/550 1161/1080/550 387/1048/550 667/1045/550
f 665/1078/551 1906/1077/551 667/1045/551 59/1044/551
f 380/1081/552 1118/1082/552 1907/1083/552 1161/1084/552
f 1118/1082/552 379/1085/552 1162/1086/552 1907/1083/552
f 1907/1083/553 1162/1086/553 386/1054/553 1125/1051/553
f 1161/1084/553 1907/1083/553 1125/1051/553 387/1050/553
f 379/1085/552 1117/1087/552 1908/1088/552 1162/1086/552
f 1117/1087/552 378/1089/552 1163/1090/552 1908/1088/552
f 1908/1088/553 1163/1090/553 385/1058/553 1124/1056/553
f 1162/1086/553 1908/1088/553 1124/1056/553 386/1054/553
f 378/1089/552 1116/1091/552 1909/1092/552 1163/1090/552
f 1116/1091/552 377/1093/552 1164/1094/552 1909/1092/552
f 1909/1092/553 1164/1094/553 384/1062/553 1123/1060/553
f 1163/1090/553 1909/1092/553 1123/1060/553 385/1058/553
f 377/1093/552 1115/1095/552 1910/1096/552 1164/1094/552
f 1115/1095/552 376/1097/552 1165/1098/552 1910/1096/552
f 1910/1096/553 1165/1098/553 383/1066/553 1122/1064/553
f 1164/1094/553 1910/1096/553 1122/1064/553 384/1062/553
f 376/1097/552 1114/1099/552 1911/1100/552 1165/1098/552
f 1114/1099/552 375/1101/552 1166/1102/552 1911/1100/552
f 1911/1100/553 1166/1102/553 382/1070/553 1121/1068/553
f 1165/1098/553 1911/1100/553 1121/1068/553 383/1066/553
f 375/1101/552 1113/1103/552 1912/1104/552 1166/1102/552
f 1113/1103/552 374/1105/552 1167/1106/552 1912/1104/552
f 1912/1104/553 1167/1106/553 381/1074/553 1120/1072/553
f 1166/1102/553 1912/1104/553 1120/1072/553 382/1070/553
f 55/1107/554 661/1108/554 1913/1109/554 662/1110/554
f 661/1108/555 373/1111/555 1168/1112/555 1913/1109/555
f 1913/1109/556 1168/1112/556 380/1079/556 664/1076/556
f 662/1110/557 1913/1109/557 664/1076/557 57/1075/557
f 373/1113/558 1111/1114/558 1914/1115/558 1168/1116/558
f 1111/1114/558 372/1117/558 1169/1118/558 1914/1115/558
f 1914/1115/559 1169/1118/559 379/1085/559 1118/1082/559
f 1168/1116/559 1914/1115/559 1118/1082/559 380/1081/559
f 372/1117/558 1110/1119/558 1915/1120/558 1169/1118/558
f 1110/1119/558 371/1121/558 1170/1122/558 1915/1120/558
f 1915/1120/559 1170/1122/559 378/1089/559 1117/1087/559
f 1169/1118/559 1915/1120/559 1117/1087/559 379/1085/559
f 371/1121/558 1109/1123/558 1916/1124/558 1170/1122/558
f 1109/1123/558 370/1125/558 1171/1126/558 1916/1124/558
f 1916/1124/559 1171/1126/559 377/1093/559 1116/1091/559
f 1170/1122/559 1916/1124/559 1116/1091/559 378/1089/559
f 370/1125/558 1108/1127/558 1917/1128/558 1171/1126/558
f 1108/1127/558 369/1129/558 1172/1130/558 1917/1128/558
f 1917/1128/559 1172/1130/559 376/1097/559 1115/1095/559
f 1171/1126/559 1917/1128/559 1115/1095/559 377/1093/559
f 369/1129/558 1107/1131/558 1918/1132/558 1172/1130/558
f 1107/1131/558 368/1133/558 1173/1134/558 1918/1132/558
f 1918/1132/559 1173/1134/559 375/1101/559 1114/1099/559
f 1172/1130/559 1918/1132/559 1114/1099/559 376/1097/559
f 368/1133/558 1106/1135/558 1919/1136/558 1173/1134/558
f 1106/1135/558 367/1137/558 1174/1138/558 1919/1136/558
f 1919/1136/559 1174/1138/559 374/1105/559 1113/1103/559
f 1173/1134/559 1919/1136/559 1113/1103/559 375/1101/559
f 53/1139/560 658/1140/560 1920/1141/560 659/1142/560
f 658/1140/561 366/1143/561 1175/1144/561 1920/1141/561
f 1920/1141/562 1175/1144/562 373/1111/562 661/1108/562
f 659/1142/563 1920/1141/563 661/1108/563 55/1107/563
f 366/1143/564 1104/1145/564 1921/1146/564 1175/1147/564
f 1104/1145/564 365/1148/564 1176/1149/564 1921/1146/564
f 1921/1146/565 1176/1149/565 372/1117/565 1111/1114/565
f 1175/1147/565 1921/1146/565 1111/1114/565 373/1113/565
f 365/1148/564 1103/1150/564 1922/1151/564 1176/1149/564
f 1103/1150/564 364/1152/564 1177/1153/564 1922/1151/564
f 1922/1151/565 1177/1153/565 371/1121/565 1110/1119/565
f 1176/1149/565 1922/1151/565 1110/1119/565 372/1117/565
f 364/1152/564 1102/1154/564 1923/1155/564 1177/1153/564
f 1102/1154/564 363/1156/564 1178/1157/564 1923/1155/564
f 1923/1155/565 1178/1157/565 370/1125/565 1109/1123/565
f 1177/1153/565 1923/1155/565 1109/1123/565 371/1121/565
f 363/1156/564 1101/1158/564 1924/1159/564 1178/1157/564
f 1101/1158/564 362/1160/564 1179/1161/564 1924/1159/564
f 1924/1159/565 1179/1161/565 369/1129/565 1108/1127/565
f 1178/1157/565 1924/1159/565 1108/1127/565 370/1125/565
f 362/1160/564 1100/1162/564 1925/1163/564 1179/1161/564
f 1100/1162/564 361/1164/564 1180/1165/564 1925/1163/564
f 1925/1163/565 1180/1165/565 368/1133/565 1107/1131/565
f 1179/1161/565 1925/1163/565 1107/1131/565 369/1129/565
f 361/1164/564 1099/1166/564 1926/1167/564 1180/1165/564
f 1099/1166/564 360/159/564 1181/1168/564 1926/1167/564
f 1926/1167/565 1181/1168/565 367/1137/565 1106/1135/565
f 1180/1165/565 1926/1167/565 1106/1135/565 368/1133/565
f 51/1169/566 655/1170/566 1927/1171/566 656/1172/566
f 655/1170/567 359/1173/567 1182/1174/567 1927/1171/567
f 1927/1171/568 1182/1174/568 366/1143/568 658/1140/568
f 656/1172/569 1927/1171/569 658/1140/569 53/1139/569
f 359/1175/570 1097/1176/570 1928/1177/570 1182/1178/570
f 1097/1176/570 358/1179/570 1183/1180/570 1928/1177/570
f 1928/1177/571 1183/1180/571 365/1148/571 1104/1145/571
f 1182/1178/571 1928/1177/571 1104/1145/571 366/1143/571
f 358/1179/570 1096/1181/570 1929/1182/570 1183/1180/570
f 1096/1181/570 357/1183/570 1184/1184/570 1929/1182/570
f 1929/1182/571 1184/1184/571 364/1152/571 1103/1150/571
f 1183/1180/571 1929/1182/571 1103/1150/571 365/1148/571
f 357/1183/570 1095/1185/570 1930/1186/570 1184/1184/570
f 1095/1185/570 356/1187/570 1185/1188/570 1930/1186/570
f 1930/1186/571 1185/1188/571 363/1156/571 1102/1154/571
f 1184/1184/571 1930/1186/571 1102/1154/571 364/1152/571
f 356/1187/570 1094/1189/570 1931/1190/570 1185/1188/570
f 1094/1189/570 355/1191/570 1186/1192/570 1931/1190/570
f 1931/1190/571 1186/1192/571 362/1160/571 1101/1158/571
f 1185/1188/571 1931/1190/571 1101/1158/571 363/1156/571
f 355/1191/570 1093/1193/570 1932/1194/570 1186/1192/570
f 1093/1193/570 354/1195/570 1187/1196/570 1932/1194/570
f 1932/1194/571 1187/1196/571 361/1164/571 1100/1162/571
f 1186/1192/571 1932/1194/571 1100/1162/571 362/1160/571
f 354/1195/570 1092/1197/570 1933/1198/570 1187/1196/570
f 1092/1197/570 353/1199/570 1188/1200/570 1933/1198/570
f 1933/1198/571 1188/1200/571 360/159/571 1099/1166/571
f 1187/1196/571 1933/1198/571 1099/1166/571 361/1164/571
f 49/1201/572 652/1202/572 1934/1203/572 653/1204/572
f 652/1202/573 352/1205/573 1189/1206/573 1934/1203/573
f 1934/1203/574 1189/1206/574 359/1173/574 655/1170/574
f 653/1204/575 1934/1203/575 655/1170/575 51/1169/575
f 352/1207/576 1090/1208/576 1935/1209/576 1189/1210/576
f 1090/1208/576 351/1211/576 1190/1212/576 1935/1209/576
f 1935/1209/577 1190/1212/577 358/1179/577 1097/1176/577
f 1189/1210/577 1935/1209/577 1097/1176/577 359/1175/577
f 351/1211/576 1089/1213/576 1936/1214/576 1190/1212/576
f 1089/1213/576 350/1215/576 1191/1216/576 1936/1214/576
f 1936/1214/577 1191/1216/577 357/1183/577 1096/1181/577
f 1190/1212/577 1936/1214/577 1096/1181/577 358/1179/577
f 350/1215/576 1088/1217/576 1937/1218/576 1191/1216/576
f 1088/1217/576 349/1219/576 1192/1220/576 1937/1218/576
f 1937/1218/577 1192/1220/577 356/1187/577 1095/1185/577
f 1191/1216/577 1937/1218/577 1095/1185/577 357/1183/577
f 349/1219/576 1087/1221/576 1938/1222/576 1192/1220/576
f 1087/1221/576 348/1223/576 1193/1224/576 1938/1222/576
f 1938/1222/577 1193/1224/577 355/1191/577 1094/1189/577
f 1192/1220/577 1938/1222/577 1094/1189/577 356/1187/577
f 348/1223/576 1086/1225/576 1939/1226/576 1193/1224/576
f 1086/1225/576 347/1227/576 1194/1228/576 1939/1226/576
f 1939/1226/577 1194/1228/577 354/1195/577 1093/1193/577
f 1193/1224/577 1939/1226/577 1093/1193/577 355/1191/577
f 347/1227/576 1085/1229/576 1940/1230/576 1194/1228/576
f 1085/1229/576 346/1231/576 1195/149/576 1940/1230/576
f 1940/1230/577 1195/149/577 353/1199/577 1092/1197/577
f 1194/1228/577 1940/1230/577 1092/1197/577 354/1195/577
f 47/1232/578 649/1233/578 1941/1234/578 650/1235/578
f 649/1233/579 345/1236/579 1196/1237/579 1941/1234/579
f 1941/1234/580 1196/1237/580 352/1205/580 652/1202/580
f 650/1235/581 1941/1234/581 652/1202/581 49/1201/581
f 345/1238/582 1083/1239/582 1942/1240/582 1196/1241/582
f 1083/1239/582 344/1242/582 1197/1243/582 1942/1240/582
f 1942/1240/583 1197/1243/583 351/1211/583 1090/1208/583
f 1196/1241/583 1942/1240/583 1090/1208/583 352/1207/583
f 344/1242/582 1082/1244/582 1943/1245/582 1197/1243/582
f 1082/1244/582 343/1246/582 1198/1247/582 1943/1245/582
f 1943/1245/583 1198/1247/583 350/1215/583 1089/1213/583
f 1197/1243/583 1943/1245/583 1089/1213/583 351/1211/583
f 343/1246/582 1081/1248/582 1944/1249/582 1198/1247/582
f 1081/1248/582 342/1250/582 1199/1251/582 1944/1249/582
f 1944/1249/583 1199/1251/583 349/1219/583 1088/1217/583
f 1198/1247/583 1944/1249/583 1088/1217/583 350/1215/583
f 342/1250/582 1080/1252/582 1945/1253/582 1199/1251/582
f 1080/1252/582 341/1254/582 1200/1255/582 1945/1253/582
f 1945/1253/583 1200/1255/583 348/1223/583 1087/1221/583
f 1199/1251/583 1945/1253/583 1087/1221/583 349/1219/583
f 341/1254/582 1079/1256/582 1946/1257/582 1200/1255/582
f 1079/1256/582 340/1258/582 1201/1259/582 1946/1257/582
f 1946/1257/583 1201/1259/583 347/1227/583 1086/1225/583
f 1200/1255/583 1946/1257/583 1086/1225/583 348/1223/583
f 340/1258/582 1078/1260/582 1947/1261/582 1201/1259/582
f 1078/1260/582 339/1262/582 1202/1263/582 1947/1261/582
f 1947/1261/583 1202/1263/583 346/1231/583 1085/1229/583
f 1201/1259/583 1947/1261/583 1085/1229/583 347/1227/583
f 45/1264/584 646/1265/584 1948/1266/584 647/1267/584
f 646/1265/585 338/1268/585 1203/1269/585 1948/1266/585
f 1948/1266/586 1203/1269/586 345/1236/586 649/1233/586
f 647/1267/587 1948/1266/587 649/1233/587 47/1232/587
f 338/1270/588 1076/1271/588 1949/1272/588 1203/1273/588
f 1076/1271/588 337/1274/588 1204/1275/588 1949/1272/588
f 1949/1272/589 1204/1275/589 344/1242/589 1083/1239/589
f 1203/1273/589 1949/1272/589 1083/1239/589 345/1238/589
f 337/1274/588 1075/1276/588 1950/1277/588 1204/1275/588
f 1075/1276/588 336/1278/588 1205/1279/588 1950/1277/588
f 1950/1277/589 1205/1279/589 343/1246/589 1082/1244/589
f 1204/1275/589 1950/1277/589 1082/1244/589 344/1242/589
f 336/1278/588 1074/1280/588 1951/1281/588 1205/1279/588
f 1074/1280/588 335/1282/588 1206/1283/588 1951/1281/588
f 1951/1281/589 1206/1283/589 342/1250/589 1081/1248/589
f 1205/1279/589 1951/1281/589 1081/1248/589 343/1246/589
f 335/1282/588 1073/1284/588 1952/1285/588 1206/1283/588
f 1073/1284/588 334/1286/588 1207/1287/588 1952/1285/588
f 1952/1285/589 1207/1287/589 341/1254/589 1080/1252/589
f 1206/1283/589 1952/1285/589 1080/1252/589 342/1250/589
f 334/1286/588 1072/1288/588 1953/1289/588 1207/1287/588
f 1072/1288/588 333/1290/588 1208/1291/588 1953/1289/588
f 1953/1289/589 1208/1291/589 340/1258/589 1079/1256/589
f 1207/1287/589 1953/1289/589 1079/1256/589 341/1254/589
f 333/1290/588 1071/1292/588 1954/1293/588 1208/1291/588
f 1071/1292/588 332/1294/588 1209/137/588 1954/1293/588
f 1954/1293/589 1209/137/589 339/1262/589 1078/1260/589
f 1208/1291/589 1954/1293/589 1078/1260/589 340/1258/589
f 43/1295/590 643/1296/590 1955/1297/590 644/1298/590
f 643/1296/591 331/1299/591 1210/1300/591 1955/1297/591
f 1955/1297/592 1210/1300/592 338/1268/592 646/1265/592
f 644/1298/593 1955/1297/593 646/1265/593 45/1264/593
f 331/1301/594 1069/1302/594 1956/1303/594 1210/1304/594
f 1069/1302/594 330/1305/594 1211/1306/594 1956/1303/594
f 1956/1303/595 1211/1306/595 337/1274/595 1076/1271/595
f 1210/1304/595 1956/1303/595 1076/1271/595 338/1270/595
f 330/1305/594 1068/1307/594 1957/1308/594 1211/1306/594
f 1068/1307/594 329/1309/594 1212/1310/594 1957/1308/594
f 1957/1308/595 1212/1310/595 336/1278/595 1075/1276/595
f 1211/1306/595 1957/1308/595 1075/1276/595 337/1274/595
f 329/1309/594 1067/1311/594 1958/1312/594 1212/1310/594
f 1067/1311/594 328/1313/594 1213/1314/594 1958/1312/594
f 1958/1312/595 1213/1314/595 335/1282/595 1074/1280/595
f 1212/1310/595 1958/1312/595 1074/1280/595 336/1278/595
f 328/1313/594 1066/1315/594 1959/1316/594 1213/1314/594
f 1066/1315/594 327/1317/594 1214/1318/594 1959/1316/594
f 1959/1316/595 1214/1318/595 334/1286/595 1073/1284/595
f 1213/1314/595 1959/1316/595 1073/1284/595 335/1282/595
f 327/1317/594 1065/1319/594 1960/1320/594 1214/1318/594
f 1065/1319/594 326/1321/594 1215/1322/594 1960/1320/594
f 1960/1320/595 1215/1322/595 333/1290/595 1072/1288/595
f 1214/1318/595 1960/1320/595 1072/1288/595 334/1286/595
f 326/1321/594 1064/1323/594 1961/1324/594 1215/1322/594
f 1064/1323/594 325/1325/594 1216/1326/594 1961/1324/594
f 1961/1324/595 1216/1326/595 332/1294/595 1071/1292/595
f 1215/1322/595 1961/1324/595 1071/1292/595 333/1290/595
f 41/1327/596 640/1328/596 1962/1329/596 641/1330/596
f 640/1328/597 324/1331/597 1217/1332/597 1962/1329/597
f 1962/1329/598 1217/1332/598 331/1299/598 643/1296/598
f 641/1330/599 1962/1329/599 643/1296/599 43/1295/599
f 324/1331/600 1062/1333/600 1963/1334/600 1217/1335/600
f 1062/1333/600 323/1336/600 1218/1337/600 1963/1334/600
f 1963/1334/601 1218/1337/601 330/1305/601 1069/1302/601
f 1217/1335/601 1963/1334/601 1069/1302/601 331/1301/601
f 323/1336/600 1061/1338/600 1964/1339/600 1218/1337/600
f 1061/1338/600 322/1340/600 1219/1341/600 1964/1339/600
f 1964/1339/601 1219/1341/601 329/1309/601 1068/1307/601
f 1218/1337/601 1964/1339/601 1068/1307/601 330/1305/601
f 322/1340/600 1060/1342/600 1965/1343/600 1219/1341/600
f 1060/1342/600 321/1344/600 1220/1345/600 1965/1343/600
f 1965/1343/601 1220/1345/601 328/1313/601 1067/1311/601
f 1219/1341/601 1965/1343/601 1067/1311/601 329/1309/601
f 321/1344/600 1059/1346/600 1966/1347/600 1220/1345/600
f 1059/1346/600 320/1348/600 1221/1349/600 1966/1347/600
f 1966/1347/601 1221/1349/601 327/1317/601 1066/1315/601
f 1220/1345/601 1966/1347/601 1066/1315/601 328/1313/601
f 320/1348/600 1058/1350/600 1967/1351/600 1221/1349/600
f 1058/1350/600 319/1352/600 1222/1353/600 1967/1351/600
f 1967/1351/601 1222/1353/601 326/1321/601 1065/1319/601
f 1221/1349/601 1967/1351/601 1065/1319/601 327/1317/601
f 319/1352/600 1057/1354/600 1968/1355/600 1222/1353/600
f 1057/1354/600 318/1356/600 1223/1357/600 1968/1355/600
f 1968/1355/601 1223/1357/601 325/1325/601 1064/1323/601
f 1222/1353/601 1968/1355/601 1064/1323/601 326/1321/601
f 39/1358/602 637/1359/602 1969/1360/602 638/1361/602
f 637/1359/603 317/1362/603 1224/1363/603 1969/1360/603
f 1969/1360/604 1224/1363/604 324/1331/604 640/1328/604
f 638/1361/605 1969/1360/605 640/1328/605 41/1327/605
f 317/1364/606 1055/1365/606 1970/1366/606 1224/1367/606
f 1055/1365/606 316/1368/606 1225/1369/606 1970/1366/606
f 1970/1366/607 1225/1369/607 323/1336/607 1062/1333/607
f 1224/1367/607 1970/1366/607 1062/1333/607 324/1331/607
f 316/1368/606 1054/1370/606 1971/1371/606 1225/1369/606
f 1054/1370/606 315/1372/606 1226/1373/606 1971/1371/606
f 1971/1371/607 1226/1373/607 322/1340/607 1061/1338/607
f 1225/1369/607 1971/1371/607 1061/1338/607 323/1336/607
f 315/1372/606 1053/1374/606 1972/1375/606 1226/1373/606
f 1053/1374/606 314/1376/606 1227/1377/606 1972/1375/606
f 1972/1375/607 1227/1377/607 321/1344/607 1060/1342/607
f 1226/1373/607 1972/1375/607 1060/1342/607 322/1340/607
f 314/1376/606 1052/1378/606 1973/1379/606 1227/1377/606
f 1052/1378/606 313/1380/606 1228/1381/606 1973/1379/606
f 1973/1379/607 1228/1381/607 320/1348/607 1059/1346/607
f 1227/1377/607 1973/1379/607 1059/1346/607 321/1344/607
f 313/1380/606 1051/1382/606 1974/1383/606 1228/1381/606
f 1051/1382/606 312/1384/606 1229/1385/606 1974/1383/606
f 1974/1383/607 1229/1385/607 319/1352/607 1058/1350/607
f 1228/1381/607 1974/1383/607 1058/1350/607 320/1348/607
f 312/1384/606 1050/1386/606 1975/1387/606 1229/1385/606
f 1050/1386/606 311/1388/606 1230/1389/606 1975/1387/606
f 1975/1387/607 1230/1389/607 318/1356/607 1057/1354/607
f 1229/1385/607 1975/1387/607 1057/1354/607 319/1352/607
f 37/1390/608 634/1391/608 1976/1392/608 635/1393/608
f 634/1391/609 310/1394/609 1231/1395/609 1976/1392/609
f 1976/1392/610 1231/1395/610 317/1362/610 637/1359/610
f 635/1393/611 1976/1392/611 637/1359/611 39/1358/611
f 310/1396/612 1048/1397/612 1977/1398/612 1231/1399/612
f 1048/1397/612 309/1400/612 1232/1401/612 1977/1398/612
f 1977/1398/613 1232/1401/613 316/1368/613 1055/1365/613
f 1231/1399/613 1977/1398/613 1055/1365/613 317/1364/613
f 309/1400/612 1047/1402/612 1978/1403/612 1232/1401/612
f 1047/1402/612 308/1404/612 1233/1405/612 1978/1403/612
f 1978/1403/613 1233/1405/613 315/1372/613 1054/1370/613
f 1232/1401/613 1978/1403/613 1054/1370/613 316/1368/613
f 308/1404/612 1046/1406/612 1979/1407/612 1233/1405/612
f 1046/1406/612 307/1408/612 1234/1409/612 1979/1407/612
f 1979/1407/613 1234/1409/613 314/1376/613 1053/1374/613
f 1233/1405/613 1979/1407/613 1053/1374/613 315/1372/613
f 307/1408/612 1045/1410/612 1980/1411/612 1234/1409/612
f 1045/1410/612 306/1412/612 1235/1413/612 1980/1411/612
f 1980/1411/613 1235/1413/613 313/1380/613 1052/1378/613
f 1234/1409/613 1980/1411/613 1052/1378/613 314/1376/613
f 306/1412/612 1044/1414/612 1981/1415/612 1235/1413/612
f 1044/1414/612 305/1416/612 1236/1417/612 1981/1415/612
f 1981/1415/613 1236/1417/613 312/1384/613 1051/1382/613
f 1235/1413/613 1981/1415/613 1051/1382/613 313/1380/613
f 305/1416/612 1043/1418/612 1982/1419/612 1236/1417/612
f 1043/1418/612 304/1420/612 1237/1421/612 1982/1419/612
f 1982/1419/613 1237/1421/613 311/1388/613 1050/1386/613
f 1236/1417/613 1982/1419/613 1050/1386/613 312/1384/613
f 35/1422/614 631/1423/614 1983/1424/614 632/1425/614
f 631/1423/615 303/1426/615 1238/1427/615 1983/1424/615
f 1983/1424/616 1238/1427/616 310/1394/616 634/1391/616
f 632/1425/617 1983/1424/617 634/1391/617 37/1390/617
f 303/1426/618 1041/1428/618 1984/1429/618 1238/1430/618
f 1041/1428/618 302/1431/618 1239/1432/618 1984/1429/618
f 1984/1429/619 1239/1432/619 309/1400/619 1048/1397/619
f 1238/1430/619 1984/1429/619 1048/1397/619 310/1396/619
f 302/1431/618 1040/1433/618 1985/1434/618 1239/1432/618
f 1040/1433/618 301/1435/618 1240/1436/618 1985/1434/618
f 1985/1434/619 1240/1436/619 308/1404/619 1047/1402/619
f 1239/1432/619 1985/1434/619 1047/1402/619 309/1400/619
f 301/1435/618 1039/1437/618 1986/1438/618 1240/1436/618
f 1039/1437/618 300/1439/618 1241/1440/618 1986/1438/618
f 1986/1438/619 1241/1440/619 307/1408/619 1046/1406/619
f 1240/1436/619 1986/1438/619 1046/1406/619 308/1404/619
f 300/1439/618 1038/1441/618 1987/1442/618 1241/1440/618
f 1038/1441/618 299/1443/618 1242/1444/618 1987/1442/618
f 1987/1442/619 1242/1444/619 306/1412/619 1045/1410/619
f 1241/1440/619 1987/1442/619 1045/1410/619 307/1408/619
f 299/1443/618 1037/1445/618 1988/1446/618 1242/1444/618
f 1037/1445/618 298/1447/618 1243/1448/618 1988/1446/618
f 1988/1446/619 1243/1448/619 305/1416/619 1044/1414/619
f 1242/1444/619 1988/1446/619 1044/1414/619 306/1412/619
f 298/1447/618 1036/1449/618 1989/1450/618 1243/1448/618
f 1036/1449/618 297/105/618 1244/1451/618 1989/1450/618
f 1989/1450/619 1244/1451/619 304/1420/619 1043/1418/619
f 1243/1448/619 1989/1450/619 1043/1418/619 305/1416/619
f 33/1452/620 628/1453/620 1990/1454/620 629/1455/620
f 628/1453/621 296/1456/621 1245/1457/621 1990/1454/621
f 1990/1454/622 1245/1457/622 303/1426/622 631/1423/622
f 629/1455/623 1990/1454/623 631/1423/623 35/1422/623
f 296/1456/624 1034/1458/624 1991/1459/624 1245/1460/624
f 1034/1458/624 295/1461/624 1246/1462/624 1991/1459/624
f 1991/1459/625 1246/1462/625 302/1431/625 1041/1428/625
f 1245/1460/625 1991/1459/625 1041/1428/625 303/1426/625
f 295/1461/624 1033/1463/624 1992/1464/624 1246/1462/624
f 1033/1463/624 294/1465/624 1247/1466/624 1992/1464/624
f 1992/1464/625 1247/1466/625 301/1435/625 1040/1433/625
f 1246/1462/625 1992/1464/625 1040/1433/625 302/1431/625
f 294/1465/624 1032/1467/624 1993/1468/624 1247/1466/624
f 1032/1467/624 293/1469/624 1248/1470/624 1993/1468/624
f 1993/1468/625 1248/1470/625 300/1439/625 1039/1437/625
f 1247/1466/625 1993/1468/625 1039/1437/625 301/1435/625
f 293/1469/624 1031/1471/624 1994/1472/624 1248/1470/624
f 1031/1471/624 292/1473/624 1249/1474/624 1994/1472/624
f 1994/1472/625 1249/1474/625 299/1443/625 1038/1441/625
f 1248/1470/625 1994/1472/625 1038/1441/625 300/1439/625
f 292/1473/624 1030/1475/624 1995/1476/624 1249/1474/624
f 1030/1475/624 291/1477/624 1250/1478/624 1995/1476/624
f 1995/1476/625 1250/1478/625 298/1447/625 1037/1445/625
f 1249/1474/625 1995/1476/625 1037/1445/625 299/1443/625
f 291/1477/624 1029/1479/624 1996/1480/624 1250/1478/624
f 1029/1479/624 290/99/624 1251/1481/624 1996/1480/624
f 1996/1480/625 1251/1481/625 297/105/625 1036/1449/625
f 1250/1478/625 1996/1480/625 1036/1449/625 298/1447/625
f 31/1482/626 625/1483/626 1997/1484/626 626/1485/626
f 625/1483/627 289/1486/627 1252/1487/627 1997/1484/627
f 1997/1484/628 1252/1487/628 296/1456/628 628/1453/628
f 626/1485/629 1997/1484/629 628/1453/629 33/1452/629
f 289/1486/630 1027/1488/630 1998/1489/630 1252/1490/630
f 1027/1488/630 288/1491/630 1253/1492/630 1998/1489/630
f 1998/1489/631 1253/1492/631 295/1461/631 1034/1458/631
f 1252/1490/631 1998/1489/631 1034/1458/631 296/1456/631
f 288/1491/630 1026/1493/630 1999/1494/630 1253/1492/630
f 1026/1493/630 287/1495/630 1254/1496/630 1999/1494/630
f 1999/1494/631 1254/1496/631 294/1465/631 1033/1463/631
f 1253/1492/631 1999/1494/631 1033/1463/631 295/1461/631
f 287/1495/630 1025/1497/630 2000/1498/630 1254/1496/630
f 1025/1497/630 286/1499/630 1255/1500/630 2000/1498/630
f 2000/1498/631 1255/1500/631 293/1469/631 1032/1467/631
f 1254/1496/631 2000/1498/631 1032/1467/631 294/1465/631
f 286/1499/630 1024/1501/630 2001/1502/630 1255/1500/630
f 1024/1501/630 285/1503/630 1256/1504/630 2001/1502/630
f 2001/1502/631 1256/1504/631 292/1473/631 1031/1471/631
f 1255/1500/631 2001/1502/631 1031/1471/631 293/1469/631
f 285/1503/630 1023/1505/630 2002/1506/630 1256/1504/630
f 1023/1505/630 284/1507/630 1257/1508/630 2002/1506/630
f 2002/1506/631 1257/1508/631 291/1477/631 1030/1475/631
f 1256/1504/631 2002/1506/631 1030/1475/631 292/1473/631
f 284/1507/630 1022/1509/630 2003/1510/630 1257/1508/630
f 1022/1509/630 283/93/630 1258/1511/630 2003/1510/630
f 2003/1510/631 1258/1511/631 290/99/631 1029/1479/631
f 1257/1508/631 2003/1510/631 1029/1479/631 291/1477/631
f 29/1512/632 622/1513/632 2004/1514/632 623/1515/632
f 622/1513/633 282/1516/633 1259/1517/633 2004/1514/633
f 2004/1514/634 1259/1517/634 289/1486/634 625/1483/634
f 623/1515/635 2004/1514/635 625/1483/635 31/1482/635
f 282/1516/636 1020/1518/636 2005/1519/636 1259/1520/636
f 1020/1518/636 281/1521/636 1260/1522/636 2005/1519/636
f 2005/1519/637 1260/1522/637 288/1491/637 1027/1488/637
f 1259/1520/637 2005/1519/637 1027/1488/637 289/1486/637
f 281/1521/636 1019/1523/636 2006/1524/636 1260/1522/636
f 1019/1523/636 280/1525/636 1261/1526/636 2006/1524/636
f 2006/1524/637 1261/1526/637 287/1495/637 1026/1493/637
f 1260/1522/637 2006/1524/637 1026/1493/637 288/1491/637
f 280/1525/636 1018/1527/636 2007/1528/636 1261/1526/636
f 1018/1527/636 279/1529/636 1262/1530/636 2007/1528/636
f 2007/1528/637 1262/1530/637 286/1499/637 1025/1497/637
f 1261/1526/637 2007/1528/637 1025/1497/637 287/1495/637
f 279/1529/636 1017/1531/636 2008/1532/636 1262/1530/636
f 1017/1531/636 278/1533/636 1263/1534/636 2008/1532/636
f 2008/1532/637 1263/1534/637 285/1503/637 1024/1501/637
f 1262/1530/637 2008/1532/637 1024/1501/637 286/1499/637
f 278/1533/636 1016/1535/636 2009/1536/636 1263/1534/636
f 1016/1535/636 277/1537/636 1264/1538/636 2009/1536/636
f 2009/1536/637 1264/1538/637 284/1507/637 1023/1505/637
f 1263/1534/637 2009/1536/637 1023/1505/637 285/1503/637
f 277/1537/636 1015/1539/636 2010/1540/636 1264/1538/636
f 1015/1539/636 276/87/636 1265/89/636 2010/1540/636
f 2010/1540/637 1265/89/637 283/93/637 1022/1509/637
f 1264/1538/637 2010/1540/637 1022/1509/637 284/1507/637
f 27/1541/638 619/1542/638 2011/1543/638 620/1544/638
f 619/1542/639 275/1545/639 1266/1546/639 2011/1543/639
f 2011/1543/640 1266/1546/640 282/1516/640 622/1513/640
f 620/1544/641 2011/1543/641 622/1513/641 29/1512/641
f 275/1547/642 1013/1548/642 2012/1549/642 1266/1550/642
f 1013/1548/642 274/1551/642 1267/1552/642 2012/1549/642
f 2012/1549/643 1267/1552/643 281/1521/643 1020/1518/643
f 1266/1550/643 2012/1549/643 1020/1518/643 282/1516/643
f 274/1551/642 1012/1553/642 2013/1554/642 1267/1552/642
f 1012/1553/642 273/1555/642 1268/1556/642 2013/1554/642
f 2013/1554/643 1268/1556/643 280/1525/643 1019/1523/643
f 1267/1552/643 2013/1554/643 1019/1523/643 281/1521/643
f 273/1555/642 1011/1557/642 2014/1558/642 1268/1556/642
f 1011/1557/642 272/1559/642 1269/1560/642 2014/1558/642
f 2014/1558/643 1269/1560/643 279/1529/643 1018/1527/643
f 1268/1556/643 2014/1558/643 1018/1527/643 280/1525/643
f 272/1559/642 1010/1561/642 2015/1562/642 1269/1560/642
f 1010/1561/642 271/1563/642 1270/1564/642 2015/1562/642
f 2015/1562/643 1270/1564/643 278/1533/643 1017/1531/643
f 1269/1560/643 2015/1562/643 1017/1531/643 279/1529/643
f 271/1563/642 1009/1565/642 2016/1566/642 1270/1564/642
f 1009/1565/642 270/1567/642 1271/1568/642 2016/1566/642
f 2016/1566/643 1271/1568/643 277/1537/643 1016/1535/643
f 1270/1564/643 2016/1566/643 1016/1535/643 278/1533/643
f 270/1567/642 1008/1569/642 2017/1570/642 1271/1568/642
f 1008/1569/642 269/1571/642 1272/1572/642 2017/1570/642
f 2017/1570/643 1272/1572/643 276/87/643 1015/1539/643
f 1271/1568/643 2017/1570/643 1015/1539/643 277/1537/643
f 25/1573/644 616/1574/644 2018/1575/644 617/1576/644
f 616/1574/645 268/1577/645 1273/1578/645 2018/1575/645
f 2018/1575/646 1273/1578/646 275/1545/646 619/1542/646
f 617/1576/647 2018/1575/647 619/1542/647 27/1541/647
f 268/1579/648 1006/1580/648 2019/1581/648 1273/1582/648
f 1006/1580/648 267/1583/648 1274/1584/648 2019/1581/648
f 2019/1581/649 1274/1584/649 274/1551/649 1013/1548/649
f 1273/1582/649 2019/1581/649 1013/1548/649 275/1547/649
f 267/1583/648 1005/1585/648 2020/1586/648 1274/1584/648
f 1005/1585/648 266/1587/648 1275/1588/648 2020/1586/648
f 2020/1586/649 1275/1588/649 273/1555/649 1012/1553/649
f 1274/1584/649 2020/1586/649 1012/1553/649 274/1551/649
f 266/1587/648 1004/1589/648 2021/1590/648 1275/1588/648
f 1004/1589/648 265/1591/648 1276/1592/648 2021/1590/648
f 2021/1590/649 1276/1592/649 272/1559/649 1011/1557/649
f 1275/1588/649 2021/1590/649 1011/1557/649 273/1555/649
f 265/1591/648 1003/1593/648 2022/1594/648 1276/1592/648
f 1003/1593/648 264/1595/648 1277/1596/648 2022/1594/648
f 2022/1594/649 1277/1596/649 271/1563/649 1010/1561/649
f 1276/1592/649 2022/1594/649 1010/1561/649 272/1559/649
f 264/1595/648 1002/1597/648 2023/1598/648 1277/1596/648
f 1002/1597/648 263/1599/648 1278/1600/648 2023/1598/648
f 2023/1598/649 1278/1600/649 270/1567/649 1009/1565/649
f 1277/1596/649 2023/1598/649 1009/1565/649 271/1563/649
f 263/1599/648 1001/1601/648 2024/1602/648 1278/1600/648
f 1001/1601/648 262/1603/648 1279/77/648 2024/1602/648
f 2024/1602/649 1279/77/649 269/1571/649 1008/1569/649
f 1278/1600/649 2024/1602/649 1008/1569/649 270/1567/649
f 23/1604/650 613/1605/650 2025/1606/650 614/1607/650
f 613/1605/651 261/1608/651 1280/1609/651 2025/1606/651
f 2025/1606/652 1280/1609/652 268/1577/652 616/1574/652
f 614/1607/653 2025/1606/653 616/1574/653 25/1573/653
f 261/1608/654 999/1610/654 2026/1611/654 1280/1612/654
f 999/1610/654 260/1613/654 1281/1614/654 2026/1611/654
f 2026/1611/655 1281/1614/655 267/1583/655 1006/1580/655
f 1280/1612/655 2026/1611/655 1006/1580/655 268/1579/655
f 260/1613/654 998/1615/654 2027/1616/654 1281/1614/654
f 998/1615/654 259/1617/654 1282/1618/654 2027/1616/654
f 2027/1616/655 1282/1618/655 266/1587/655 1005/1585/655
f 1281/1614/655 2027/1616/655 1005/1585/655 267/1583/655
f 259/1617/654 997/1619/654 2028/1620/654 1282/1618/654
f 997/1619/654 258/1621/654 1283/1622/654 2028/1620/654
f 2028/1620/655 1283/1622/655 265/1591/655 1004/1589/655
f 1282/1618/655 2028/1620/655 1004/1589/655 266/1587/655
f 258/1621/654 996/1623/654 2029/1624/654 1283/1622/654
f 996/1623/654 257/1625/654 1284/1626/654 2029/1624/654
f 2029/1624/655 1284/1626/655 264/1595/655 1003/1593/655
f 1283/1622/655 2029/1624/655 1003/1593/655 265/1591/655
f 257/1625/654 995/1627/654 2030/1628/654 1284/1626/654
f 995/1627/654 256/1629/654 1285/1630/654 2030/1628/654
f 2030/1628/655 1285/1630/655 263/1599/655 1002/1597/655
f 1284/1626/655 2030/1628/655 1002/1597/655 264/1595/655
f 256/1629/654 994/1631/654 2031/1632/654 1285/1630/654
f 994/1631/654 255/1633/654 1286/1634/654 2031/1632/654
f 2031/1632/655 1286/1634/655 262/1603/655 1001/1601/655
f 1285/1630/655 2031/1632/655 1001/1601/655 263/1599/655
f 21/1635/656 610/1636/656 2032/1637/656 611/1638/656
f 610/1636/657 254/1639/657 1287/1640/657 2032/1637/657
f 2032/1637/658 1287/1640/658 261/1608/658 613/1605/658
f 611/1638/659 2032/1637/659 613/1605/659 23/1604/659
f 254/1641/660 992/1642/660 2033/1643/660 1287/1644/660
f 992/1642/660 253/1645/660 1288/1646/660 2033/1643/660
f 2033/1643/661 1288/1646/661 260/1613/661 999/1610/661
f 1287/1644/661 2033/1643/661 999/1610/661 261/1608/661
f 253/1645/660 991/1647/660 2034/1648/660 1288/1646/660
f 991/1647/660 252/1649/660 1289/1650/660 2034/1648/660
f 2034/1648/661 1289/1650/661 259/1617/661 998/1615/661
f 1288/1646/661 2034/1648/661 998/1615/661 260/1613/661
f 252/1649/660 990/1651/660 2035/1652/660 1289/1650/660
f 990/1651/660 251/1653/660 1290/1654/660 2035/1652/660
f 2035/1652/661 1290/1654/661 258/1621/661 997/1619/661
f 1289/1650/661 2035/1652/661 997/1619/661 259/1617/661
f 251/1653/660 989/1655/660 2036/1656/660 1290/1654/660
f 989/1655/660 250/1657/660 1291/1658/660 2036/1656/660
f 2036/1656/661 1291/1658/661 257/1625/661 996/1623/661
f 1290/1654/661 2036/1656/661 996/1623/661 258/1621/661
f 250/1657/660 988/1659/660 2037/1660/660 1291/1658/660
f 988/1659/660 249/1661/660 1292/1662/660 2037/1660/660
f 2037/1660/661 1292/1662/661 256/1629/661 995/1627/661
f 1291/1658/661 2037/1660/661 995/1627/661 257/1625/661
f 249/1661/660 987/1663/660 2038/1664/660 1292/1662/660
f 987/1663/660 248/1665/660 1293/65/660 2038/1664/660
f 2038/1664/661 1293/65/661 255/1633/661 994/1631/661
f 1292/1662/661 2038/1664/661 994/1631/661 256/1629/661
f 19/1666/662 607/1667/662 2039/1668/662 608/1669/662
f 607/1667/663 247/1670/663 1294/1671/663 2039/1668/663
f 2039/1668/664 1294/1671/664 254/1639/664 610/1636/664
f 608/1669/665 2039/1668/665 610/1636/665 21/1635/665
f 247/1672/666 985/1673/666 2040/1674/666 1294/1675/666
f 985/1673/666 246/1676/666 1295/1677/666 2040/1674/666
f 2040/1674/667 1295/1677/667 253/1645/667 992/1642/667
f 1294/1675/667 2040/1674/667 992/1642/667 254/1641/667
f 246/1676/666 984/1678/666 2041/1679/666 1295/1677/666
f 984/1678/666 245/1680/666 1296/1681/666 2041/1679/666
f 2041/1679/667 1296/1681/667 252/1649/667 991/1647/667
f 1295/1677/667 2041/1679/667 991/1647/667 253/1645/667
f 245/1680/666 983/1682/666 2042/1683/666 1296/1681/666
f 983/1682/666 244/1684/666 1297/1685/666 2042/1683/666
f 2042/1683/667 1297/1685/667 251/1653/667 990/1651/667
f 1296/1681/667 2042/1683/667 990/1651/667 252/1649/667
f 244/1684/666 982/1686/666 2043/1687/666 1297/1685/666
f 982/1686/666 243/1688/666 1298/1689/666 2043/1687/666
f 2043/1687/667 1298/1689/667 250/1657/667 989/1655/667
f 1297/1685/667 2043/1687/667 989/1655/667 251/1653/667
f 243/1688/666 981/1690/666 2044/1691/666 1298/1689/666
f 981/1690/666 242/1692/666 1299/1693/666 2044/1691/666
f 2044/1691/667 1299/1693/667 249/1661/667 988/1659/667
f 1298/1689/667 2044/1691/667 988/1659/667 250/1657/667
f 242/1692/666 980/1694/666 2045/1695/666 1299/1693/666
f 980/1694/666 241/1696/666 1300/1697/666 2045/1695/666
f 2045/1695/667 1300/1697/667 248/1665/667 987/1663/667
f 1299/1693/667 2045/1695/667 987/1663/667 249/1661/667
f 17/1698/668 604/1699/668 2046/1700/668 605/1701/668
f 604/1699/669 240/1702/669 1301/1703/669 2046/1700/669
f 2046/1700/670 1301/1703/670 247/1670/670 607/1667/670
f 605/1701/671 2046/1700/671 607/1667/671 19/1666/671
f 240/1704/672 978/1705/672 2047/1706/672 1301/1707/672
f 978/1705/672 239/1708/672 1302/1709/672 2047/1706/672
f 2047/1706/673 1302/1709/673 246/1676/673 985/1673/673
f 1301/1707/673 2047/1706/673 985/1673/673 247/1672/673
f 239/1708/672 977/1710/672 2048/1711/672 1302/1709/672
f 977/1710/672 238/1712/672 1303/1713/672 2048/1711/672
f 2048/1711/673 1303/1713/673 245/1680/673 984/1678/673
f 1302/1709/673 2048/1711/673 984/1678/673 246/1676/673
f 238/1712/672 976/1714/672 2049/1715/672 1303/1713/672
f 976/1714/672 237/1716/672 1304/1717/672 2049/1715/672
f 2049/1715/673 1304/1717/673 244/1684/673 983/1682/673
f 1303/1713/673 2049/1715/673 983/1682/673 245/1680/673
f 237/1716/672 975/1718/672 2050/1719/672 1304/1717/672
f 975/1718/672 236/1720/672 1305/1721/672 2050/1719/672
f 2050/1719/673 1305/1721/673 243/1688/673 982/1686/673
f 1304/1717/673 2050/1719/673 982/1686/673 244/1684/673
f 236/1720/672 974/1722/672 2051/1723/672 1305/1721/672
f 974/1722/672 235/1724/672 1306/1725/672 2051/1723/672
f 2051/1723/673 1306/1725/673 242/1692/673 981/1690/673
f 1305/1721/673 2051/1723/673 981/1690/673 243/1688/673
f 235/1724/672 973/1726/672 2052/1727/672 1306/1725/672
f 973/1726/672 234/1728/672 1307/53/672 2052/1727/672
f 2052/1727/673 1307/53/673 241/1696/673 980/1694/673
f 1306/1725/673 2052/1727/673 980/1694/673 242/1692/673
f 15/1729/674 601/1730/674 2053/1731/674 602/1732/674
f 601/1730/675 233/1733/675 1308/1734/675 2053/1731/675
f 2053/1731/676 1308/1734/676 240/1702/676 604/1699/676
f 602/1732/677 2053/1731/677 604/1699/677 17/1698/677
f 233/1733/678 971/1735/678 2054/1736/678 1308/1737/678
f 971/1735/678 232/1738/678 1309/1739/678 2054/1736/678
f 2054/1736/679 1309/1739/679 239/1708/679 978/1705/679
f 1308/1737/679 2054/1736/679 978/1705/679 240/1704/679
f 232/1738/678 970/1740/678 2055/1741/678 1309/1739/678
f 970/1740/678 231/1742/678 1310/1743/678 2055/1741/678
f 2055/1741/679 1310/1743/679 238/1712/679 977/1710/679
f 1309/1739/679 2055/1741/679 977/1710/679 239/1708/679
f 231/1742/678 969/1744/678 2056/1745/678 1310/1743/678
f 969/1744/678 230/1746/678 1311/1747/678 2056/1745/678
f 2056/1745/679 1311/1747/679 237/1716/679 976/1714/679
f 1310/1743/679 2056/1745/679 976/1714/679 238/1712/679
f 230/1746/678 968/1748/678 2057/1749/678 1311/1747/678
f 968/1748/678 229/1750/678 1312/1751/678 2057/1749/678
f 2057/1749/679 1312/1751/679 236/1720/679 975/1718/679
f 1311/1747/679 2057/1749/679 975/1718/679 237/1716/679
f 229/1750/678 967/1752/678 2058/1753/678 1312/1751/678
f 967/1752/678 228/1754/678 1313/1755/678 2058/1753/678
f 2058/1753/679 1313/1755/679 235/1724/679 974/1722/679
f 1312/1751/679 2058/1753/679 974/1722/679 236/1720/679
f 228/1754/678 966/1756/678 2059/1757/678 1313/1755/678
f 966/1756/678 227/45/678 1314/1758/678 2059/1757/678
f 2059/1757/679 1314/1758/679 234/1728/679 973/1726/679
f 1313/1755/679 2059/1757/679 973/1726/679 235/1724/679
f 13/1759/680 598/1760/680 2060/1761/680 599/1762/680
f 598/1760/681 226/1763/681 1315/1764/681 2060/1761/681
f 2060/1761/682 1315/1764/682 233/1733/682 601/1730/682
f 599/1762/683 2060/1761/683 601/1730/683 15/1729/683
f 226/1763/684 964/1765/684 2061/1766/684 1315/1767/684
f 964/1765/684 225/1768/684 1316/1769/684 2061/1766/684
f 2061/1766/685 1316/1769/685 232/1738/685 971/1735/685
f 1315/1767/685 2061/1766/685 971/1735/685 233/1733/685
f 225/1768/684 963/1770/684 2062/1771/684 1316/1769/684
f 963/1770/684 224/1772/684 1317/1773/684 2062/1771/684
f 2062/1771/685 1317/1773/685 231/1742/685 970/1740/685
f 1316/1769/685 2062/1771/685 970/1740/685 232/1738/685
f 224/1772/684 962/1774/684 2063/1775/684 1317/1773/684
f 962/1774/684 223/1776/684 1318/1777/684 2063/1775/684
f 2063/1775/685 1318/1777/685 230/1746/685 969/1744/685
f 1317/1773/685 2063/1775/685 969/1744/685 231/1742/685
f 223/1776/684 961/1778/684 2064/1779/684 1318/1777/684
f 961/1778/684 222/1780/684 1319/1781/684 2064/1779/684
f 2064/1779/685 1319/1781/685 229/1750/685 968/1748/685
f 1318/1777/685 2064/1779/685 968/1748/685 230/1746/685
f 222/1780/684 960/1782/684 2065/1783/684 1319/1781/684
f 960/1782/684 221/1784/684 1320/1785/684 2065/1783/684
f 2065/1783/685 1320/1785/685 228/1754/685 967/1752/685
f 1319/1781/685 2065/1783/685 967/1752/685 229/1750/685
f 221/1784/684 959/1786/684 2066/1787/684 1320/1785/684
f 959/1786/684 220/39/684 1321/1788/684 2066/1787/684
f 2066/1787/685 1321/1788/685 227/45/685 966/1756/685
f 1320/1785/685 2066/1787/685 966/1756/685 228/1754/685
f 11/1789/686 595/1790/686 2067/1791/686 596/1792/686
f 595/1790/687 219/1793/687 1322/1794/687 2067/1791/687
f 2067/1791/688 1322/1794/688 226/1763/688 598/1760/688
f 596/1792/689 2067/1791/689 598/1760/689 13/1759/689
f 219/1795/690 957/1796/690 2068/1797/690 1322/1798/690
f 957/1796/690 218/1799/690 1323/1800/690 2068/1797/690
f 2068/1797/691 1323/1800/691 225/1768/691 964/1765/691
f 1322/1798/691 2068/1797/691 964/1765/691 226/1763/691
f 218/1799/690 956/1801/690 2069/1802/690 1323/1800/690
f 956/1801/690 217/1803/690 1324/1804/690 2069/1802/690
f 2069/1802/691 1324/1804/691 224/1772/691 963/1770/691
f 1323/1800/691 2069/1802/691 963/1770/691 225/1768/691
f 217/1803/690 955/1805/690 2070/1806/690 1324/1804/690
f 955/1805/690 216/1807/690 1325/1808/690 2070/1806/690
f 2070/1806/691 1325/1808/691 223/1776/691 962/1774/691
f 1324/1804/691 2070/1806/691 962/1774/691 224/1772/691
f 216/1807/690 954/1809/690 2071/1810/690 1325/1808/690
f 954/1809/690 215/1811/690 1326/1812/690 2071/1810/690
f 2071/1810/691 1326/1812/691 222/1780/691 961/1778/691
f 1325/1808/691 2071/1810/691 961/1778/691 223/1776/691
f 215/1811/690 953/1813/690 2072/1814/690 1326/1812/690
f 953/1813/690 214/1815/690 1327/1816/690 2072/1814/690
f 2072/1814/691 1327/1816/691 221/1784/691 960/1782/691
f 1326/1812/691 2072/1814/691 960/1782/691 222/1780/691
f 214/1815/690 952/1817/690 2073/1818/690 1327/1816/690
f 952/1817/690 213/1819/690 1328/35/690 2073/1818/690
f 2073/1818/691 1328/35/691 220/39/691 959/1786/691
f 1327/1816/691 2073/1818/691 959/1786/691 221/1784/691
f 9/1820/692 592/1821/692 2074/1822/692 593/1823/692
f 592/1821/693 212/1824/693 1329/1825/693 2074/1822/693
f 2074/1822/694 1329/1825/694 219/1793/694 595/1790/694
f 593/1823/695 2074/1822/695 595/1790/695 11/1789/695
f 212/1824/696 950/1826/696 2075/1827/696 1329/1825/696
f 950/1826/697 211/1828/697 1330/1829/697 2075/1827/697
f 2075/1827/698 1330/1829/698 218/1830/698 957/1831/698
f 1329/1825/699 2075/1827/699 957/1831/699 219/1793/699
f 211/1828/700 949/1832/700 2076/1833/700 1330/1829/700
f 949/1832/701 210/1834/701 1331/1835/701 2076/1833/701
f 2076/1833/702 1331/1835/702 217/1836/702 956/1837/702
f 1330/1829/703 2076/1833/703 956/1837/703 218/1830/703
f 210/1838/704 948/1839/704 2077/1840/704 1331/1841/704
f 948/1839/704 209/1842/704 1332/1843/704 2077/1840/704
f 2077/1840/705 1332/1843/705 216/1807/705 955/1805/705
f 1331/1841/705 2077/1840/705 955/1805/705 217/1803/705
f 209/1842/704 947/1844/704 2078/1845/704 1332/1843/704
f 947/1844/704 208/1846/704 1333/1847/704 2078/1845/704
f 2078/1845/705 1333/1847/705 215/1811/705 954/1809/705
f 1332/1843/705 2078/1845/705 954/1809/705 216/1807/705
f 208/1848/706 946/1849/706 2079/1850/706 1333/1851/706
f 946/1849/707 207/1852/707 1334/1853/707 2079/1850/707
f 2079/1850/708 1334/1853/708 214/1854/708 953/1855/708
f 1333/1851/709 2079/1850/709 953/1855/709 215/1856/709
f 207/1852/710 945/1857/710 2080/1858/710 1334/1853/710
f 945/1857/711 206/27/711 1335/29/711 2080/1858/711
f 2080/1858/712 1335/29/712 213/33/712 952/1859/712
f 1334/1853/713 2080/1858/713 952/1859/713 214/1854/713
f 7/1860/714 589/1861/714 2081/1862/714 590/1863/714
f 589/1861/715 205/1864/715 1336/1865/715 2081/1862/715
f 2081/1862/716 1336/1865/716 212/1824/716 592/1821/716
f 590/1863/717 2081/1862/717 592/1821/717 9/1820/717
f 198/1866/718 936/1867/718 2082/1868/718 943/1869/718
f 936/1867/719 197/1870/719 1380/1871/719 2082/1868/719
f 2082/1868/720 1380/1871/720 404/1872/720 1365/1873/720
f 943/1869/721 2082/1868/721 1365/1873/721 405/1874/721
f 204/1875/722 942/1876/722 2083/1877/722 1337/1878/722
f 942/1876/723 203/1879/723 1338/1880/723 2083/1877/723
f 2083/1877/724 1338/1880/724 210/1834/724 949/1832/724
f 1337/1878/725 2083/1877/725 949/1832/725 211/1828/725
f 203/1881/726 941/1882/726 2084/1883/726 1338/1884/726
f 941/1882/726 202/1885/726 1339/1886/726 2084/1883/726
f 2084/1883/727 1339/1886/727 209/1842/727 948/1839/727
f 1338/1884/727 2084/1883/727 948/1839/727 210/1838/727
f 202/1885/726 940/1887/726 2085/1888/726 1339/1886/726
f 940/1887/726 201/1889/726 1340/1890/726 2085/1888/726
f 2085/1888/727 1340/1890/727 208/1846/727 947/1844/727
f 1339/1886/727 2085/1888/727 947/1844/727 209/1842/727
f 201/1891/728 939/1892/728 2086/1893/728 1340/1894/728
f 939/1892/729 200/1895/729 1341/1896/729 2086/1893/729
f 2086/1893/730 1341/1896/730 207/1852/730 946/1849/730
f 1340/1894/731 2086/1893/731 946/1849/731 208/1848/731
f 197/1870/732 1344/1897/732 2087/1898/732 1380/1871/732
f 1344/1897/733 204/1875/733 1379/1899/733 2087/1898/733
f 2087/1898/734 1379/1899/734 408/1900/734 1375/1901/734
f 1380/1871/735 2087/1898/735 1375/1901/735 404/1872/735
f 5/1902/736 586/1903/736 2088/1904/736 587/1905/736
f 586/1903/737 198/1866/737 1343/1906/737 2088/1904/737
f 2088/1904/738 1343/1906/738 205/1864/738 589/1861/738
f 587/1905/739 2088/1904/739 589/1861/739 7/1860/739
f 204/1875/740 1337/1907/740 2089/1908/740 1379/1899/740
f 1337/1907/741 211/1828/741 1378/1909/741 2089/1908/741
f 2089/1908/742 1378/1909/742 412/1910/742 1371/1911/742
f 1379/1899/743 2089/1908/743 1371/1911/743 408/1900/743
f 197/1870/744 935/1912/744 2090/1913/744 1344/1914/744
f 935/1912/745 196/1915/745 1345/1916/745 2090/1913/745
f 2090/1913/746 1345/1916/746 203/1879/746 942/1876/746
f 1344/1914/747 2090/1913/747 942/1876/747 204/1875/747
f 196/1917/748 934/1918/748 2091/1919/748 1345/1920/748
f 934/1918/748 195/1921/748 1346/1922/748 2091/1919/748
f 2091/1919/749 1346/1922/749 202/1885/749 941/1882/749
f 1345/1920/749 2091/1919/749 941/1882/749 203/1881/749
f 195/1921/748 933/1923/748 2092/1924/748 1346/1922/748
f 933/1923/748 194/1925/748 1347/1926/748 2092/1924/748
f 2092/1924/749 1347/1926/749 201/1889/749 940/1887/749
f 1346/1922/749 2092/1924/749 940/1887/749 202/1885/749
f 194/1927/750 932/1928/750 2093/1929/750 1347/1930/750
f 932/1928/751 193/1931/751 1348/1932/751 2093/1929/751
f 2093/1929/752 1348/1932/752 200/1895/752 939/1892/752
f 1347/1930/753 2093/1929/753 939/1892/753 201/1891/753
f 205/1933/754 1343/1906/754 2094/1934/754 938/1935/754
f 1343/1906/755 198/1866/755 943/1869/755 2094/1934/755
f 2094/1934/756 943/1869/756 405/1874/756 1374/1936/756
f 938/1935/757 2094/1934/757 1374/1936/757 409/1937/757
f 3/1938/758 583/1939/758 2095/1940/758 584/1941/758
f 583/1939/759 191/1942/759 1350/1943/759 2095/1940/759
f 2095/1940/760 1350/1943/760 198/1866/760 586/1903/760
f 584/1941/761 2095/1940/761 586/1903/761 5/1902/761
f 191/1942/762 929/1944/762 2096/1945/762 1350/1943/762
f 929/1944/763 190/1946/763 1351/1947/763 2096/1945/763
f 2096/1945/764 1351/1947/764 197/1870/764 936/1867/764
f 1350/1943/765 2096/1945/765 936/1867/765 198/1866/765
f 190/1946/766 928/1948/766 2097/1949/766 1351/1947/766
f 928/1948/767 189/1950/767 1352/1951/767 2097/1949/767
f 2097/1949/768 1352/1951/768 196/1915/768 935/1912/768
f 1351/1947/769 2097/1949/769 935/1912/769 197/1870/769
f 189/1952/770 927/1953/770 2098/1954/770 1352/1955/770
f 927/1953/770 188/1956/770 1353/1957/770 2098/1954/770
f 2098/1954/771 1353/1957/771 195/1921/771 934/1918/771
f 1352/1955/771 2098/1954/771 934/1918/771 196/1917/771
f 188/1956/770 926/1958/770 2099/1959/770 1353/1957/770
f 926/1958/770 187/1960/770 1354/1961/770 2099/1959/770
f 2099/1959/771 1354/1961/771 194/1925/771 933/1923/771
f 1353/1957/771 2099/1959/771 933/1923/771 195/1921/771
f 187/1962/772 925/1963/772 2100/1964/772 1354/1965/772
f 925/1963/773 186/1966/773 1355/1967/773 2100/1964/773
f 2100/1964/774 1355/1967/774 193/1931/774 932/1928/774
f 1354/1965/775 2100/1964/775 932/1928/775 194/1927/775
f 186/1966/776 924/1968/776 2101/1969/776 1355/1967/776
f 924/1968/777 185/9/777 1356/11/777 2101/1969/777
f 2101/1969/778 1356/11/778 192/15/778 931/1970/778
f 1355/1967/779 2101/1969/779 931/1970/779 193/1931/779
f 1/1971/780 916/1972/780 2102/1973/780 580/1974/780
f 916/1972/781 178/1975/781 1357/1976/781 2102/1973/781
f 2102/1973/782 1357/1976/782 191/1942/782 583/1939/782
f 580/1974/783 2102/1973/783 583/1939/783 3/1938/783
f 178/1975/784 917/1977/784 2103/1978/784 1357/1976/784
f 917/1977/784 179/1979/784 1358/1980/784 2103/1978/784
f 2103/1978/785 1358/1980/785 190/1946/785 929/1944/785
f 1357/1976/785 2103/1978/785 929/1944/785 191/1942/785
f 179/1979/784 918/1981/784 2104/1982/784 1358/1980/784
f 918/1981/784 180/1983/784 1359/1984/784 2104/1982/784
f 2104/1982/785 1359/1984/785 189/1950/785 928/1948/785
f 1358/1980/785 2104/1982/785 928/1948/785 190/1946/785
f 180/1983/784 919/1985/784 2105/1986/784 1359/1984/784
f 919/1985/784 181/1987/784 1360/1988/784 2105/1986/784
f 2105/1986/785 1360/1988/785 188/1989/785 927/1990/785
f 1359/1984/785 2105/1986/785 927/1990/785 189/1950/785
f 181/1987/784 920/1991/784 2106/1992/784 1360/1988/784
f 920/1991/784 182/1993/784 1361/1994/784 2106/1992/784
f 2106/1992/785 1361/1994/785 187/1962/785 926/1995/785
f 1360/1988/785 2106/1992/785 926/1995/785 188/1989/785
f 182/1993/784 921/1996/784 2107/1997/784 1361/1994/784
f 921/1996/784 183/1998/784 1362/1999/784 2107/1997/784
f 2107/1997/785 1362/1999/785 186/1966/785 925/1963/785
f 1361/1994/785 2107/1997/785 925/1963/785 187/1962/785
f 183/1998/784 922/2000/784 2108/2001/784 1362/1999/784
f 922/2000/784 184/1/784 1363/4/784 2108/2001/784
f 2108/2001/785 1363/4/785 185/9/785 924/1968/785
f 1362/1999/785 2108/2001/785 924/1968/785 186/1966/785
f 408/1900/786 1371/1911/786 2109/2002/786 1406/2003/786
f 1371/1911/787 412/1910/787 1405/2004/787 2109/2002/787
f 2109/2002/788 1405/2004/788 424/2005/788 1395/2006/788
f 1406/2003/789 2109/2002/789 1395/2006/789 420/2007/789
f 403/2008/790 1364/2009/790 2110/2010/790 1404/2011/790
f 1364/2009/791 402/2012/791 1366/2013/791 2110/2010/791
f 2110/2010/792 1366/2013/792 414/2014/792 1388/2015/792
f 1404/2011/793 2110/2010/793 1388/2015/793 415/2016/793
f 409/2017/794 1374/2018/794 2111/2019/794 1403/2020/794
f 1374/2018/795 405/1874/795 1402/2021/795 2111/2019/795
f 2111/2019/796 1402/2021/796 417/2022/796 1398/2023/796
f 1403/2020/797 2111/2019/797 1398/2023/797 421/2024/797
f 402/2025/798 1377/2026/798 2112/2027/798 1366/2028/798
f 1377/2026/799 406/2029/799 1367/2030/799 2112/2027/799
f 2112/2027/800 1367/2030/800 418/2031/800 1401/2032/800
f 1366/2028/801 2112/2027/801 1401/2032/801 414/2033/801
f 211/1828/802 950/2034/802 2113/2035/802 1378/1909/802
f 950/2034/803 212/1824/803 1381/2036/803 2113/2035/803
f 2113/2035/804 1381/2036/804 413/2037/804 1369/2038/804
f 1378/1909/805 2113/2035/805 1369/2038/805 412/1910/805
f 207/1852/806 1341/2039/806 2114/2040/806 1383/2041/806
f 1341/2039/807 200/2042/807 1382/2043/807 2114/2040/807
f 2114/2040/808 1382/2043/808 407/2044/808 1372/2045/808
f 1383/2041/809 2114/2040/809 1372/2045/809 411/2046/809
f 200/2042/810 1348/2047/810 2115/2048/810 1382/2043/810
f 1348/2047/811 193/1931/811 1384/2049/811 2115/2048/811
f 2115/2048/812 1384/2049/812 403/2008/812 1376/2050/812
f 1382/2043/813 2115/2048/813 1376/2050/813 407/2044/813
f 199/2051/814 1342/2052/814 2116/2053/814 1386/2054/814
f 1342/2052/815 206/27/815 1385/2055/815 2116/2053/815
f 2116/2053/816 1385/2055/816 410/2056/816 1373/2057/816
f 1386/2054/817 2116/2053/817 1373/2057/817 406/2058/817
f 192/15/818 1349/2059/818 2117/2060/818 1387/2061/818
f 1349/2059/819 199/2051/819 1386/2054/819 2117/2060/819
f 2117/2060/820 1386/2054/820 406/2058/820 1377/2062/820
f 1387/2061/821 2117/2060/821 1377/2062/821 402/2012/821
f 193/1931/822 931/1970/822 2118/2063/822 1384/2049/822
f 931/1970/823 192/15/823 1387/2061/823 2118/2063/823
f 2118/2063/824 1387/2061/824 402/2012/824 1364/2009/824
f 1384/2049/825 2118/2063/825 1364/2009/825 403/2008/825
f 206/27/826 945/2064/826 2119/2065/826 1385/2055/826
f 945/2064/827 207/1852/827 1383/2041/827 2119/2065/827
f 2119/2065/828 1383/2041/828 411/2046/828 1368/2066/828
f 1385/2055/829 2119/2065/829 1368/2066/829 410/2056/829
f 212/1824/830 1336/2067/830 2120/2068/830 1381/2036/830
f 1336/2067/831 205/1933/831 938/1935/831 2120/2068/831
f 2120/2068/832 938/1935/832 409/1937/832 1370/2069/832
f 1381/2036/833 2120/2068/833 1370/2069/833 413/2037/833
f 425/2070/834 1394/2071/834 2121/2072/834 1413/2073/834
f 1394/2071/835 421/2024/835 1414/2074/835 2121/2072/835
f 2121/2072/836 1414/2074/836 500/2075/836 1551/2076/836
f 1413/2073/837 2121/2072/837 1551/2076/837 485/2077/837
f 424/2005/838 1393/2078/838 2122/2079/838 1412/2080/838
f 1393/2078/839 425/2081/839 1413/2082/839 2122/2079/839
f 2122/2079/840 1413/2082/840 485/2083/840 1536/2084/840
f 1412/2080/841 2122/2079/841 1536/2084/841 470/2085/841
f 420/2007/842 1395/2006/842 2123/2086/842 1390/2087/842
f 1395/2006/843 424/2088/843 1412/2080/843 2123/2086/843
f 2123/2086/844 1412/2080/844 470/2085/844 1521/2089/844
f 1390/2087/845 2123/2086/845 1521/2089/845 455/2090/845
f 416/1870/846 1399/2091/846 2124/2092/846 1416/2093/846
f 1399/2091/847 420/2007/847 1390/2087/847 2124/2092/847
f 2124/2092/848 1390/2087/848 455/2090/848 1506/2094/848
f 1416/2093/849 2124/2092/849 1506/2094/849 426/2095/849
f 410/2056/850 1368/2066/850 2125/2096/850 1408/2097/850
f 1368/2066/851 411/2046/851 1407/2098/851 2125/2096/851
f 2125/2096/852 1407/2098/852 423/2099/852 1392/2100/852
f 1408/2097/853 2125/2096/853 1392/2100/853 422/2101/853
f 404/1872/854 1375/1901/854 2126/2102/854 1409/2103/854
f 1375/1901/855 408/1900/855 1406/2003/855 2126/2102/855
f 2126/2102/856 1406/2003/856 420/2007/856 1399/2091/856
f 1409/2103/857 2126/2102/857 1399/2091/857 416/2104/857
f 405/1874/858 1365/1873/858 2127/2105/858 1402/2106/858
f 1365/1873/859 404/1872/859 1409/2103/859 2127/2105/859
f 2127/2105/860 1409/2103/860 416/2104/860 1389/2107/860
f 1402/2106/861 2127/2105/861 1389/2107/861 417/2108/861
f 411/2046/862 1372/2045/862 2128/2109/862 1407/2098/862
f 1372/2045/863 407/2044/863 1410/2110/863 2128/2109/863
f 2128/2109/864 1410/2110/864 419/2111/864 1396/2112/864
f 1407/2098/865 2128/2109/865 1396/2112/865 423/2099/865
f 412/1910/866 1369/2038/866 2129/2113/866 1405/2004/866
f 1369/2038/867 413/2037/867 1411/2114/867 2129/2113/867
f 2129/2113/868 1411/2114/868 425/2081/868 1393/2078/868
f 1405/2004/869 2129/2113/869 1393/2078/869 424/2005/869
f 407/2044/870 1376/2050/870 2130/2115/870 1410/2110/870
f 1376/2050/871 403/2008/871 1404/2011/871 2130/2115/871
f 2130/2115/872 1404/2011/872 415/2016/872 1400/2116/872
f 1410/2110/873 2130/2115/873 1400/2116/873 419/2111/873
f 406/2029/874 1373/2057/874 2131/2117/874 1367/2030/874
f 1373/2057/875 410/2118/875 1408/2119/875 2131/2117/875
f 2131/2117/876 1408/2119/876 422/2101/876 1397/2120/876
f 1367/2030/877 2131/2117/877 1397/2120/877 418/2031/877
f 413/2121/878 1370/2122/878 2132/2123/878 1411/2124/878
f 1370/2122/879 409/2017/879 1403/2020/879 2132/2123/879
f 2132/2123/880 1403/2020/880 421/2024/880 1394/2071/880
f 1411/2124/881 2132/2123/881 1394/2071/881 425/2070/881
f 421/2024/882 1398/2023/882 2133/2125/882 1414/2074/882
f 1398/2023/883 417/2022/883 1415/2126/883 2133/2125/883
f 2133/2125/884 1415/2126/884 515/2127/884 1566/2128/884
f 1414/2074/885 2133/2125/885 1566/2128/885 500/2075/885
f 417/2108/886 1389/2107/886 2134/2129/886 1415/2126/886
f 1389/2107/887 416/2104/887 1416/2093/887 2134/2129/887
f 2134/2129/888 1416/2093/888 426/2095/888 1581/2130/888
f 1415/2126/889 2134/2129/889 1581/2130/889 515/2131/889
f 426/2095/890 1506/2094/890 2135/2132/890 1417/2133/890
f 1506/2094/891 455/2090/891 1445/2134/891 2135/2132/891
f 2135/2132/892 1445/2134/892 454/2135/892 1507/2136/892
f 1417/2133/893 2135/2132/893 1507/2136/893 427/2137/893
f 427/2137/894 1507/2136/894 2136/2138/894 1418/2139/894
f 1507/2136/895 454/2135/895 1444/2140/895 2136/2138/895
f 2136/2138/896 1444/2140/896 453/2141/896 1508/2142/896
f 1418/2139/897 2136/2138/897 1508/2142/897 428/2143/897
f 428/2143/898 1508/2142/898 2137/2144/898 1419/2145/898
f 1508/2142/899 453/2141/899 1443/2146/899 2137/2144/899
f 2137/2144/900 1443/2146/900 452/2147/900 1509/2148/900
f 1419/2145/901 2137/2144/901 1509/2148/901 429/2149/901
f 429/2149/902 1509/2148/902 2138/2150/902 1420/2151/902
f 1509/2148/903 452/2147/903 1442/2152/903 2138/2150/903
f 2138/2150/904 1442/2152/904 451/2153/904 1510/2154/904
f 1420/2151/905 2138/2150/905 1510/2154/905 430/2155/905
f 430/2155/906 1510/2154/906 2139/2156/906 1421/2157/906
f 1510/2154/907 451/2153/907 1441/2158/907 2139/2156/907
f 2139/2156/908 1441/2158/908 450/2159/908 1511/2160/908
f 1421/2157/909 2139/2156/909 1511/2160/909 431/2161/909
f 431/2161/910 1511/2160/910 2140/2162/910 1422/2163/910
f 1511/2160/911 450/2159/911 1440/2164/911 2140/2162/911
f 2140/2162/912 1440/2164/912 449/2165/912 1512/2166/912
f 1422/2163/913 2140/2162/913 1512/2166/913 432/2167/913
f 432/2167/914 1512/2166/914 2141/2168/914 1423/2169/914
f 1512/2166/915 449/2165/915 1439/2170/915 2141/2168/915
f 2141/2168/916 1439/2170/916 448/2171/916 1513/2172/916
f 1423/2169/917 2141/2168/917 1513/2172/917 433/2173/917
f 433/2173/918 1513/2172/918 2142/2174/918 1424/2175/918
f 1513/2172/919 448/2171/919 1438/2176/919 2142/2174/919
f 2142/2174/920 1438/2176/920 447/2177/920 1514/2178/920
f 1424/2175/921 2142/2174/921 1514/2178/921 434/2179/921
f 434/2179/922 1514/2178/922 2143/2180/922 1425/2181/922
f 1514/2178/923 447/2177/923 1437/2182/923 2143/2180/923
f 2143/2180/924 1437/2182/924 446/2183/924 1515/2184/924
f 1425/2181/925 2143/2180/925 1515/2184/925 435/2185/925
f 435/2185/926 1515/2184/926 2144/2186/926 1426/2187/926
f 1515/2184/927 446/2183/927 1436/2188/927 2144/2186/927
f 2144/2186/928 1436/2188/928 445/2189/928 1516/2190/928
f 1426/2187/929 2144/2186/929 1516/2190/929 436/2191/929
f 436/2191/930 1516/2190/930 2145/2192/930 1427/2193/930
f 1516/2190/931 445/2189/931 1435/2194/931 2145/2192/931
f 2145/2192/932 1435/2194/932 444/1891/932 1517/2195/932
f 1427/2193/933 2145/2192/933 1517/2195/933 437/2196/933
f 437/2196/934 1517/2195/934 2146/2197/934 1428/2198/934
f 1517/2195/935 444/1891/935 1434/2199/935 2146/2197/935
f 2146/2197/936 1434/2199/936 443/2200/936 1518/2201/936
f 1428/2198/937 2146/2197/937 1518/2201/937 438/2202/937
f 438/2202/938 1518/2201/938 2147/2203/938 1429/2204/938
f 1518/2201/939 443/2200/939 1433/2205/939 2147/2203/939
f 2147/2203/940 1433/2205/940 442/2206/940 1519/2207/940
f 1429/2204/941 2147/2203/941 1519/2207/941 439/2208/941
f 439/2208/942 1519/2207/942 2148/2209/942 1430/2210/942
f 1519/2207/943 442/2206/943 1432/2211/943 2148/2209/943
f 2148/2209/944 1432/2211/944 441/2212/944 1520/2213/944
f 1430/2210/945 2148/2209/945 1520/2213/945 440/2214/945
f 440/2214/946 1520/2213/946 2149/2215/946 1391/2216/946
f 1520/2213/947 441/2212/947 1431/2217/947 2149/2215/947
f 2149/2215/948 1431/2217/948 419/2111/948 1400/2116/948
f 1391/2216/949 2149/2215/949 1400/2116/949 415/2218/949
f 455/2090/950 1521/2089/950 2150/2219/950 1445/2134/950
f 1521/2089/951 470/2085/951 1460/2220/951 2150/2219/951
f 2150/2219/952 1460/2220/952 469/2221/952 1522/2222/952
f 1445/2134/953 2150/2219/953 1522/2222/953 454/2135/953
f 454/2135/954 1522/2222/954 2151/2223/954 1444/2140/954
f 1522/2222/955 469/2221/955 1459/2224/955 2151/2223/955
f 2151/2223/956 1459/2224/956 468/2225/956 1523/2226/956
f 1444/2140/957 2151/2223/957 1523/2226/957 453/2141/957
f 453/2141/958 1523/2226/958 2152/2227/958 1443/2146/958
f 1523/2226/959 468/2225/959 1458/2228/959 2152/2227/959
f 2152/2227/960 1458/2228/960 467/2229/960 1524/2230/960
f 1443/2146/961 2152/2227/961 1524/2230/961 452/2147/961
f 452/2147/962 1524/2230/962 2153/2231/962 1442/2152/962
f 1524/2230/963 467/2229/963 1457/2232/963 2153/2231/963
f 2153/2231/964 1457/2232/964 466/2233/964 1525/2234/964
f 1442/2152/965 2153/2231/965 1525/2234/965 451/2153/965
f 451/2153/966 1525/2234/966 2154/2235/966 1441/2158/966
f 1525/2234/967 466/2233/967 1456/2236/967 2154/2235/967
f 2154/2235/968 1456/2236/968 465/2237/968 1526/2238/968
f 1441/2158/969 2154/2235/969 1526/2238/969 450/2159/969
f 450/2159/970 1526/2238/970 2155/2239/970 1440/2164/970
f 1526/2238/971 465/2237/971 1455/2240/971 2155/2239/971
f 2155/2239/972 1455/2240/972 464/2241/972 1527/2242/972
f 1440/2164/973 2155/2239/973 1527/2242/973 449/2165/973
f 449/2165/974 1527/2242/974 2156/2243/974 1439/2170/974
f 1527/2242/975 464/2241/975 1454/2244/975 2156/2243/975
f 2156/2243/976 1454/2244/976 463/2245/976 1528/2246/976
f 1439/2170/977 2156/2243/977 1528/2246/977 448/2171/977
f 448/2171/978 1528/2246/978 2157/2247/978 1438/2176/978
f 1528/2246/979 463/2245/979 1453/2248/979 2157/2247/979
f 2157/2247/980 1453/2248/980 462/2249/980 1529/2250/980
f 1438/2176/981 2157/2247/981 1529/2250/981 447/2177/981
f 447/2177/982 1529/2250/982 2158/2251/982 1437/2182/982
f 1529/2250/983 462/2249/983 1452/2252/983 2158/2251/983
f 2158/2251/984 1452/2252/984 461/2253/984 1530/2254/984
f 1437/2182/985 2158/2251/985 1530/2254/985 446/2183/985
f 446/2183/986 1530/2254/986 2159/2255/986 1436/2188/986
f 1530/2254/987 461/2253/987 1451/2256/987 2159/2255/987
f 2159/2255/988 1451/2256/988 460/2257/988 1531/2258/988
f 1436/2188/989 2159/2255/989 1531/2258/989 445/2189/989
f 445/2189/990 1531/2258/990 2160/2259/990 1435/2194/990
f 1531/2258/991 460/2257/991 1450/2260/991 2160/2259/991
f 2160/2259/992 1450/2260/992 459/2261/992 1532/2262/992
f 1435/2194/993 2160/2259/993 1532/2262/993 444/1891/993
f 444/1891/994 1532/2262/994 2161/2263/994 1434/2199/994
f 1532/2262/995 459/2261/995 1449/2264/995 2161/2263/995
f 2161/2263/996 1449/2264/996 458/2265/996 1533/2266/996
f 1434/2199/997 2161/2263/997 1533/2266/997 443/2200/997
f 443/2200/998 1533/2266/998 2162/2267/998 1433/2205/998
f 1533/2266/999 458/2265/999 1448/2268/999 2162/2267/999
f 2162/2267/1000 1448/2268/1000 457/2269/1000 1534/2270/1000
f 1433/2205/1001 2162/2267/1001 1534/2270/1001 442/2206/1001
f 442/2206/1002 1534/2270/1002 2163/2271/1002 1432/2211/1002
f 1534/2270/1003 457/2269/1003 1447/2272/1003 2163/2271/1003
f 2163/2271/1004 1447/2272/1004 456/2273/1004 1535/2274/1004
f 1432/2211/1005 2163/2271/1005 1535/2274/1005 441/2212/1005
f 441/2212/1006 1535/2274/1006 2164/2275/1006 1431/2217/1006
f 1535/2274/1007 456/2273/1007 1446/2276/1007 2164/2275/1007
f 2164/2275/1008 1446/2276/1008 423/2277/1008 1396/2112/1008
f 1431/2217/1009 2164/2275/1009 1396/2112/1009 419/2111/1009
f 470/2085/1010 1536/2084/1010 2165/2278/1010 1460/2220/1010
f 1536/2084/1011 485/2083/1011 1475/2279/1011 2165/2278/1011
f 2165/2278/1012 1475/2279/1012 484/2280/1012 1537/2281/1012
f 1460/2220/1013 2165/2278/1013 1537/2281/1013 469/2221/1013
f 469/2221/1014 1537/2281/1014 2166/2282/1014 1459/2224/1014
f 1537/2281/1015 484/2280/1015 1474/2283/1015 2166/2282/1015
f 2166/2282/1016 1474/2283/1016 483/2284/1016 1538/2285/1016
f 1459/2224/1017 2166/2282/1017 1538/2285/1017 468/2225/1017
f 468/2225/1018 1538/2285/1018 2167/2286/1018 1458/2228/1018
f 1538/2285/1019 483/2284/1019 1473/2287/1019 2167/2286/1019
f 2167/2286/1020 1473/2287/1020 482/2288/1020 1539/2289/1020
f 1458/2228/1021 2167/2286/1021 1539/2289/1021 467/2229/1021
f 467/2229/1022 1539/2289/1022 2168/2290/1022 1457/2232/1022
f 1539/2289/1023 482/2288/1023 1472/2291/1023 2168/2290/1023
f 2168/2290/1024 1472/2291/1024 481/2292/1024 1540/2293/1024
f 1457/2232/1025 2168/2290/1025 1540/2293/1025 466/2294/1025
f 466/2233/1026 1540/2293/1026 2169/2295/1026 1456/2236/1026
f 1540/2293/1027 481/2296/1027 1471/2293/1027 2169/2295/1027
f 2169/2295/1028 1471/2293/1028 480/2297/1028 1541/2298/1028
f 1456/2236/1029 2169/2295/1029 1541/2298/1029 465/2237/1029
f 465/2299/1030 1541/2298/1030 2170/2300/1030 1455/2240/1030
f 1541/2298/1031 480/2301/1031 1470/2302/1031 2170/2300/1031
f 2170/2300/1032 1470/2302/1032 479/2303/1032 1542/2304/1032
f 1455/2240/1033 2170/2300/1033 1542/2304/1033 464/2241/1033
f 464/2241/1034 1542/2304/1034 2171/2305/1034 1454/2244/1034
f 1542/2304/1035 479/2303/1035 1469/2306/1035 2171/2305/1035
f 2171/2305/1036 1469/2306/1036 478/2307/1036 1543/2308/1036
f 1454/2244/1037 2171/2305/1037 1543/2308/1037 463/2245/1037
f 463/2245/1038 1543/2308/1038 2172/2309/1038 1453/2248/1038
f 1543/2308/1039 478/2307/1039 1468/2310/1039 2172/2309/1039
f 2172/2309/1040 1468/2310/1040 477/2311/1040 1544/2312/1040
f 1453/2248/1041 2172/2309/1041 1544/2312/1041 462/2313/1041
f 462/2249/1042 1544/2312/1042 2173/2314/1042 1452/2252/1042
f 1544/2312/1043 477/2315/1043 1467/2316/1043 2173/2314/1043
f 2173/2314/1044 1467/2316/1044 476/2317/1044 1545/2318/1044
f 1452/2252/1045 2173/2314/1045 1545/2318/1045 461/2253/1045
f 461/2253/1046 1545/2318/1046 2174/2319/1046 1451/2256/1046
f 1545/2318/1047 476/2317/1047 1466/2320/1047 2174/2319/1047
f 2174/2319/1048 1466/2320/1048 475/2321/1048 1546/2322/1048
f 1451/2256/1049 2174/2319/1049 1546/2322/1049 460/2257/1049
f 460/2323/1050 1546/2322/1050 2175/2324/1050 1450/2260/1050
f 1546/2322/1051 475/2325/1051 1465/2326/1051 2175/2324/1051
f 2175/2324/1052 1465/2326/1052 474/2327/1052 1547/2328/1052
f 1450/2260/1053 2175/2324/1053 1547/2328/1053 459/2261/1053
f 459/2261/1054 1547/2328/1054 2176/2329/1054 1449/2264/1054
f 1547/2328/1055 474/2327/1055 1464/2330/1055 2176/2329/1055
f 2176/2329/1056 1464/2330/1056 473/2331/1056 1548/2332/1056
f 1449/2264/1057 2176/2329/1057 1548/2332/1057 458/2265/1057
f 458/2265/1058 1548/2332/1058 2177/2333/1058 1448/2268/1058
f 1548/2332/1059 473/2331/1059 1463/2334/1059 2177/2333/1059
f 2177/2333/1060 1463/2334/1060 472/2335/1060 1549/2336/1060
f 1448/2268/1061 2177/2333/1061 1549/2336/1061 457/2269/1061
f 457/2269/1062 1549/2336/1062 2178/2337/1062 1447/2272/1062
f 1549/2336/1063 472/2335/1063 1462/2338/1063 2178/2337/1063
f 2178/2337/1064 1462/2338/1064 471/2339/1064 1550/2340/1064
f 1447/2272/1065 2178/2337/1065 1550/2340/1065 456/2273/1065
f 456/2273/1066 1550/2340/1066 2179/2341/1066 1446/2276/1066
f 1550/2340/1067 471/2339/1067 1461/2342/1067 2179/2341/1067
f 2179/2341/1068 1461/2342/1068 422/2343/1068 1392/2344/1068
f 1446/2276/1069 2179/2341/1069 1392/2344/1069 423/2099/1069
f 485/2077/1070 1551/2076/1070 2180/2345/1070 1475/2346/1070
f 1551/2076/1071 500/2075/1071 1490/2347/1071 2180/2345/1071
f 2180/2345/1072 1490/2347/1072 499/2348/1072 1552/2349/1072
f 1475/2346/1073 2180/2345/1073 1552/2349/1073 484/2350/1073
f 484/2350/1074 1552/2349/1074 2181/2351/1074 1474/2352/1074
f 1552/2349/1075 499/2348/1075 1489/2353/1075 2181/2351/1075
f 2181/2351/1076 1489/2353/1076 498/2354/1076 1553/2355/1076
f 1474/2352/1077 2181/2351/1077 1553/2355/1077 483/2356/1077
f 483/2356/1078 1553/2355/1078 2182/2357/1078 1473/2358/1078
f 1553/2355/1079 498/2354/1079 1488/2359/1079 2182/2357/1079
f 2182/2357/1080 1488/2359/1080 497/2360/1080 1554/2361/1080
f 1473/2358/1081 2182/2357/1081 1554/2361/1081 482/2362/1081
f 482/2288/1082 1554/2363/1082 2183/2364/1082 1472/2291/1082
f 1554/2363/1083 497/2365/1083 1487/2366/1083 2183/2364/1083
f 2183/2364/1084 1487/2366/1084 496/2367/1084 1555/2368/1084
f 1472/2291/1085 2183/2364/1085 1555/2368/1085 481/2292/1085
f 481/2292/1086 1555/2368/1086 2184/2369/1086 1471/2293/1086
f 1555/2368/1087 496/2367/1087 1486/2370/1087 2184/2369/1087
f 2184/2369/1088 1486/2370/1088 495/2371/1088 1556/2372/1088
f 1471/2293/1089 2184/2369/1089 1556/2372/1089 480/2301/1089
f 480/2301/1090 1556/2372/1090 2185/2373/1090 1470/2302/1090
f 1556/2372/1091 495/2371/1091 1485/2374/1091 2185/2373/1091
f 2185/2373/1092 1485/2374/1092 494/2375/1092 1557/2376/1092
f 1470/2302/1093 2185/2373/1093 1557/2376/1093 479/2303/1093
f 479/2377/1094 1557/2378/1094 2186/2379/1094 1469/2380/1094
f 1557/2378/1095 494/2381/1095 1484/2382/1095 2186/2379/1095
f 2186/2379/1096 1484/2382/1096 493/1885/1096 1558/2383/1096
f 1469/2380/1097 2186/2379/1097 1558/2383/1097 478/2384/1097
f 478/2307/1098 1558/2385/1098 2187/2386/1098 1468/2310/1098
f 1558/2385/1099 493/2387/1099 1483/2388/1099 2187/2386/1099
f 2187/2386/1100 1483/2388/1100 492/2389/1100 1559/2390/1100
f 1468/2310/1101 2187/2386/1101 1559/2390/1101 477/2311/1101
f 477/2311/1102 1559/2390/1102 2188/2391/1102 1467/2316/1102
f 1559/2390/1103 492/2389/1103 1482/2392/1103 2188/2391/1103
f 2188/2391/1104 1482/2392/1104 491/2393/1104 1560/2394/1104
f 1467/2316/1105 2188/2391/1105 1560/2394/1105 476/2317/1105
f 476/2317/1106 1560/2394/1106 2189/2395/1106 1466/2320/1106
f 1560/2394/1107 491/2393/1107 1481/2396/1107 2189/2395/1107
f 2189/2395/1108 1481/2396/1108 490/2397/1108 1561/2398/1108
f 1466/2320/1109 2189/2395/1109 1561/2398/1109 475/2325/1109
f 475/2325/1110 1561/2398/1110 2190/2399/1110 1465/2326/1110
f 1561/2398/1111 490/2397/1111 1480/2400/1111 2190/2399/1111
f 2190/2399/1112 1480/2400/1112 489/2401/1112 1562/2402/1112
f 1465/2326/1113 2190/2399/1113 1562/2402/1113 474/2327/1113
f 474/2327/1114 1562/2403/1114 2191/2404/1114 1464/2405/1114
f 1562/2403/1115 489/2406/1115 1479/2407/1115 2191/2404/1115
f 2191/2404/1116 1479/2407/1116 488/2408/1116 1563/2409/1116
f 1464/2405/1117 2191/2404/1117 1563/2409/1117 473/2410/1117
f 473/2410/1118 1563/2409/1118 2192/2411/1118 1463/2412/1118
f 1563/2409/1119 488/2408/1119 1478/2413/1119 2192/2411/1119
f 2192/2411/1120 1478/2413/1120 487/2414/1120 1564/2415/1120
f 1463/2412/1121 2192/2411/1121 1564/2415/1121 472/2416/1121
f 472/2416/1122 1564/2415/1122 2193/2417/1122 1462/2418/1122
f 1564/2415/1123 487/2414/1123 1477/2419/1123 2193/2417/1123
f 2193/2417/1124 1477/2419/1124 486/2420/1124 1565/2421/1124
f 1462/2418/1125 2193/2417/1125 1565/2421/1125 471/2422/1125
f 471/2422/1126 1565/2421/1126 2194/2423/1126 1461/2424/1126
f 1565/2421/1127 486/2420/1127 1476/2425/1127 2194/2423/1127
f 2194/2423/1128 1476/2425/1128 418/2426/1128 1397/2427/1128
f 1461/2424/1129 2194/2423/1129 1397/2427/1129 422/2343/1129
f 500/2075/1130 1566/2128/1130 2195/2428/1130 1490/2347/1130
f 1566/2128/1131 515/2127/1131 1505/2429/1131 2195/2428/1131
f 2195/2428/1132 1505/2429/1132 514/2430/1132 1567/2431/1132
f 1490/2347/1133 2195/2428/1133 1567/2431/1133 499/2348/1133
f 499/2432/1134 1567/2433/1134 2196/2434/1134 1489/2435/1134
f 1567/2433/1135 514/2430/1135 1504/2436/1135 2196/2434/1135
f 2196/2434/1136 1504/2436/1136 513/2437/1136 1568/2438/1136
f 1489/2435/1137 2196/2434/1137 1568/2438/1137 498/2439/1137
f 498/2439/1138 1568/2438/1138 2197/2440/1138 1488/2441/1138
f 1568/2438/1139 513/2437/1139 1503/2442/1139 2197/2440/1139
f 2197/2440/1140 1503/2442/1140 512/2443/1140 1569/2444/1140
f 1488/2441/1141 2197/2440/1141 1569/2444/1141 497/2365/1141
f 497/2365/1142 1569/2444/1142 2198/2445/1142 1487/2366/1142
f 1569/2444/1143 512/2443/1143 1502/2446/1143 2198/2445/1143
f 2198/2445/1144 1502/2446/1144 511/2447/1144 1570/2448/1144
f 1487/2366/1145 2198/2445/1145 1570/2448/1145 496/2367/1145
f 496/2449/1146 1570/2450/1146 2199/2451/1146 1486/2452/1146
f 1570/2450/1147 511/2453/1147 1501/2454/1147 2199/2451/1147
f 2199/2451/1148 1501/2454/1148 510/2455/1148 1571/2456/1148
f 1486/2452/1149 2199/2451/1149 1571/2456/1149 495/2457/1149
f 495/2457/1150 1571/2456/1150 2200/2458/1150 1485/2459/1150
f 1571/2456/1151 510/2455/1151 1500/2460/1151 2200/2458/1151
f 2200/2458/1152 1500/2460/1152 509/2461/1152 1572/2462/1152
f 1485/2459/1153 2200/2458/1153 1572/2462/1153 494/2381/1153
f 494/2381/1154 1572/2462/1154 2201/2463/1154 1484/2382/1154
f 1572/2462/1155 509/2461/1155 1499/2464/1155 2201/2463/1155
f 2201/2463/1156 1499/2464/1156 508/2465/1156 1573/2466/1156
f 1484/2382/1157 2201/2463/1157 1573/2466/1157 493/1885/1157
f 493/1885/1158 1573/2466/1158 2202/2467/1158 1483/2468/1158
f 1573/2466/1159 508/2465/1159 1498/2469/1159 2202/2467/1159
f 2202/2467/1160 1498/2469/1160 507/2470/1160 1574/2471/1160
f 1483/2468/1161 2202/2467/1161 1574/2471/1161 492/2472/1161
f 492/2472/1162 1574/2471/1162 2203/2473/1162 1482/2474/1162
f 1574/2471/1163 507/2470/1163 1497/2475/1163 2203/2473/1163
f 2203/2473/1164 1497/2475/1164 506/2476/1164 1575/2477/1164
f 1482/2474/1165 2203/2473/1165 1575/2477/1165 491/2478/1165
f 491/2478/1166 1575/2477/1166 2204/2479/1166 1481/2480/1166
f 1575/2477/1167 506/2476/1167 1496/2481/1167 2204/2479/1167
f 2204/2479/1168 1496/2481/1168 505/2482/1168 1576/2483/1168
f 1481/2480/1169 2204/2479/1169 1576/2483/1169 490/2484/1169
f 490/2484/1170 1576/2483/1170 2205/2485/1170 1480/2400/1170
f 1576/2483/1171 505/2482/1171 1495/2486/1171 2205/2485/1171
f 2205/2485/1172 1495/2486/1172 504/2487/1172 1577/2488/1172
f 1480/2400/1173 2205/2485/1173 1577/2488/1173 489/2406/1173
f 489/2406/1174 1577/2488/1174 2206/2489/1174 1479/2407/1174
f 1577/2488/1175 504/2487/1175 1494/2490/1175 2206/2489/1175
f 2206/2489/1176 1494/2490/1176 503/2491/1176 1578/2492/1176
f 1479/2407/1177 2206/2489/1177 1578/2492/1177 488/2408/1177
f 488/2408/1178 1578/2492/1178 2207/2493/1178 1478/2413/1178
f 1578/2492/1179 503/2491/1179 1493/2494/1179 2207/2493/1179
f 2207/2493/1180 1493/2494/1180 502/2495/1180 1579/2496/1180
f 1478/2413/1181 2207/2493/1181 1579/2496/1181 487/2414/1181
f 487/2414/1182 1579/2496/1182 2208/2497/1182 1477/2419/1182
f 1579/2496/1183 502/2495/1183 1492/2498/1183 2208/2497/1183
f 2208/2497/1184 1492/2498/1184 501/2499/1184 1580/2500/1184
f 1477/2419/1185 2208/2497/1185 1580/2500/1185 486/2420/1185
f 486/2420/1186 1580/2500/1186 2209/2501/1186 1476/2425/1186
f 1580/2500/1187 501/2499/1187 1491/2502/1187 2209/2501/1187
f 2209/2501/1188 1491/2502/1188 414/2503/1188 1401/2504/1188
f 1476/2425/1189 2209/2501/1189 1401/2504/1189 418/2426/1189
f 515/2131/1190 1581/2130/1190 2210/2505/1190 1505/2506/1190
f 1581/2130/1191 426/2095/1191 1417/2133/1191 2210/2505/1191
f 2210/2505/1192 1417/2133/1192 427/2137/1192 1582/2507/1192
f 1505/2506/1193 2210/2505/1193 1582/2507/1193 514/2430/1193
f 514/2430/1194 1582/2507/1194 2211/2508/1194 1504/2436/1194
f 1582/2507/1195 427/2137/1195 1418/2139/1195 2211/2508/1195
f 2211/2508/1196 1418/2139/1196 428/2509/1196 1583/2510/1196
f 1504/2436/1197 2211/2508/1197 1583/2510/1197 513/2437/1197
f 513/2511/1198 1583/2510/1198 2212/2512/1198 1503/2442/1198
f 1583/2510/1199 428/2143/1199 1419/2145/1199 2212/2512/1199
f 2212/2512/1200 1419/2145/1200 429/2149/1200 1584/2509/1200
f 1503/2442/1201 2212/2512/1201 1584/2509/1201 512/2513/1201
f 512/2443/1202 1584/2509/1202 2213/2514/1202 1502/2446/1202
f 1584/2509/1203 429/2515/1203 1420/2151/1203 2213/2514/1203
f 2213/2514/1204 1420/2151/1204 430/2155/1204 1585/2516/1204
f 1502/2446/1205 2213/2514/1205 1585/2516/1205 511/2447/1205
f 511/2447/1206 1585/2516/1206 2214/2517/1206 1501/2518/1206
f 1585/2516/1207 430/2155/1207 1421/2157/1207 2214/2517/1207
f 2214/2517/1208 1421/2157/1208 431/2161/1208 1586/2519/1208
f 1501/2518/1209 2214/2517/1209 1586/2519/1209 510/2520/1209
f 510/2520/1210 1586/2519/1210 2215/2521/1210 1500/2522/1210
f 1586/2519/1211 431/2161/1211 1422/2163/1211 2215/2521/1211
f 2215/2521/1212 1422/2163/1212 432/2167/1212 1587/2523/1212
f 1500/2522/1213 2215/2521/1213 1587/2523/1213 509/2524/1213
f 509/2524/1214 1587/2523/1214 2216/2525/1214 1499/2526/1214
f 1587/2523/1215 432/2167/1215 1423/2169/1215 2216/2525/1215
f 2216/2525/1216 1423/2169/1216 433/2173/1216 1588/2527/1216
f 1499/2526/1217 2216/2525/1217 1588/2527/1217 508/2465/1217
f 508/2465/1218 1588/2527/1218 2217/2528/1218 1498/2529/1218
f 1588/2527/1219 433/2173/1219 1424/2175/1219 2217/2528/1219
f 2217/2528/1220 1424/2175/1220 434/2179/1220 1589/2530/1220
f 1498/2529/1221 2217/2528/1221 1589/2530/1221 507/2470/1221
f 507/2470/1222 1589/2530/1222 2218/2531/1222 1497/2532/1222
f 1589/2530/1223 434/2179/1223 1425/2181/1223 2218/2531/1223
f 2218/2531/1224 1425/2181/1224 435/2185/1224 1590/2533/1224
f 1497/2532/1225 2218/2531/1225 1590/2533/1225 506/2534/1225
f 506/2534/1226 1590/2533/1226 2219/2535/1226 1496/2536/1226
f 1590/2533/1227 435/2185/1227 1426/2187/1227 2219/2535/1227
f 2219/2535/1228 1426/2187/1228 436/2191/1228 1591/2537/1228
f 1496/2536/1229 2219/2535/1229 1591/2537/1229 505/2482/1229
f 505/2482/1230 1591/2537/1230 2220/2538/1230 1495/2539/1230
f 1591/2537/1231 436/2191/1231 1427/2193/1231 2220/2538/1231
f 2220/2538/1232 1427/2193/1232 437/2196/1232 1592/2540/1232
f 1495/2539/1233 2220/2538/1233 1592/2540/1233 504/2541/1233
f 504/2541/1234 1592/2540/1234 2221/2542/1234 1494/2543/1234
f 1592/2540/1235 437/2196/1235 1428/2198/1235 2221/2542/1235
f 2221/2542/1236 1428/2198/1236 438/2202/1236 1593/2544/1236
f 1494/2543/1237 2221/2542/1237 1593/2544/1237 503/2491/1237
f 503/2491/1238 1593/2544/1238 2222/2545/1238 1493/2494/1238
f 1593/2544/1239 438/2202/1239 1429/2204/1239 2222/2545/1239
f 2222/2545/1240 1429/2204/1240 439/2208/1240 1594/2546/1240
f 1493/2494/1241 2222/2545/1241 1594/2546/1241 502/2495/1241
f 502/2495/1242 1594/2546/1242 2223/2547/1242 1492/2498/1242
f 1594/2546/1243 439/2208/1243 1430/2210/1243 2223/2547/1243
f 2223/2547/1244 1430/2210/1244 440/2214/1244 1595/2548/1244
f 1492/2498/1245 2223/2547/1245 1595/2548/1245 501/2499/1245
f 501/2499/1246 1595/2548/1246 2224/2549/1246 1491/2550/1246
f 1595/2548/1247 440/2214/1247 1391/2216/1247 2224/2549/1247
f 2224/2549/1248 1391/2216/1248 415/2016/1248 1388/2551/1248
f 1491/2550/1249 2224/2549/1249 1388/2551/1249 414/2503/1249
f 30/360/1250 689/358/1250 2225/2552/1250 770/2553/1250
f 689/358/1251 28/354/1251 1627/2554/1251 2225/2552/1251
f 2225/2552/1252 1627/2554/1252 547/354/1252 1628/2555/1252
f 770/2553/1253 2225/2552/1253 1628/2555/1253 546/2556/1253
f 4/2557/1254 676/278/1254 2226/2558/1254 768/2559/1254
f 676/278/1255 2/2560/1255 1625/2561/1255 2226/2558/1255
f 2226/2558/1256 1625/2561/1256 545/579/1256 1629/2562/1256
f 768/2559/1257 2226/2558/1257 1629/2562/1257 544/2563/1257
f 58/444/1258 703/2564/1258 2227/2565/1258 766/2566/1258
f 703/2564/1259 56/2567/1259 1623/2568/1259 2227/2565/1259
f 2227/2565/1260 1623/2568/1260 543/2569/1260 1630/2570/1260
f 766/2566/1261 2227/2565/1261 1630/2570/1261 542/2571/1261
f 32/2572/1262 690/364/1262 2228/2573/1262 765/2574/1262
f 690/364/1263 30/2575/1263 770/2576/1263 2228/2573/1263
f 2228/2573/1264 770/2576/1264 546/2577/1264 1631/2578/1264
f 765/2574/1265 2228/2573/1265 1631/2578/1265 541/2579/1265
f 6/2580/1266 677/2581/1266 2229/2582/1266 764/2583/1266
f 677/2581/1267 4/2557/1267 768/2559/1267 2229/2582/1267
f 2229/2582/1268 768/2559/1268 544/2563/1268 1632/2584/1268
f 764/2583/1269 2229/2582/1269 1632/2584/1269 540/2585/1269
f 60/2586/1270 704/448/1270 2230/448/1270 763/2587/1270
f 704/448/1271 58/2588/1271 766/2566/1271 2230/448/1271
f 2230/448/1272 766/2566/1272 542/2589/1272 1633/448/1272
f 763/2587/1273 2230/448/1273 1633/448/1273 539/2586/1273
f 34/2590/1274 691/370/1274 2231/2591/1274 762/2592/1274
f 691/370/1275 32/2572/1275 765/2574/1275 2231/2591/1275
f 2231/2591/1276 765/2574/1276 541/2579/1276 1634/2593/1276
f 762/2592/1277 2231/2591/1277 1634/2593/1277 538/2594/1277
f 8/294/1278 678/2595/1278 2232/2596/1278 761/2597/1278
f 678/2595/1279 6/2580/1279 764/2583/1279 2232/2596/1279
f 2232/2596/1280 764/2583/1280 540/2585/1280 1635/626/1280
f 761/2597/1281 2232/2596/1281 1635/626/1281 537/2597/1281
f 62/456/1282 705/454/1282 2233/2598/1282 760/2599/1282
f 705/454/1283 60/450/1283 763/2587/1283 2233/2598/1283
f 2233/2598/1284 763/2587/1284 539/450/1284 1636/2600/1284
f 760/2599/1285 2233/2598/1285 1636/2600/1285 536/2601/1285
f 36/378/1286 692/2602/1286 2234/2603/1286 759/2604/1286
f 692/2602/1287 34/372/1287 762/2605/1287 2234/2603/1287
f 2234/2603/1288 762/2605/1288 538/2606/1288 1637/2607/1288
f 759/2604/1289 2234/2603/1289 1637/2607/1289 535/378/1289
f 10/300/1290 679/298/1290 2235/2608/1290 758/2609/1290
f 679/298/1291 8/2597/1291 761/2597/1291 2235/2608/1291
f 2235/2608/1292 761/2597/1292 537/2597/1292 1638/298/1292
f 758/2609/1293 2235/2608/1293 1638/298/1293 534/2610/1293
f 64/2611/1294 706/2612/1294 2236/460/1294 757/583/1294
f 706/2612/1295 62/602/1295 760/2599/1295 2236/460/1295
f 2236/460/1296 760/2599/1296 536/2601/1296 1639/2613/1296
f 757/583/1297 2236/460/1297 1639/2613/1297 533/2614/1297
f 38/384/1298 693/2615/1298 2237/2616/1298 756/2617/1298
f 693/2615/1299 36/2618/1299 759/2604/1299 2237/2616/1299
f 2237/2616/1300 759/2604/1300 535/2618/1300 1640/2615/1300
f 756/2617/1301 2237/2616/1301 1640/2615/1301 532/2619/1301
f 12/306/1302 680/304/1302 2238/2620/1302 755/2621/1302
f 680/304/1303 10/300/1303 758/2609/1303 2238/2620/1303
f 2238/2620/1304 758/2609/1304 534/2610/1304 1641/304/1304
f 755/2621/1305 2238/2620/1305 1641/304/1305 531/306/1305
f 2/2560/1306 707/2622/1306 2239/2623/1306 1625/2561/1306
f 707/2622/1307 64/462/1307 757/583/1307 2239/2623/1307
f 2239/2623/1308 757/583/1308 533/2614/1308 1642/2624/1308
f 1625/2561/1309 2239/2623/1309 1642/2624/1309 545/579/1309
f 40/2625/1310 694/388/1310 2240/2626/1310 754/2625/1310
f 694/388/1311 38/384/1311 756/2617/1311 2240/2626/1311
f 2240/2626/1312 756/2617/1312 532/2619/1312 1643/2627/1312
f 754/2625/1313 2240/2626/1313 1643/2627/1313 530/2625/1313
f 14/312/1314 681/310/1314 2241/2628/1314 753/2629/1314
f 681/310/1315 12/306/1315 755/2621/1315 2241/2628/1315
f 2241/2628/1316 755/2621/1316 531/306/1316 1644/2630/1316
f 753/2629/1317 2241/2628/1317 1644/2630/1317 529/2631/1317
f 42/396/1318 695/394/1318 2242/2632/1318 752/2633/1318
f 695/394/1319 40/390/1319 754/2625/1319 2242/2632/1319
f 2242/2632/1320 754/2625/1320 530/390/1320 1645/2634/1320
f 752/2633/1321 2242/2632/1321 1645/2634/1321 528/549/1321
f 16/2635/1322 682/2636/1322 2243/2637/1322 751/2638/1322
f 682/2636/1323 14/312/1323 753/2629/1323 2243/2637/1323
f 2243/2637/1324 753/2629/1324 529/2631/1324 1646/2639/1324
f 751/2638/1325 2243/2637/1325 1646/2639/1325 527/2640/1325
f 44/2641/1326 696/2642/1326 2244/2643/1326 750/2644/1326
f 696/2642/1327 42/396/1327 752/2645/1327 2244/2643/1327
f 2244/2643/1328 752/2645/1328 528/559/1328 1647/2646/1328
f 750/2644/1329 2244/2643/1329 1647/2646/1329 526/2647/1329
f 18/2648/1330 683/2649/1330 2245/2650/1330 749/2651/1330
f 683/2649/1331 16/318/1331 751/2638/1331 2245/2650/1331
f 2245/2650/1332 751/2638/1332 527/2652/1332 1648/2653/1332
f 749/2651/1333 2245/2650/1333 1648/2653/1333 525/532/1333
f 46/2654/1334 697/406/1334 2246/2655/1334 748/2656/1334
f 697/406/1335 44/2641/1335 750/2644/1335 2246/2655/1335
f 2246/2655/1336 750/2644/1336 526/2647/1336 1649/2657/1336
f 748/2656/1337 2246/2655/1337 1649/2657/1337 524/2658/1337
f 20/2659/1338 684/2660/1338 2247/2661/1338 747/2662/1338
f 684/2660/1339 18/2648/1339 749/2651/1339 2247/2661/1339
f 2247/2661/1340 749/2651/1340 525/532/1340 1650/530/1340
f 747/2662/1341 2247/2661/1341 1650/530/1341 523/2663/1341
f 48/414/1342 698/2664/1342 2248/2665/1342 746/515/1342
f 698/2664/1343 46/2666/1343 748/2667/1343 2248/2665/1343
f 2248/2665/1344 748/2667/1344 524/2668/1344 1651/2669/1344
f 746/515/1345 2248/2665/1345 1651/2669/1345 522/2670/1345
f 22/2671/1346 685/2672/1346 2249/2673/1346 745/2674/1346
f 685/2672/1347 20/2659/1347 747/2662/1347 2249/2673/1347
f 2249/2673/1348 747/2662/1348 523/2663/1348 1652/2675/1348
f 745/2674/1349 2249/2673/1349 1652/2675/1349 521/2676/1349
f 50/2677/1350 699/2678/1350 2250/2679/1350 744/2677/1350
f 699/2678/1351 48/529/1351 746/515/1351 2250/2679/1351
f 2250/2679/1352 746/515/1352 522/515/1352 1653/2680/1352
f 744/2677/1353 2250/2679/1353 1653/2680/1353 520/2677/1353
f 24/342/1354 686/340/1354 2251/2681/1354 743/2682/1354
f 686/340/1355 22/2671/1355 745/2674/1355 2251/2681/1355
f 2251/2681/1356 745/2674/1356 521/2676/1356 1654/2683/1356
f 743/2682/1357 2251/2681/1357 1654/2683/1357 519/2684/1357
f 52/2685/1358 700/2686/1358 2252/2687/1358 742/2688/1358
f 700/2686/1359 50/420/1359 744/2677/1359 2252/2687/1359
f 2252/2687/1360 744/2677/1360 520/420/1360 1655/2689/1360
f 742/2688/1361 2252/2687/1361 1655/2689/1361 518/2690/1361
f 26/348/1362 687/2691/1362 2253/2692/1362 741/2693/1362
f 687/2691/1363 24/2684/1363 743/2682/1363 2253/2692/1363
f 2253/2692/1364 743/2682/1364 519/2684/1364 1656/2694/1364
f 741/2693/1365 2253/2692/1365 1656/2694/1365 517/2695/1365
f 54/2696/1366 701/2697/1366 2254/2698/1366 740/2699/1366
f 701/2697/1367 52/426/1367 742/2700/1367 2254/2698/1367
f 2254/2698/1368 742/2700/1368 518/488/1368 1657/2701/1368
f 740/2699/1369 2254/2698/1369 1657/2701/1369 516/2702/1369
f 28/2554/1370 688/352/1370 2255/2703/1370 1627/2554/1370
f 688/352/1371 26/348/1371 741/2693/1371 2255/2703/1371
f 2255/2703/1372 741/2693/1372 517/2695/1372 1658/352/1372
f 1627/2554/1373 2255/2703/1373 1658/352/1373 547/2554/1373
f 56/2704/1374 702/2705/1374 2256/2706/1374 1623/2707/1374
f 702/2705/1375 54/2696/1375 740/2699/1375 2256/2706/1375
f 2256/2706/1376 740/2699/1376 516/2702/1376 1659/2708/1376
f 1623/2707/1377 2256/2706/1377 1659/2708/1377 543/2709/1377
f 546/2556/547 1628/2555/547 2257/2710/547 1626/2711/547
f 1628/2555/546 547/354/546 1662/2712/546 2257/2710/546
f 2257/2710/546 1662/2712/546 550/670/546 1692/668/546
f 1626/2711/547 2257/2710/547 1692/668/547 579/667/547
f 544/2563/625 1629/2562/625 2258/2713/625 1624/2714/625
f 1629/2562/624 545/2715/624 1661/2715/624 2258/2713/624
f 2258/2713/624 1661/2715/624 549/2715/624 1693/664/624
f 1624/2714/625 2258/2713/625 1693/664/625 578/647/625
f 542/2571/655 1630/2570/655 2259/2716/655 1622/2717/655
f 1630/2570/654 543/2569/654 1660/2718/654 2259/2716/654
f 2259/2716/654 1660/2718/654 548/661/654 1694/658/654
f 1622/2717/655 2259/2716/655 1694/658/655 577/657/655
f 541/2719/541 1631/2720/541 2260/2721/541 1621/2722/541
f 1631/2720/540 546/2556/540 1626/2711/540 2260/2721/540
f 2260/2721/540 1626/2711/540 579/667/540 1695/651/540
f 1621/2722/541 2260/2721/541 1695/651/541 576/634/541
f 540/2585/619 1632/2584/619 2261/2723/619 1620/2724/619
f 1632/2584/618 544/2563/618 1624/2714/618 2261/2723/618
f 2261/2723/618 1624/2714/618 578/647/618 1696/645/618
f 1620/2724/619 2261/2723/619 1696/645/619 575/628/619
f 539/450/649 1633/448/649 2262/2725/649 1619/2726/649
f 1633/448/648 542/2571/648 1622/2717/648 2262/2725/648
f 2262/2725/648 1622/2717/648 577/657/648 1697/2727/648
f 1619/2726/649 2262/2725/649 1697/2727/649 574/622/649
f 538/2606/535 1634/2728/535 2263/2729/535 1618/615/535
f 1634/2728/534 541/2719/534 1621/2722/534 2263/2729/534
f 2263/2729/534 1621/2722/534 576/634/534 1698/632/534
f 1618/615/535 2263/2729/535 1698/632/535 573/615/535
f 537/2597/613 1635/626/613 2264/2730/613 1617/2597/613
f 1635/626/612 540/2585/612 1620/2724/612 2264/2730/612
f 2264/2730/612 1620/2724/612 575/628/612 1699/626/612
f 1617/2597/613 2264/2730/613 1699/626/613 572/2597/613
f 536/2601/643 1636/2600/643 2265/2731/643 1616/2732/643
f 1636/2600/642 539/450/642 1619/2726/642 2265/2731/642
f 2265/2731/642 1619/2726/642 574/622/642 1700/620/642
f 1616/2732/643 2265/2731/643 1700/620/643 571/602/643
f 535/378/785 1637/2607/785 2266/2733/785 1615/2734/785
f 1637/2607/784 538/2606/784 1618/615/784 2266/2733/784
f 2266/2733/784 1618/615/784 573/615/784 1701/612/784
f 1615/2734/785 2266/2733/785 1701/612/785 570/611/785
f 534/2610/607 1638/298/607 2267/2735/607 1614/2736/607
f 1638/298/606 537/2597/606 1617/2597/606 2267/2735/606
f 2267/2735/606 1617/2597/606 572/294/606 1702/606/606
f 1614/2736/607 2267/2735/607 1702/606/607 569/590/607
f 533/2614/637 1639/2613/637 2268/2613/637 1613/2737/637
f 1639/2613/636 536/2601/636 1616/2732/636 2268/2613/636
f 2268/2613/636 1616/2732/636 571/2732/636 1703/600/636
f 1613/2737/637 2268/2613/637 1703/600/637 568/2738/637
f 532/2619/771 1640/2615/771 2269/2739/771 1612/2740/771
f 1640/2615/770 535/378/770 1615/2734/770 2269/2739/770
f 2269/2739/770 1615/2734/770 570/611/770 1704/2741/770
f 1612/2740/771 2269/2739/771 1704/2741/771 567/2742/771
f 531/2743/601 1641/304/601 2270/2744/601 1611/2743/601
f 1641/304/600 534/2610/600 1614/2736/600 2270/2744/600
f 2270/2744/600 1614/2736/600 569/590/600 1705/588/600
f 1611/2743/601 2270/2744/601 1705/588/601 566/306/601
f 545/579/631 1642/2624/631 2271/2745/631 1661/2715/631
f 1642/2624/630 533/2614/630 1613/2737/630 2271/2745/630
f 2271/2745/630 1613/2737/630 568/583/630 1706/580/630
f 1661/2715/631 2271/2745/631 1706/580/631 549/579/631
f 530/390/749 1643/2627/749 2272/2746/749 1610/2747/749
f 1643/2627/748 532/2619/748 1612/2740/748 2272/2746/748
f 2272/2746/748 1612/2740/748 567/2742/748 1707/2748/748
f 1610/2747/749 2272/2746/749 1707/2748/749 565/2749/749
f 529/2631/595 1644/2630/595 2273/2750/595 1609/2629/595
f 1644/2630/594 531/306/594 1611/2743/594 2273/2750/594
f 2273/2750/594 1611/2743/594 566/2743/594 1708/568/594
f 1609/2629/595 2273/2750/595 1708/568/595 564/555/595
f 528/549/727 1645/2634/727 2274/2751/727 1608/549/727
f 1645/2634/726 530/390/726 1610/2747/726 2274/2751/726
f 2274/2751/726 1610/2747/726 565/2749/726 1709/2752/726
f 1608/549/727 2274/2751/727 1709/2752/727 563/549/727
f 527/2640/589 1646/2639/589 2275/2753/589 1607/2754/589
f 1646/2639/588 529/2631/588 1609/2629/588 2275/2753/588
f 2275/2753/588 1609/2629/588 564/555/588 1710/553/588
f 1607/2754/589 2275/2753/589 1710/553/589 562/542/589
f 526/2755/705 1647/2646/705 2276/2756/705 1606/2757/705
f 1647/2646/704 528/549/704 1608/549/704 2276/2756/704
f 2276/2756/704 1608/549/704 563/549/704 1711/547/704
f 1606/2757/705 2276/2756/705 1711/547/705 561/546/705
f 525/532/583 1648/2653/583 2277/2758/583 1605/2759/583
f 1648/2653/582 527/2640/582 1607/2754/582 2277/2758/582
f 2277/2758/582 1607/2754/582 562/542/582 1712/540/582
f 1605/2759/583 2277/2758/583 1712/540/583 560/532/583
f 524/2668/691 1649/2760/691 2278/2761/691 1604/2762/691
f 1649/2760/690 526/2755/690 1606/2757/690 2278/2761/690
f 2278/2761/690 1606/2757/690 561/546/690 1713/536/690
f 1604/2762/691 2278/2761/691 1713/536/691 559/526/691
f 523/2663/577 1650/530/577 2279/2763/577 1603/2764/577
f 1650/530/576 525/532/576 1605/2759/576 2279/2763/576
f 2279/2763/576 1605/2759/576 560/532/576 1714/530/576
f 1603/2764/577 2279/2763/577 1714/530/577 558/519/577
f 522/2670/685 1651/2669/685 2280/2765/685 1602/2766/685
f 1651/2669/684 524/2668/684 1604/2762/684 2280/2765/684
f 2280/2765/684 1604/2762/684 559/526/684 1715/524/684
f 1602/2766/685 2280/2765/685 1715/524/685 557/514/685
f 521/2676/571 1652/2675/571 2281/2767/571 1601/2768/571
f 1652/2675/570 523/2663/570 1603/2764/570 2281/2767/570
f 2281/2767/570 1603/2764/570 558/519/570 1716/517/570
f 1601/2768/571 2281/2767/571 1716/517/571 556/508/571
f 520/420/679 1653/2680/679 2282/2769/679 1600/2770/679
f 1653/2680/678 522/2670/678 1602/2766/678 2282/2769/678
f 2282/2769/678 1602/2766/678 557/514/678 1717/512/678
f 1600/2770/679 2282/2769/679 1717/512/679 555/502/679
f 519/2684/565 1654/2683/565 2283/2771/565 1599/2682/565
f 1654/2683/564 521/2676/564 1601/2768/564 2283/2771/564
f 2283/2771/564 1601/2768/564 556/508/564 1718/506/564
f 1599/2682/565 2283/2771/565 1718/506/565 554/2684/565
f 518/2690/673 1655/2689/673 2284/2772/673 1598/2773/673
f 1655/2689/672 520/420/672 1600/2770/672 2284/2772/672
f 2284/2772/672 1600/2770/672 555/502/672 1719/500/672
f 1598/2773/673 2284/2772/673 1719/500/673 553/488/673
f 517/2695/559 1656/2694/559 2285/2774/559 1597/2775/559
f 1656/2694/558 519/2684/558 1599/2682/558 2285/2774/558
f 2285/2774/558 1599/2682/558 554/342/558 1720/494/558
f 1597/2775/559 2285/2774/559 1720/494/559 552/493/559
f 516/2776/667 1657/2777/667 2286/2778/667 1596/2779/667
f 1657/2777/666 518/2690/666 1598/2773/666 2286/2778/666
f 2286/2778/666 1598/2773/666 553/488/666 1721/486/666
f 1596/2779/667 2286/2778/667 1721/486/667 551/485/667
f 547/354/553 1658/352/553 2287/2780/553 1662/2712/553
f 1658/352/552 517/2695/552 1597/2775/552 2287/2780/552
f 2287/2780/552 1597/2775/552 552/493/552 1722/477/552
f 1662/2712/553 2287/2780/553 1722/477/553 550/670/553
f 543/2569/661 1659/2781/661 2288/2782/661 1660/2718/661
f 1659/2781/660 516/2776/660 1596/2779/660 2288/2782/660
f 2288/2782/660 1596/2779/660 551/485/660 1723/470/660
f 1660/2718/661 2288/2782/661 1723/470/661 548/661/661
