# Blender 5.2.2 LTS
# www.blender.org
mtllib rubik.mtl
o Cube
v 0.880000 0.880000 -1.000000
v 0.880000 1.000000 -0.880000
v 1.000000 0.880000 -0.880000
v 0.880000 0.939921 -0.983968
v 0.939921 0.880000 -0.983968
v 0.937385 0.937385 -0.968396
v 0.939921 0.983968 -0.880000
v 0.880000 0.983968 -0.939921
v 0.937385 0.968396 -0.937385
v 0.983968 0.880000 -0.939921
v 0.983968 0.939921 -0.880000
v 0.968396 0.937385 -0.937385
v 0.880000 -1.000000 -0.880000
v 0.880000 -0.880000 -1.000000
v 1.000000 -0.880000 -0.880000
v 0.880000 -0.983968 -0.939921
v 0.939921 -0.983968 -0.880000
v 0.937385 -0.968396 -0.937385
v 0.939921 -0.880000 -0.983968
v 0.880000 -0.939921 -0.983968
v 0.937385 -0.937385 -0.968396
v 0.983968 -0.939921 -0.880000
v 0.983968 -0.880000 -0.939921
v 0.968396 -0.937385 -0.937385
v 1.000000 0.880000 0.880000
v 0.880000 1.000000 0.880000
v 0.880000 0.880000 1.000000
v 0.983968 0.939921 0.880000
v 0.983968 0.880000 0.939921
v 0.968396 0.937385 0.937385
v 0.880000 0.983968 0.939921
v 0.939921 0.983968 0.880000
v 0.937385 0.968396 0.937385
v 0.939921 0.880000 0.983968
v 0.880000 0.939921 0.983968
v 0.937385 0.937385 0.968396
v 1.000000 -0.880000 0.880000
v 0.880000 -0.880000 1.000000
v 0.880000 -1.000000 0.880000
v 0.983968 -0.880000 0.939921
v 0.983968 -0.939921 0.880000
v 0.968396 -0.937385 0.937385
v 0.880000 -0.939921 0.983968
v 0.939921 -0.880000 0.983968
v 0.937385 -0.937385 0.968396
v 0.939921 -0.983968 0.880000
v 0.880000 -0.983968 0.939921
v 0.937385 -0.968396 0.937385
v -0.880000 0.880000 -1.000000
v -1.000000 0.880000 -0.880000
v -0.880000 1.000000 -0.880000
v -0.939921 0.880000 -0.983968
v -0.880000 0.939921 -0.983968
v -0.937385 0.937385 -0.968396
v -0.983968 0.939921 -0.880000
v -0.983968 0.880000 -0.939921
v -0.968396 0.937385 -0.937385
v -0.880000 0.983968 -0.939921
v -0.939921 0.983968 -0.880000
v -0.937385 0.968396 -0.937385
v -1.000000 -0.880000 -0.880000
v -0.880000 -0.880000 -1.000000
v -0.880000 -1.000000 -0.880000
v -0.983968 -0.880000 -0.939921
v -0.983968 -0.939921 -0.880000
v -0.968396 -0.937385 -0.937385
v -0.880000 -0.939921 -0.983968
v -0.939921 -0.880000 -0.983968
v -0.937385 -0.937385 -0.968396
v -0.939921 -0.983968 -0.880000
v -0.880000 -0.983968 -0.939921
v -0.937385 -0.968396 -0.937385
v -1.000000 0.880000 0.880000
v -0.880000 0.880000 1.000000
v -0.880000 1.000000 0.880000
v -0.983968 0.880000 0.939921
v -0.983968 0.939921 0.880000
v -0.968396 0.937385 0.937385
v -0.880000 0.939921 0.983968
v -0.939921 0.880000 0.983968
v -0.937385 0.937385 0.968396
v -0.939921 0.983968 0.880000
v -0.880000 0.983968 0.939921
v -0.937385 0.968396 0.937385
v -0.880000 -1.000000 0.880000
v -0.880000 -0.880000 1.000000
v -1.000000 -0.880000 0.880000
v -0.880000 -0.983968 0.939921
v -0.939921 -0.983968 0.880000
v -0.937385 -0.968396 0.937385
v -0.939921 -0.880000 0.983968
v -0.880000 -0.939921 0.983968
v -0.937385 -0.937385 0.968396
v -0.983968 -0.939921 0.880000
v -0.983968 -0.880000 0.939921
v -0.968396 -0.937385 0.937385
v 2.940000 0.880000 -1.000000
v 2.940000 1.000000 -0.880000
v 3.060000 0.880000 -0.880000
v 2.940000 0.939921 -0.983968
v 2.999921 0.880000 -0.983968
v 2.997385 0.937385 -0.968396
v 2.999921 0.983968 -0.880000
v 2.940000 0.983968 -0.939921
v 2.997385 0.968396 -0.937385
v 3.043968 0.880000 -0.939921
v 3.043968 0.939921 -0.880000
v 3.028396 0.937385 -0.937385
v 2.940000 -1.000000 -0.880000
v 2.940000 -0.880000 -1.000000
v 3.060000 -0.880000 -0.880000
v 2.940000 -0.983968 -0.939921
v 2.999921 -0.983968 -0.880000
v 2.997385 -0.968396 -0.937385
v 2.999921 -0.880000 -0.983968
v 2.940000 -0.939921 -0.983968
v 2.997385 -0.937385 -0.968396
v 3.043968 -0.939921 -0.880000
v 3.043968 -0.880000 -0.939921
v 3.028396 -0.937385 -0.937385
v 3.060000 0.880000 0.880000
v 2.940000 1.000000 0.880000
v 2.940000 0.880000 1.000000
v 3.043968 0.939921 0.880000
v 3.043968 0.880000 0.939921
v 3.028396 0.937385 0.937385
v 2.940000 0.983968 0.939921
v 2.999921 0.983968 0.880000
v 2.997385 0.968396 0.937385
v 2.999921 0.880000 0.983968
v 2.940000 0.939921 0.983968
v 2.997385 0.937385 0.968396
v 3.060000 -0.880000 0.880000
v 2.940000 -0.880000 1.000000
v 2.940000 -1.000000 0.880000
v 3.043968 -0.880000 0.939921
v 3.043968 -0.939921 0.880000
v 3.028396 -0.937385 0.937385
v 2.940000 -0.939921 0.983968
v 2.999921 -0.880000 0.983968
v 2.997385 -0.937385 0.968396
v 2.999921 -0.983968 0.880000
v 2.940000 -0.983968 0.939921
v 2.997385 -0.968396 0.937385
v 1.180000 0.880000 -1.000000
v 1.060000 0.880000 -0.880000
v 1.180000 1.000000 -0.880000
v 1.120079 0.880000 -0.983968
v 1.180000 0.939921 -0.983968
v 1.122615 0.937385 -0.968396
v 1.076031 0.939921 -0.880000
v 1.076031 0.880000 -0.939921
v 1.091604 0.937385 -0.937385
v 1.180000 0.983968 -0.939921
v 1.120079 0.983968 -0.880000
v 1.122615 0.968396 -0.937385
v 1.060000 -0.880000 -0.880000
v 1.180000 -0.880000 -1.000000
v 1.180000 -1.000000 -0.880000
v 1.076031 -0.880000 -0.939921
v 1.076031 -0.939921 -0.880000
v 1.091604 -0.937385 -0.937385
v 1.180000 -0.939921 -0.983968
v 1.120079 -0.880000 -0.983968
v 1.122615 -0.937385 -0.968396
v 1.120079 -0.983968 -0.880000
v 1.180000 -0.983968 -0.939921
v 1.122615 -0.968396 -0.937385
v 1.060000 0.880000 0.880000
v 1.180000 0.880000 1.000000
v 1.180000 1.000000 0.880000
v 1.076031 0.880000 0.939921
v 1.076031 0.939921 0.880000
v 1.091604 0.937385 0.937385
v 1.180000 0.939921 0.983968
v 1.120079 0.880000 0.983968
v 1.122615 0.937385 0.968396
v 1.120079 0.983968 0.880000
v 1.180000 0.983968 0.939921
v 1.122615 0.968396 0.937385
v 1.180000 -1.000000 0.880000
v 1.180000 -0.880000 1.000000
v 1.060000 -0.880000 0.880000
v 1.180000 -0.983968 0.939921
v 1.120079 -0.983968 0.880000
v 1.122615 -0.968396 0.937385
v 1.120079 -0.880000 0.983968
v 1.180000 -0.939921 0.983968
v 1.122615 -0.937385 0.968396
v 1.076031 -0.939921 0.880000
v 1.076031 -0.880000 0.939921
v 1.091604 -0.937385 0.937385
v 5.000000 0.880000 -1.000000
v 5.000000 1.000000 -0.880000
v 5.120000 0.880000 -0.880000
v 5.000000 0.939921 -0.983968
v 5.059921 0.880000 -0.983968
v 5.057385 0.937385 -0.968396
v 5.059921 0.983968 -0.880000
v 5.000000 0.983968 -0.939921
v 5.057385 0.968396 -0.937385
v 5.103968 0.880000 -0.939921
v 5.103968 0.939921 -0.880000
v 5.088396 0.937385 -0.937385
v 5.000000 -1.000000 -0.880000
v 5.000000 -0.880000 -1.000000
v 5.120000 -0.880000 -0.880000
v 5.000000 -0.983968 -0.939921
v 5.059921 -0.983968 -0.880000
v 5.057385 -0.968396 -0.937385
v 5.059921 -0.880000 -0.983968
v 5.000000 -0.939921 -0.983968
v 5.057385 -0.937385 -0.968396
v 5.103968 -0.939921 -0.880000
v 5.103968 -0.880000 -0.939921
v 5.088396 -0.937385 -0.937385
v 5.120000 0.880000 0.880000
v 5.000000 1.000000 0.880000
v 5.000000 0.880000 1.000000
v 5.103968 0.939921 0.880000
v 5.103968 0.880000 0.939921
v 5.088396 0.937385 0.937385
v 5.000000 0.983968 0.939921
v 5.059921 0.983968 0.880000
v 5.057385 0.968396 0.937385
v 5.059921 0.880000 0.983968
v 5.000000 0.939921 0.983968
v 5.057385 0.937385 0.968396
v 5.120000 -0.880000 0.880000
v 5.000000 -0.880000 1.000000
v 5.000000 -1.000000 0.880000
v 5.103968 -0.880000 0.939921
v 5.103968 -0.939921 0.880000
v 5.088396 -0.937385 0.937385
v 5.000000 -0.939921 0.983968
v 5.059921 -0.880000 0.983968
v 5.057385 -0.937385 0.968396
v 5.059921 -0.983968 0.880000
v 5.000000 -0.983968 0.939921
v 5.057385 -0.968396 0.937385
v 3.240000 0.880000 -1.000000
v 3.120000 0.880000 -0.880000
v 3.240000 1.000000 -0.880000
v 3.180079 0.880000 -0.983968
v 3.240000 0.939921 -0.983968
v 3.182615 0.937385 -0.968396
v 3.136031 0.939921 -0.880000
v 3.136031 0.880000 -0.939921
v 3.151604 0.937385 -0.937385
v 3.240000 0.983968 -0.939921
v 3.180079 0.983968 -0.880000
v 3.182615 0.968396 -0.937385
v 3.120000 -0.880000 -0.880000
v 3.240000 -0.880000 -1.000000
v 3.240000 -1.000000 -0.880000
v 3.136031 -0.880000 -0.939921
v 3.136031 -0.939921 -0.880000
v 3.151604 -0.937385 -0.937385
v 3.240000 -0.939921 -0.983968
v 3.180079 -0.880000 -0.983968
v 3.182615 -0.937385 -0.968396
v 3.180079 -0.983968 -0.880000
v 3.240000 -0.983968 -0.939921
v 3.182615 -0.968396 -0.937385
v 3.120000 0.880000 0.880000
v 3.240000 0.880000 1.000000
v 3.240000 1.000000 0.880000
v 3.136031 0.880000 0.939921
v 3.136031 0.939921 0.880000
v 3.151604 0.937385 0.937385
v 3.240000 0.939921 0.983968
v 3.180079 0.880000 0.983968
v 3.182615 0.937385 0.968396
v 3.180079 0.983968 0.880000
v 3.240000 0.983968 0.939921
v 3.182615 0.968396 0.937385
v 3.240000 -1.000000 0.880000
v 3.240000 -0.880000 1.000000
v 3.120000 -0.880000 0.880000
v 3.240000 -0.983968 0.939921
v 3.180079 -0.983968 0.880000
v 3.182615 -0.968396 0.937385
v 3.180079 -0.880000 0.983968
v 3.240000 -0.939921 0.983968
v 3.182615 -0.937385 0.968396
v 3.136031 -0.939921 0.880000
v 3.136031 -0.880000 0.939921
v 3.151604 -0.937385 0.937385
v 0.880000 0.880000 -3.000000
v 0.880000 1.000000 -2.880000
v 1.000000 0.880000 -2.880000
v 0.880000 0.939921 -2.983968
v 0.939921 0.880000 -2.983968
v 0.937385 0.937385 -2.968396
v 0.939921 0.983968 -2.880000
v 0.880000 0.983968 -2.939921
v 0.937385 0.968396 -2.937385
v 0.983968 0.880000 -2.939921
v 0.983968 0.939921 -2.880000
v 0.968396 0.937385 -2.937385
v 0.880000 -1.000000 -2.880000
v 0.880000 -0.880000 -3.000000
v 1.000000 -0.880000 -2.880000
v 0.880000 -0.983968 -2.939921
v 0.939921 -0.983968 -2.880000
v 0.937385 -0.968396 -2.937385
v 0.939921 -0.880000 -2.983968
v 0.880000 -0.939921 -2.983968
v 0.937385 -0.937385 -2.968396
v 0.983968 -0.939921 -2.880000
v 0.983968 -0.880000 -2.939921
v 0.968396 -0.937385 -2.937385
v 1.000000 0.880000 -1.120000
v 0.880000 1.000000 -1.120000
v 0.880000 0.880000 -1.000000
v 0.983968 0.939921 -1.120000
v 0.983968 0.880000 -1.060079
v 0.968396 0.937385 -1.062615
v 0.880000 0.983968 -1.060079
v 0.939921 0.983968 -1.120000
v 0.937385 0.968396 -1.062615
v 0.939921 0.880000 -1.016032
v 0.880000 0.939921 -1.016032
v 0.937385 0.937385 -1.031604
v 1.000000 -0.880000 -1.120000
v 0.880000 -0.880000 -1.000000
v 0.880000 -1.000000 -1.120000
v 0.983968 -0.880000 -1.060079
v 0.983968 -0.939921 -1.120000
v 0.968396 -0.937385 -1.062615
v 0.880000 -0.939921 -1.016032
v 0.939921 -0.880000 -1.016032
v 0.937385 -0.937385 -1.031604
v 0.939921 -0.983968 -1.120000
v 0.880000 -0.983968 -1.060079
v 0.937385 -0.968396 -1.062615
v -0.880000 0.880000 -3.000000
v -1.000000 0.880000 -2.880000
v -0.880000 1.000000 -2.880000
v -0.939921 0.880000 -2.983968
v -0.880000 0.939921 -2.983968
v -0.937385 0.937385 -2.968396
v -0.983968 0.939921 -2.880000
v -0.983968 0.880000 -2.939921
v -0.968396 0.937385 -2.937385
v -0.880000 0.983968 -2.939921
v -0.939921 0.983968 -2.880000
v -0.937385 0.968396 -2.937385
v -1.000000 -0.880000 -2.880000
v -0.880000 -0.880000 -3.000000
v -0.880000 -1.000000 -2.880000
v -0.983968 -0.880000 -2.939921
v -0.983968 -0.939921 -2.880000
v -0.968396 -0.937385 -2.937385
v -0.880000 -0.939921 -2.983968
v -0.939921 -0.880000 -2.983968
v -0.937385 -0.937385 -2.968396
v -0.939921 -0.983968 -2.880000
v -0.880000 -0.983968 -2.939921
v -0.937385 -0.968396 -2.937385
v -1.000000 0.880000 -1.120000
v -0.880000 0.880000 -1.000000
v -0.880000 1.000000 -1.120000
v -0.983968 0.880000 -1.060079
v -0.983968 0.939921 -1.120000
v -0.968396 0.937385 -1.062615
v -0.880000 0.939921 -1.016032
v -0.939921 0.880000 -1.016032
v -0.937385 0.937385 -1.031604
v -0.939921 0.983968 -1.120000
v -0.880000 0.983968 -1.060079
v -0.937385 0.968396 -1.062615
v -0.880000 -1.000000 -1.120000
v -0.880000 -0.880000 -1.000000
v -1.000000 -0.880000 -1.120000
v -0.880000 -0.983968 -1.060079
v -0.939921 -0.983968 -1.120000
v -0.937385 -0.968396 -1.062615
v -0.939921 -0.880000 -1.016032
v -0.880000 -0.939921 -1.016032
v -0.937385 -0.937385 -1.031604
v -0.983968 -0.939921 -1.120000
v -0.983968 -0.880000 -1.060079
v -0.968396 -0.937385 -1.062615
v 2.940000 0.880000 -3.000000
v 2.940000 1.000000 -2.880000
v 3.060000 0.880000 -2.880000
v 2.940000 0.939921 -2.983968
v 2.999921 0.880000 -2.983968
v 2.997385 0.937385 -2.968396
v 2.999921 0.983968 -2.880000
v 2.940000 0.983968 -2.939921
v 2.997385 0.968396 -2.937385
v 3.043968 0.880000 -2.939921
v 3.043968 0.939921 -2.880000
v 3.028396 0.937385 -2.937385
v 2.940000 -1.000000 -2.880000
v 2.940000 -0.880000 -3.000000
v 3.060000 -0.880000 -2.880000
v 2.940000 -0.983968 -2.939921
v 2.999921 -0.983968 -2.880000
v 2.997385 -0.968396 -2.937385
v 2.999921 -0.880000 -2.983968
v 2.940000 -0.939921 -2.983968
v 2.997385 -0.937385 -2.968396
v 3.043968 -0.939921 -2.880000
v 3.043968 -0.880000 -2.939921
v 3.028396 -0.937385 -2.937385
v 3.060000 0.880000 -1.120000
v 2.940000 1.000000 -1.120000
v 2.940000 0.880000 -1.000000
v 3.043968 0.939921 -1.120000
v 3.043968 0.880000 -1.060079
v 3.028396 0.937385 -1.062615
v 2.940000 0.983968 -1.060079
v 2.999921 0.983968 -1.120000
v 2.997385 0.968396 -1.062615
v 2.999921 0.880000 -1.016032
v 2.940000 0.939921 -1.016032
v 2.997385 0.937385 -1.031604
v 3.060000 -0.880000 -1.120000
v 2.940000 -0.880000 -1.000000
v 2.940000 -1.000000 -1.120000
v 3.043968 -0.880000 -1.060079
v 3.043968 -0.939921 -1.120000
v 3.028396 -0.937385 -1.062615
v 2.940000 -0.939921 -1.016032
v 2.999921 -0.880000 -1.016032
v 2.997385 -0.937385 -1.031604
v 2.999921 -0.983968 -1.120000
v 2.940000 -0.983968 -1.060079
v 2.997385 -0.968396 -1.062615
v 1.180000 0.880000 -3.000000
v 1.060000 0.880000 -2.880000
v 1.180000 1.000000 -2.880000
v 1.120079 0.880000 -2.983968
v 1.180000 0.939921 -2.983968
v 1.122615 0.937385 -2.968396
v 1.076031 0.939921 -2.880000
v 1.076031 0.880000 -2.939921
v 1.091604 0.937385 -2.937385
v 1.180000 0.983968 -2.939921
v 1.120079 0.983968 -2.880000
v 1.122615 0.968396 -2.937385
v 1.060000 -0.880000 -2.880000
v 1.180000 -0.880000 -3.000000
v 1.180000 -1.000000 -2.880000
v 1.076031 -0.880000 -2.939921
v 1.076031 -0.939921 -2.880000
v 1.091604 -0.937385 -2.937385
v 1.180000 -0.939921 -2.983968
v 1.120079 -0.880000 -2.983968
v 1.122615 -0.937385 -2.968396
v 1.120079 -0.983968 -2.880000
v 1.180000 -0.983968 -2.939921
v 1.122615 -0.968396 -2.937385
v 1.060000 0.880000 -1.120000
v 1.180000 0.880000 -1.000000
v 1.180000 1.000000 -1.120000
v 1.076031 0.880000 -1.060079
v 1.076031 0.939921 -1.120000
v 1.091604 0.937385 -1.062615
v 1.180000 0.939921 -1.016032
v 1.120079 0.880000 -1.016032
v 1.122615 0.937385 -1.031604
v 1.120079 0.983968 -1.120000
v 1.180000 0.983968 -1.060079
v 1.122615 0.968396 -1.062615
v 1.180000 -1.000000 -1.120000
v 1.180000 -0.880000 -1.000000
v 1.060000 -0.880000 -1.120000
v 1.180000 -0.983968 -1.060079
v 1.120079 -0.983968 -1.120000
v 1.122615 -0.968396 -1.062615
v 1.120079 -0.880000 -1.016032
v 1.180000 -0.939921 -1.016032
v 1.122615 -0.937385 -1.031604
v 1.076031 -0.939921 -1.120000
v 1.076031 -0.880000 -1.060079
v 1.091604 -0.937385 -1.062615
v 5.000000 0.880000 -3.000000
v 5.000000 1.000000 -2.880000
v 5.120000 0.880000 -2.880000
v 5.000000 0.939921 -2.983968
v 5.059921 0.880000 -2.983968
v 5.057385 0.937385 -2.968396
v 5.059921 0.983968 -2.880000
v 5.000000 0.983968 -2.939921
v 5.057385 0.968396 -2.937385
v 5.103968 0.880000 -2.939921
v 5.103968 0.939921 -2.880000
v 5.088396 0.937385 -2.937385
v 5.000000 -1.000000 -2.880000
v 5.000000 -0.880000 -3.000000
v 5.120000 -0.880000 -2.880000
v 5.000000 -0.983968 -2.939921
v 5.059921 -0.983968 -2.880000
v 5.057385 -0.968396 -2.937385
v 5.059921 -0.880000 -2.983968
v 5.000000 -0.939921 -2.983968
v 5.057385 -0.937385 -2.968396
v 5.103968 -0.939921 -2.880000
v 5.103968 -0.880000 -2.939921
v 5.088396 -0.937385 -2.937385
v 5.120000 0.880000 -1.120000
v 5.000000 1.000000 -1.120000
v 5.000000 0.880000 -1.000000
v 5.103968 0.939921 -1.120000
v 5.103968 0.880000 -1.060079
v 5.088396 0.937385 -1.062615
v 5.000000 0.983968 -1.060079
v 5.059921 0.983968 -1.120000
v 5.057385 0.968396 -1.062615
v 5.059921 0.880000 -1.016032
v 5.000000 0.939921 -1.016032
v 5.057385 0.937385 -1.031604
v 5.120000 -0.880000 -1.120000
v 5.000000 -0.880000 -1.000000
v 5.000000 -1.000000 -1.120000
v 5.103968 -0.880000 -1.060079
v 5.103968 -0.939921 -1.120000
v 5.088396 -0.937385 -1.062615
v 5.000000 -0.939921 -1.016032
v 5.059921 -0.880000 -1.016032
v 5.057385 -0.937385 -1.031604
v 5.059921 -0.983968 -1.120000
v 5.000000 -0.983968 -1.060079
v 5.057385 -0.968396 -1.062615
v 3.240000 0.880000 -3.000000
v 3.120000 0.880000 -2.880000
v 3.240000 1.000000 -2.880000
v 3.180079 0.880000 -2.983968
v 3.240000 0.939921 -2.983968
v 3.182615 0.937385 -2.968396
v 3.136031 0.939921 -2.880000
v 3.136031 0.880000 -2.939921
v 3.151604 0.937385 -2.937385
v 3.240000 0.983968 -2.939921
v 3.180079 0.983968 -2.880000
v 3.182615 0.968396 -2.937385
v 3.120000 -0.880000 -2.880000
v 3.240000 -0.880000 -3.000000
v 3.240000 -1.000000 -2.880000
v 3.136031 -0.880000 -2.939921
v 3.136031 -0.939921 -2.880000
v 3.151604 -0.937385 -2.937385
v 3.240000 -0.939921 -2.983968
v 3.180079 -0.880000 -2.983968
v 3.182615 -0.937385 -2.968396
v 3.180079 -0.983968 -2.880000
v 3.240000 -0.983968 -2.939921
v 3.182615 -0.968396 -2.937385
v 3.120000 0.880000 -1.120000
v 3.240000 0.880000 -1.000000
v 3.240000 1.000000 -1.120000
v 3.136031 0.880000 -1.060079
v 3.136031 0.939921 -1.120000
v 3.151604 0.937385 -1.062615
v 3.240000 0.939921 -1.016032
v 3.180079 0.880000 -1.016032
v 3.182615 0.937385 -1.031604
v 3.180079 0.983968 -1.120000
v 3.240000 0.983968 -1.060079
v 3.182615 0.968396 -1.062615
v 3.240000 -1.000000 -1.120000
v 3.240000 -0.880000 -1.000000
v 3.120000 -0.880000 -1.120000
v 3.240000 -0.983968 -1.060079
v 3.180079 -0.983968 -1.120000
v 3.182615 -0.968396 -1.062615
v 3.180079 -0.880000 -1.016032
v 3.240000 -0.939921 -1.016032
v 3.182615 -0.937385 -1.031604
v 3.136031 -0.939921 -1.120000
v 3.136031 -0.880000 -1.060079
v 3.151604 -0.937385 -1.062615
v 0.880000 0.880000 -5.000000
v 0.880000 1.000000 -4.880000
v 1.000000 0.880000 -4.880000
v 0.880000 0.939921 -4.983968
v 0.939921 0.880000 -4.983968
v 0.937385 0.937385 -4.968396
v 0.939921 0.983968 -4.880000
v 0.880000 0.983968 -4.939921
v 0.937385 0.968396 -4.937386
v 0.983968 0.880000 -4.939921
v 0.983968 0.939921 -4.880000
v 0.968396 0.937385 -4.937386
v 0.880000 -1.000000 -4.880000
v 0.880000 -0.880000 -5.000000
v 1.000000 -0.880000 -4.880000
v 0.880000 -0.983968 -4.939921
v 0.939921 -0.983968 -4.880000
v 0.937385 -0.968396 -4.937386
v 0.939921 -0.880000 -4.983968
v 0.880000 -0.939921 -4.983968
v 0.937385 -0.937385 -4.968396
v 0.983968 -0.939921 -4.880000
v 0.983968 -0.880000 -4.939921
v 0.968396 -0.937385 -4.937386
v 1.000000 0.880000 -3.120000
v 0.880000 1.000000 -3.120000
v 0.880000 0.880000 -3.000000
v 0.983968 0.939921 -3.120000
v 0.983968 0.880000 -3.060079
v 0.968396 0.937385 -3.062615
v 0.880000 0.983968 -3.060079
v 0.939921 0.983968 -3.120000
v 0.937385 0.968396 -3.062615
v 0.939921 0.880000 -3.016032
v 0.880000 0.939921 -3.016032
v 0.937385 0.937385 -3.031604
v 1.000000 -0.880000 -3.120000
v 0.880000 -0.880000 -3.000000
v 0.880000 -1.000000 -3.120000
v 0.983968 -0.880000 -3.060079
v 0.983968 -0.939921 -3.120000
v 0.968396 -0.937385 -3.062615
v 0.880000 -0.939921 -3.016032
v 0.939921 -0.880000 -3.016032
v 0.937385 -0.937385 -3.031604
v 0.939921 -0.983968 -3.120000
v 0.880000 -0.983968 -3.060079
v 0.937385 -0.968396 -3.062615
v -0.880000 0.880000 -5.000000
v -1.000000 0.880000 -4.880000
v -0.880000 1.000000 -4.880000
v -0.939921 0.880000 -4.983968
v -0.880000 0.939921 -4.983968
v -0.937385 0.937385 -4.968396
v -0.983968 0.939921 -4.880000
v -0.983968 0.880000 -4.939921
v -0.968396 0.937385 -4.937386
v -0.880000 0.983968 -4.939921
v -0.939921 0.983968 -4.880000
v -0.937385 0.968396 -4.937386
v -1.000000 -0.880000 -4.880000
v -0.880000 -0.880000 -5.000000
v -0.880000 -1.000000 -4.880000
v -0.983968 -0.880000 -4.939921
v -0.983968 -0.939921 -4.880000
v -0.968396 -0.937385 -4.937386
v -0.880000 -0.939921 -4.983968
v -0.939921 -0.880000 -4.983968
v -0.937385 -0.937385 -4.968396
v -0.939921 -0.983968 -4.880000
v -0.880000 -0.983968 -4.939921
v -0.937385 -0.968396 -4.937386
v -1.000000 0.880000 -3.120000
v -0.880000 0.880000 -3.000000
v -0.880000 1.000000 -3.120000
v -0.983968 0.880000 -3.060079
v -0.983968 0.939921 -3.120000
v -0.968396 0.937385 -3.062615
v -0.880000 0.939921 -3.016032
v -0.939921 0.880000 -3.016032
v -0.937385 0.937385 -3.031604
v -0.939921 0.983968 -3.120000
v -0.880000 0.983968 -3.060079
v -0.937385 0.968396 -3.062615
v -0.880000 -1.000000 -3.120000
v -0.880000 -0.880000 -3.000000
v -1.000000 -0.880000 -3.120000
v -0.880000 -0.983968 -3.060079
v -0.939921 -0.983968 -3.120000
v -0.937385 -0.968396 -3.062615
v -0.939921 -0.880000 -3.016032
v -0.880000 -0.939921 -3.016032
v -0.937385 -0.937385 -3.031604
v -0.983968 -0.939921 -3.120000
v -0.983968 -0.880000 -3.060079
v -0.968396 -0.937385 -3.062615
v 2.940000 0.880000 -5.000000
v 2.940000 1.000000 -4.880000
v 3.060000 0.880000 -4.880000
v 2.940000 0.939921 -4.983968
v 2.999921 0.880000 -4.983968
v 2.997385 0.937385 -4.968396
v 2.999921 0.983968 -4.880000
v 2.940000 0.983968 -4.939921
v 2.997385 0.968396 -4.937386
v 3.043968 0.880000 -4.939921
v 3.043968 0.939921 -4.880000
v 3.028396 0.937385 -4.937386
v 2.940000 -1.000000 -4.880000
v 2.940000 -0.880000 -5.000000
v 3.060000 -0.880000 -4.880000
v 2.940000 -0.983968 -4.939921
v 2.999921 -0.983968 -4.880000
v 2.997385 -0.968396 -4.937386
v 2.999921 -0.880000 -4.983968
v 2.940000 -0.939921 -4.983968
v 2.997385 -0.937385 -4.968396
v 3.043968 -0.939921 -4.880000
v 3.043968 -0.880000 -4.939921
v 3.028396 -0.937385 -4.937386
v 3.060000 0.880000 -3.120000
v 2.940000 1.000000 -3.120000
v 2.940000 0.880000 -3.000000
v 3.043968 0.939921 -3.120000
v 3.043968 0.880000 -3.060079
v 3.028396 0.937385 -3.062615
v 2.940000 0.983968 -3.060079
v 2.999921 0.983968 -3.120000
v 2.997385 0.968396 -3.062615
v 2.999921 0.880000 -3.016032
v 2.940000 0.939921 -3.016032
v 2.997385 0.937385 -3.031604
v 3.060000 -0.880000 -3.120000
v 2.940000 -0.880000 -3.000000
v 2.940000 -1.000000 -3.120000
v 3.043968 -0.880000 -3.060079
v 3.043968 -0.939921 -3.120000
v 3.028396 -0.937385 -3.062615
v 2.940000 -0.939921 -3.016032
v 2.999921 -0.880000 -3.016032
v 2.997385 -0.937385 -3.031604
v 2.999921 -0.983968 -3.120000
v 2.940000 -0.983968 -3.060079
v 2.997385 -0.968396 -3.062615
v 1.180000 0.880000 -5.000000
v 1.060000 0.880000 -4.880000
v 1.180000 1.000000 -4.880000
v 1.120079 0.880000 -4.983968
v 1.180000 0.939921 -4.983968
v 1.122615 0.937385 -4.968396
v 1.076031 0.939921 -4.880000
v 1.076031 0.880000 -4.939921
v 1.091604 0.937385 -4.937386
v 1.180000 0.983968 -4.939921
v 1.120079 0.983968 -4.880000
v 1.122615 0.968396 -4.937386
v 1.060000 -0.880000 -4.880000
v 1.180000 -0.880000 -5.000000
v 1.180000 -1.000000 -4.880000
v 1.076031 -0.880000 -4.939921
v 1.076031 -0.939921 -4.880000
v 1.091604 -0.937385 -4.937386
v 1.180000 -0.939921 -4.983968
v 1.120079 -0.880000 -4.983968
v 1.122615 -0.937385 -4.968396
v 1.120079 -0.983968 -4.880000
v 1.180000 -0.983968 -4.939921
v 1.122615 -0.968396 -4.937386
v 1.060000 0.880000 -3.120000
v 1.180000 0.880000 -3.000000
v 1.180000 1.000000 -3.120000
v 1.076031 0.880000 -3.060079
v 1.076031 0.939921 -3.120000
v 1.091604 0.937385 -3.062615
v 1.180000 0.939921 -3.016032
v 1.120079 0.880000 -3.016032
v 1.122615 0.937385 -3.031604
v 1.120079 0.983968 -3.120000
v 1.180000 0.983968 -3.060079
v 1.122615 0.968396 -3.062615
v 1.180000 -1.000000 -3.120000
v 1.180000 -0.880000 -3.000000
v 1.060000 -0.880000 -3.120000
v 1.180000 -0.983968 -3.060079
v 1.120079 -0.983968 -3.120000
v 1.122615 -0.968396 -3.062615
v 1.120079 -0.880000 -3.016032
v 1.180000 -0.939921 -3.016032
v 1.122615 -0.937385 -3.031604
v 1.076031 -0.939921 -3.120000
v 1.076031 -0.880000 -3.060079
v 1.091604 -0.937385 -3.062615
v 5.000000 0.880000 -5.000000
v 5.000000 1.000000 -4.880000
v 5.120000 0.880000 -4.880000
v 5.000000 0.939921 -4.983968
v 5.059921 0.880000 -4.983968
v 5.057385 0.937385 -4.968396
v 5.059921 0.983968 -4.880000
v 5.000000 0.983968 -4.939921
v 5.057385 0.968396 -4.937386
v 5.103968 0.880000 -4.939921
v 5.103968 0.939921 -4.880000
v 5.088396 0.937385 -4.937386
v 5.000000 -1.000000 -4.880000
v 5.000000 -0.880000 -5.000000
v 5.120000 -0.880000 -4.880000
v 5.000000 -0.983968 -4.939921
v 5.059921 -0.983968 -4.880000
v 5.057385 -0.968396 -4.937386
v 5.059921 -0.880000 -4.983968
v 5.000000 -0.939921 -4.983968
v 5.057385 -0.937385 -4.968396
v 5.103968 -0.939921 -4.880000
v 5.103968 -0.880000 -4.939921
v 5.088396 -0.937385 -4.937386
v 5.120000 0.880000 -3.120000
v 5.000000 1.000000 -3.120000
v 5.000000 0.880000 -3.000000
v 5.103968 0.939921 -3.120000
v 5.103968 0.880000 -3.060079
v 5.088396 0.937385 -3.062615
v 5.000000 0.983968 -3.060079
v 5.059921 0.983968 -3.120000
v 5.057385 0.968396 -3.062615
v 5.059921 0.880000 -3.016032
v 5.000000 0.939921 -3.016032
v 5.057385 0.937385 -3.031604
v 5.120000 -0.880000 -3.120000
v 5.000000 -0.880000 -3.000000
v 5.000000 -1.000000 -3.120000
v 5.103968 -0.880000 -3.060079
v 5.103968 -0.939921 -3.120000
v 5.088396 -0.937385 -3.062615
v 5.000000 -0.939921 -3.016032
v 5.059921 -0.880000 -3.016032
v 5.057385 -0.937385 -3.031604
v 5.059921 -0.983968 -3.120000
v 5.000000 -0.983968 -3.060079
v 5.057385 -0.968396 -3.062615
v 3.240000 0.880000 -5.000000
v 3.120000 0.880000 -4.880000
v 3.240000 1.000000 -4.880000
v 3.180079 0.880000 -4.983968
v 3.240000 0.939921 -4.983968
v 3.182615 0.937385 -4.968396
v 3.136031 0.939921 -4.880000
v 3.136031 0.880000 -4.939921
v 3.151604 0.937385 -4.937386
v 3.240000 0.983968 -4.939921
v 3.180079 0.983968 -4.880000
v 3.182615 0.968396 -4.937386
v 3.120000 -0.880000 -4.880000
v 3.240000 -0.880000 -5.000000
v 3.240000 -1.000000 -4.880000
v 3.136031 -0.880000 -4.939921
v 3.136031 -0.939921 -4.880000
v 3.151604 -0.937385 -4.937386
v 3.240000 -0.939921 -4.983968
v 3.180079 -0.880000 -4.983968
v 3.182615 -0.937385 -4.968396
v 3.180079 -0.983968 -4.880000
v 3.240000 -0.983968 -4.939921
v 3.182615 -0.968396 -4.937386
v 3.120000 0.880000 -3.120000
v 3.240000 0.880000 -3.000000
v 3.240000 1.000000 -3.120000
v 3.136031 0.880000 -3.060079
v 3.136031 0.939921 -3.120000
v 3.151604 0.937385 -3.062615
v 3.240000 0.939921 -3.016032
v 3.180079 0.880000 -3.016032
v 3.182615 0.937385 -3.031604
v 3.180079 0.983968 -3.120000
v 3.240000 0.983968 -3.060079
v 3.182615 0.968396 -3.062615
v 3.240000 -1.000000 -3.120000
v 3.240000 -0.880000 -3.000000
v 3.120000 -0.880000 -3.120000
v 3.240000 -0.983968 -3.060079
v 3.180079 -0.983968 -3.120000
v 3.182615 -0.968396 -3.062615
v 3.180079 -0.880000 -3.016032
v 3.240000 -0.939921 -3.016032
v 3.182615 -0.937385 -3.031604
v 3.136031 -0.939921 -3.120000
v 3.136031 -0.880000 -3.060079
v 3.151604 -0.937385 -3.062615
v 0.880000 2.880000 -1.000000
v 0.880000 3.000000 -0.880000
v 1.000000 2.880000 -0.880000
v 0.880000 2.939921 -0.983968
v 0.939921 2.880000 -0.983968
v 0.937385 2.937385 -0.968396
v 0.939921 2.983968 -0.880000
v 0.880000 2.983968 -0.939921
v 0.937385 2.968396 -0.937385
v 0.983968 2.880000 -0.939921
v 0.983968 2.939921 -0.880000
v 0.968396 2.937385 -0.937385
v 0.880000 1.000000 -0.880000
v 0.880000 1.120000 -1.000000
v 1.000000 1.120000 -0.880000
v 0.880000 1.016032 -0.939921
v 0.939921 1.016032 -0.880000
v 0.937385 1.031604 -0.937385
v 0.939921 1.120000 -0.983968
v 0.880000 1.060079 -0.983968
v 0.937385 1.062615 -0.968396
v 0.983968 1.060079 -0.880000
v 0.983968 1.120000 -0.939921
v 0.968396 1.062615 -0.937385
v 1.000000 2.880000 0.880000
v 0.880000 3.000000 0.880000
v 0.880000 2.880000 1.000000
v 0.983968 2.939921 0.880000
v 0.983968 2.880000 0.939921
v 0.968396 2.937385 0.937385
v 0.880000 2.983968 0.939921
v 0.939921 2.983968 0.880000
v 0.937385 2.968396 0.937385
v 0.939921 2.880000 0.983968
v 0.880000 2.939921 0.983968
v 0.937385 2.937385 0.968396
v 1.000000 1.120000 0.880000
v 0.880000 1.120000 1.000000
v 0.880000 1.000000 0.880000
v 0.983968 1.120000 0.939921
v 0.983968 1.060079 0.880000
v 0.968396 1.062615 0.937385
v 0.880000 1.060079 0.983968
v 0.939921 1.120000 0.983968
v 0.937385 1.062615 0.968396
v 0.939921 1.016032 0.880000
v 0.880000 1.016032 0.939921
v 0.937385 1.031604 0.937385
v -0.880000 2.880000 -1.000000
v -1.000000 2.880000 -0.880000
v -0.880000 3.000000 -0.880000
v -0.939921 2.880000 -0.983968
v -0.880000 2.939921 -0.983968
v -0.937385 2.937385 -0.968396
v -0.983968 2.939921 -0.880000
v -0.983968 2.880000 -0.939921
v -0.968396 2.937385 -0.937385
v -0.880000 2.983968 -0.939921
v -0.939921 2.983968 -0.880000
v -0.937385 2.968396 -0.937385
v -1.000000 1.120000 -0.880000
v -0.880000 1.120000 -1.000000
v -0.880000 1.000000 -0.880000
v -0.983968 1.120000 -0.939921
v -0.983968 1.060079 -0.880000
v -0.968396 1.062615 -0.937385
v -0.880000 1.060079 -0.983968
v -0.939921 1.120000 -0.983968
v -0.937385 1.062615 -0.968396
v -0.939921 1.016032 -0.880000
v -0.880000 1.016032 -0.939921
v -0.937385 1.031604 -0.937385
v -1.000000 2.880000 0.880000
v -0.880000 2.880000 1.000000
v -0.880000 3.000000 0.880000
v -0.983968 2.880000 0.939921
v -0.983968 2.939921 0.880000
v -0.968396 2.937385 0.937385
v -0.880000 2.939921 0.983968
v -0.939921 2.880000 0.983968
v -0.937385 2.937385 0.968396
v -0.939921 2.983968 0.880000
v -0.880000 2.983968 0.939921
v -0.937385 2.968396 0.937385
v -0.880000 1.000000 0.880000
v -0.880000 1.120000 1.000000
v -1.000000 1.120000 0.880000
v -0.880000 1.016032 0.939921
v -0.939921 1.016032 0.880000
v -0.937385 1.031604 0.937385
v -0.939921 1.120000 0.983968
v -0.880000 1.060079 0.983968
v -0.937385 1.062615 0.968396
v -0.983968 1.060079 0.880000
v -0.983968 1.120000 0.939921
v -0.968396 1.062615 0.937385
v 2.940000 2.880000 -1.000000
v 2.940000 3.000000 -0.880000
v 3.060000 2.880000 -0.880000
v 2.940000 2.939921 -0.983968
v 2.999921 2.880000 -0.983968
v 2.997385 2.937385 -0.968396
v 2.999921 2.983968 -0.880000
v 2.940000 2.983968 -0.939921
v 2.997385 2.968396 -0.937385
v 3.043968 2.880000 -0.939921
v 3.043968 2.939921 -0.880000
v 3.028396 2.937385 -0.937385
v 2.940000 1.000000 -0.880000
v 2.940000 1.120000 -1.000000
v 3.060000 1.120000 -0.880000
v 2.940000 1.016032 -0.939921
v 2.999921 1.016032 -0.880000
v 2.997385 1.031604 -0.937385
v 2.999921 1.120000 -0.983968
v 2.940000 1.060079 -0.983968
v 2.997385 1.062615 -0.968396
v 3.043968 1.060079 -0.880000
v 3.043968 1.120000 -0.939921
v 3.028396 1.062615 -0.937385
v 3.060000 2.880000 0.880000
v 2.940000 3.000000 0.880000
v 2.940000 2.880000 1.000000
v 3.043968 2.939921 0.880000
v 3.043968 2.880000 0.939921
v 3.028396 2.937385 0.937385
v 2.940000 2.983968 0.939921
v 2.999921 2.983968 0.880000
v 2.997385 2.968396 0.937385
v 2.999921 2.880000 0.983968
v 2.940000 2.939921 0.983968
v 2.997385 2.937385 0.968396
v 3.060000 1.120000 0.880000
v 2.940000 1.120000 1.000000
v 2.940000 1.000000 0.880000
v 3.043968 1.120000 0.939921
v 3.043968 1.060079 0.880000
v 3.028396 1.062615 0.937385
v 2.940000 1.060079 0.983968
v 2.999921 1.120000 0.983968
v 2.997385 1.062615 0.968396
v 2.999921 1.016032 0.880000
v 2.940000 1.016032 0.939921
v 2.997385 1.031604 0.937385
v 1.180000 2.880000 -1.000000
v 1.060000 2.880000 -0.880000
v 1.180000 3.000000 -0.880000
v 1.120079 2.880000 -0.983968
v 1.180000 2.939921 -0.983968
v 1.122615 2.937385 -0.968396
v 1.076031 2.939921 -0.880000
v 1.076031 2.880000 -0.939921
v 1.091604 2.937385 -0.937385
v 1.180000 2.983968 -0.939921
v 1.120079 2.983968 -0.880000
v 1.122615 2.968396 -0.937385
v 1.060000 1.120000 -0.880000
v 1.180000 1.120000 -1.000000
v 1.180000 1.000000 -0.880000
v 1.076031 1.120000 -0.939921
v 1.076031 1.060079 -0.880000
v 1.091604 1.062615 -0.937385
v 1.180000 1.060079 -0.983968
v 1.120079 1.120000 -0.983968
v 1.122615 1.062615 -0.968396
v 1.120079 1.016032 -0.880000
v 1.180000 1.016032 -0.939921
v 1.122615 1.031604 -0.937385
v 1.060000 2.880000 0.880000
v 1.180000 2.880000 1.000000
v 1.180000 3.000000 0.880000
v 1.076031 2.880000 0.939921
v 1.076031 2.939921 0.880000
v 1.091604 2.937385 0.937385
v 1.180000 2.939921 0.983968
v 1.120079 2.880000 0.983968
v 1.122615 2.937385 0.968396
v 1.120079 2.983968 0.880000
v 1.180000 2.983968 0.939921
v 1.122615 2.968396 0.937385
v 1.180000 1.000000 0.880000
v 1.180000 1.120000 1.000000
v 1.060000 1.120000 0.880000
v 1.180000 1.016032 0.939921
v 1.120079 1.016032 0.880000
v 1.122615 1.031604 0.937385
v 1.120079 1.120000 0.983968
v 1.180000 1.060079 0.983968
v 1.122615 1.062615 0.968396
v 1.076031 1.060079 0.880000
v 1.076031 1.120000 0.939921
v 1.091604 1.062615 0.937385
v 5.000000 2.880000 -1.000000
v 5.000000 3.000000 -0.880000
v 5.120000 2.880000 -0.880000
v 5.000000 2.939921 -0.983968
v 5.059921 2.880000 -0.983968
v 5.057385 2.937385 -0.968396
v 5.059921 2.983968 -0.880000
v 5.000000 2.983968 -0.939921
v 5.057385 2.968396 -0.937385
v 5.103968 2.880000 -0.939921
v 5.103968 2.939921 -0.880000
v 5.088396 2.937385 -0.937385
v 5.000000 1.000000 -0.880000
v 5.000000 1.120000 -1.000000
v 5.120000 1.120000 -0.880000
v 5.000000 1.016032 -0.939921
v 5.059921 1.016032 -0.880000
v 5.057385 1.031604 -0.937385
v 5.059921 1.120000 -0.983968
v 5.000000 1.060079 -0.983968
v 5.057385 1.062615 -0.968396
v 5.103968 1.060079 -0.880000
v 5.103968 1.120000 -0.939921
v 5.088396 1.062615 -0.937385
v 5.120000 2.880000 0.880000
v 5.000000 3.000000 0.880000
v 5.000000 2.880000 1.000000
v 5.103968 2.939921 0.880000
v 5.103968 2.880000 0.939921
v 5.088396 2.937385 0.937385
v 5.000000 2.983968 0.939921
v 5.059921 2.983968 0.880000
v 5.057385 2.968396 0.937385
v 5.059921 2.880000 0.983968
v 5.000000 2.939921 0.983968
v 5.057385 2.937385 0.968396
v 5.120000 1.120000 0.880000
v 5.000000 1.120000 1.000000
v 5.000000 1.000000 0.880000
v 5.103968 1.120000 0.939921
v 5.103968 1.060079 0.880000
v 5.088396 1.062615 0.937385
v 5.000000 1.060079 0.983968
v 5.059921 1.120000 0.983968
v 5.057385 1.062615 0.968396
v 5.059921 1.016032 0.880000
v 5.000000 1.016032 0.939921
v 5.057385 1.031604 0.937385
v 3.240000 2.880000 -1.000000
v 3.120000 2.880000 -0.880000
v 3.240000 3.000000 -0.880000
v 3.180079 2.880000 -0.983968
v 3.240000 2.939921 -0.983968
v 3.182615 2.937385 -0.968396
v 3.136031 2.939921 -0.880000
v 3.136031 2.880000 -0.939921
v 3.151604 2.937385 -0.937385
v 3.240000 2.983968 -0.939921
v 3.180079 2.983968 -0.880000
v 3.182615 2.968396 -0.937385
v 3.120000 1.120000 -0.880000
v 3.240000 1.120000 -1.000000
v 3.240000 1.000000 -0.880000
v 3.136031 1.120000 -0.939921
v 3.136031 1.060079 -0.880000
v 3.151604 1.062615 -0.937385
v 3.240000 1.060079 -0.983968
v 3.180079 1.120000 -0.983968
v 3.182615 1.062615 -0.968396
v 3.180079 1.016032 -0.880000
v 3.240000 1.016032 -0.939921
v 3.182615 1.031604 -0.937385
v 3.120000 2.880000 0.880000
v 3.240000 2.880000 1.000000
v 3.240000 3.000000 0.880000
v 3.136031 2.880000 0.939921
v 3.136031 2.939921 0.880000
v 3.151604 2.937385 0.937385
v 3.240000 2.939921 0.983968
v 3.180079 2.880000 0.983968
v 3.182615 2.937385 0.968396
v 3.180079 2.983968 0.880000
v 3.240000 2.983968 0.939921
v 3.182615 2.968396 0.937385
v 3.240000 1.000000 0.880000
v 3.240000 1.120000 1.000000
v 3.120000 1.120000 0.880000
v 3.240000 1.016032 0.939921
v 3.180079 1.016032 0.880000
v 3.182615 1.031604 0.937385
v 3.180079 1.120000 0.983968
v 3.240000 1.060079 0.983968
v 3.182615 1.062615 0.968396
v 3.136031 1.060079 0.880000
v 3.136031 1.120000 0.939921
v 3.151604 1.062615 0.937385
v 0.880000 2.880000 -3.000000
v 0.880000 3.000000 -2.880000
v 1.000000 2.880000 -2.880000
v 0.880000 2.939921 -2.983968
v 0.939921 2.880000 -2.983968
v 0.937385 2.937385 -2.968396
v 0.939921 2.983968 -2.880000
v 0.880000 2.983968 -2.939921
v 0.937385 2.968396 -2.937385
v 0.983968 2.880000 -2.939921
v 0.983968 2.939921 -2.880000
v 0.968396 2.937385 -2.937385
v 0.880000 1.000000 -2.880000
v 0.880000 1.120000 -3.000000
v 1.000000 1.120000 -2.880000
v 0.880000 1.016032 -2.939921
v 0.939921 1.016032 -2.880000
v 0.937385 1.031604 -2.937385
v 0.939921 1.120000 -2.983968
v 0.880000 1.060079 -2.983968
v 0.937385 1.062615 -2.968396
v 0.983968 1.060079 -2.880000
v 0.983968 1.120000 -2.939921
v 0.968396 1.062615 -2.937385
v 1.000000 2.880000 -1.120000
v 0.880000 3.000000 -1.120000
v 0.880000 2.880000 -1.000000
v 0.983968 2.939921 -1.120000
v 0.983968 2.880000 -1.060079
v 0.968396 2.937385 -1.062615
v 0.880000 2.983968 -1.060079
v 0.939921 2.983968 -1.120000
v 0.937385 2.968396 -1.062615
v 0.939921 2.880000 -1.016032
v 0.880000 2.939921 -1.016032
v 0.937385 2.937385 -1.031604
v 1.000000 1.120000 -1.120000
v 0.880000 1.120000 -1.000000
v 0.880000 1.000000 -1.120000
v 0.983968 1.120000 -1.060079
v 0.983968 1.060079 -1.120000
v 0.968396 1.062615 -1.062615
v 0.880000 1.060079 -1.016032
v 0.939921 1.120000 -1.016032
v 0.937385 1.062615 -1.031604
v 0.939921 1.016032 -1.120000
v 0.880000 1.016032 -1.060079
v 0.937385 1.031604 -1.062615
v -0.880000 2.880000 -3.000000
v -1.000000 2.880000 -2.880000
v -0.880000 3.000000 -2.880000
v -0.939921 2.880000 -2.983968
v -0.880000 2.939921 -2.983968
v -0.937385 2.937385 -2.968396
v -0.983968 2.939921 -2.880000
v -0.983968 2.880000 -2.939921
v -0.968396 2.937385 -2.937385
v -0.880000 2.983968 -2.939921
v -0.939921 2.983968 -2.880000
v -0.937385 2.968396 -2.937385
v -1.000000 1.120000 -2.880000
v -0.880000 1.120000 -3.000000
v -0.880000 1.000000 -2.880000
v -0.983968 1.120000 -2.939921
v -0.983968 1.060079 -2.880000
v -0.968396 1.062615 -2.937385
v -0.880000 1.060079 -2.983968
v -0.939921 1.120000 -2.983968
v -0.937385 1.062615 -2.968396
v -0.939921 1.016032 -2.880000
v -0.880000 1.016032 -2.939921
v -0.937385 1.031604 -2.937385
v -1.000000 2.880000 -1.120000
v -0.880000 2.880000 -1.000000
v -0.880000 3.000000 -1.120000
v -0.983968 2.880000 -1.060079
v -0.983968 2.939921 -1.120000
v -0.968396 2.937385 -1.062615
v -0.880000 2.939921 -1.016032
v -0.939921 2.880000 -1.016032
v -0.937385 2.937385 -1.031604
v -0.939921 2.983968 -1.120000
v -0.880000 2.983968 -1.060079
v -0.937385 2.968396 -1.062615
v -0.880000 1.000000 -1.120000
v -0.880000 1.120000 -1.000000
v -1.000000 1.120000 -1.120000
v -0.880000 1.016032 -1.060079
v -0.939921 1.016032 -1.120000
v -0.937385 1.031604 -1.062615
v -0.939921 1.120000 -1.016032
v -0.880000 1.060079 -1.016032
v -0.937385 1.062615 -1.031604
v -0.983968 1.060079 -1.120000
v -0.983968 1.120000 -1.060079
v -0.968396 1.062615 -1.062615
v 2.940000 2.880000 -3.000000
v 2.940000 3.000000 -2.880000
v 3.060000 2.880000 -2.880000
v 2.940000 2.939921 -2.983968
v 2.999921 2.880000 -2.983968
v 2.997385 2.937385 -2.968396
v 2.999921 2.983968 -2.880000
v 2.940000 2.983968 -2.939921
v 2.997385 2.968396 -2.937385
v 3.043968 2.880000 -2.939921
v 3.043968 2.939921 -2.880000
v 3.028396 2.937385 -2.937385
v 2.940000 1.000000 -2.880000
v 2.940000 1.120000 -3.000000
v 3.060000 1.120000 -2.880000
v 2.940000 1.016032 -2.939921
v 2.999921 1.016032 -2.880000
v 2.997385 1.031604 -2.937385
v 2.999921 1.120000 -2.983968
v 2.940000 1.060079 -2.983968
v 2.997385 1.062615 -2.968396
v 3.043968 1.060079 -2.880000
v 3.043968 1.120000 -2.939921
v 3.028396 1.062615 -2.937385
v 3.060000 2.880000 -1.120000
v 2.940000 3.000000 -1.120000
v 2.940000 2.880000 -1.000000
v 3.043968 2.939921 -1.120000
v 3.043968 2.880000 -1.060079
v 3.028396 2.937385 -1.062615
v 2.940000 2.983968 -1.060079
v 2.999921 2.983968 -1.120000
v 2.997385 2.968396 -1.062615
v 2.999921 2.880000 -1.016032
v 2.940000 2.939921 -1.016032
v 2.997385 2.937385 -1.031604
v 3.060000 1.120000 -1.120000
v 2.940000 1.120000 -1.000000
v 2.940000 1.000000 -1.120000
v 3.043968 1.120000 -1.060079
v 3.043968 1.060079 -1.120000
v 3.028396 1.062615 -1.062615
v 2.940000 1.060079 -1.016032
v 2.999921 1.120000 -1.016032
v 2.997385 1.062615 -1.031604
v 2.999921 1.016032 -1.120000
v 2.940000 1.016032 -1.060079
v 2.997385 1.031604 -1.062615
v 1.180000 2.880000 -3.000000
v 1.060000 2.880000 -2.880000
v 1.180000 3.000000 -2.880000
v 1.120079 2.880000 -2.983968
v 1.180000 2.939921 -2.983968
v 1.122615 2.937385 -2.968396
v 1.076031 2.939921 -2.880000
v 1.076031 2.880000 -2.939921
v 1.091604 2.937385 -2.937385
v 1.180000 2.983968 -2.939921
v 1.120079 2.983968 -2.880000
v 1.122615 2.968396 -2.937385
v 1.060000 1.120000 -2.880000
v 1.180000 1.120000 -3.000000
v 1.180000 1.000000 -2.880000
v 1.076031 1.120000 -2.939921
v 1.076031 1.060079 -2.880000
v 1.091604 1.062615 -2.937385
v 1.180000 1.060079 -2.983968
v 1.120079 1.120000 -2.983968
v 1.122615 1.062615 -2.968396
v 1.120079 1.016032 -2.880000
v 1.180000 1.016032 -2.939921
v 1.122615 1.031604 -2.937385
v 1.060000 2.880000 -1.120000
v 1.180000 2.880000 -1.000000
v 1.180000 3.000000 -1.120000
v 1.076031 2.880000 -1.060079
v 1.076031 2.939921 -1.120000
v 1.091604 2.937385 -1.062615
v 1.180000 2.939921 -1.016032
v 1.120079 2.880000 -1.016032
v 1.122615 2.937385 -1.031604
v 1.120079 2.983968 -1.120000
v 1.180000 2.983968 -1.060079
v 1.122615 2.968396 -1.062615
v 1.180000 1.000000 -1.120000
v 1.180000 1.120000 -1.000000
v 1.060000 1.120000 -1.120000
v 1.180000 1.016032 -1.060079
v 1.120079 1.016032 -1.120000
v 1.122615 1.031604 -1.062615
v 1.120079 1.120000 -1.016032
v 1.180000 1.060079 -1.016032
v 1.122615 1.062615 -1.031604
v 1.076031 1.060079 -1.120000
v 1.076031 1.120000 -1.060079
v 1.091604 1.062615 -1.062615
v 5.000000 2.880000 -3.000000
v 5.000000 3.000000 -2.880000
v 5.120000 2.880000 -2.880000
v 5.000000 2.939921 -2.983968
v 5.059921 2.880000 -2.983968
v 5.057385 2.937385 -2.968396
v 5.059921 2.983968 -2.880000
v 5.000000 2.983968 -2.939921
v 5.057385 2.968396 -2.937385
v 5.103968 2.880000 -2.939921
v 5.103968 2.939921 -2.880000
v 5.088396 2.937385 -2.937385
v 5.000000 1.000000 -2.880000
v 5.000000 1.120000 -3.000000
v 5.120000 1.120000 -2.880000
v 5.000000 1.016032 -2.939921
v 5.059921 1.016032 -2.880000
v 5.057385 1.031604 -2.937385
v 5.059921 1.120000 -2.983968
v 5.000000 1.060079 -2.983968
v 5.057385 1.062615 -2.968396
v 5.103968 1.060079 -2.880000
v 5.103968 1.120000 -2.939921
v 5.088396 1.062615 -2.937385
v 5.120000 2.880000 -1.120000
v 5.000000 3.000000 -1.120000
v 5.000000 2.880000 -1.000000
v 5.103968 2.939921 -1.120000
v 5.103968 2.880000 -1.060079
v 5.088396 2.937385 -1.062615
v 5.000000 2.983968 -1.060079
v 5.059921 2.983968 -1.120000
v 5.057385 2.968396 -1.062615
v 5.059921 2.880000 -1.016032
v 5.000000 2.939921 -1.016032
v 5.057385 2.937385 -1.031604
v 5.120000 1.120000 -1.120000
v 5.000000 1.120000 -1.000000
v 5.000000 1.000000 -1.120000
v 5.103968 1.120000 -1.060079
v 5.103968 1.060079 -1.120000
v 5.088396 1.062615 -1.062615
v 5.000000 1.060079 -1.016032
v 5.059921 1.120000 -1.016032
v 5.057385 1.062615 -1.031604
v 5.059921 1.016032 -1.120000
v 5.000000 1.016032 -1.060079
v 5.057385 1.031604 -1.062615
v 3.240000 2.880000 -3.000000
v 3.120000 2.880000 -2.880000
v 3.240000 3.000000 -2.880000
v 3.180079 2.880000 -2.983968
v 3.240000 2.939921 -2.983968
v 3.182615 2.937385 -2.968396
v 3.136031 2.939921 -2.880000
v 3.136031 2.880000 -2.939921
v 3.151604 2.937385 -2.937385
v 3.240000 2.983968 -2.939921
v 3.180079 2.983968 -2.880000
v 3.182615 2.968396 -2.937385
v 3.120000 1.120000 -2.880000
v 3.240000 1.120000 -3.000000
v 3.240000 1.000000 -2.880000
v 3.136031 1.120000 -2.939921
v 3.136031 1.060079 -2.880000
v 3.151604 1.062615 -2.937385
v 3.240000 1.060079 -2.983968
v 3.180079 1.120000 -2.983968
v 3.182615 1.062615 -2.968396
v 3.180079 1.016032 -2.880000
v 3.240000 1.016032 -2.939921
v 3.182615 1.031604 -2.937385
v 3.120000 2.880000 -1.120000
v 3.240000 2.880000 -1.000000
v 3.240000 3.000000 -1.120000
v 3.136031 2.880000 -1.060079
v 3.136031 2.939921 -1.120000
v 3.151604 2.937385 -1.062615
v 3.240000 2.939921 -1.016032
v 3.180079 2.880000 -1.016032
v 3.182615 2.937385 -1.031604
v 3.180079 2.983968 -1.120000
v 3.240000 2.983968 -1.060079
v 3.182615 2.968396 -1.062615
v 3.240000 1.000000 -1.120000
v 3.240000 1.120000 -1.000000
v 3.120000 1.120000 -1.120000
v 3.240000 1.016032 -1.060079
v 3.180079 1.016032 -1.120000
v 3.182615 1.031604 -1.062615
v 3.180079 1.120000 -1.016032
v 3.240000 1.060079 -1.016032
v 3.182615 1.062615 -1.031604
v 3.136031 1.060079 -1.120000
v 3.136031 1.120000 -1.060079
v 3.151604 1.062615 -1.062615
v 0.880000 2.880000 -5.000000
v 0.880000 3.000000 -4.880000
v 1.000000 2.880000 -4.880000
v 0.880000 2.939921 -4.983968
v 0.939921 2.880000 -4.983968
v 0.937385 2.937385 -4.968396
v 0.939921 2.983968 -4.880000
v 0.880000 2.983968 -4.939921
v 0.937385 2.968396 -4.937386
v 0.983968 2.880000 -4.939921
v 0.983968 2.939921 -4.880000
v 0.968396 2.937385 -4.937386
v 0.880000 1.000000 -4.880000
v 0.880000 1.120000 -5.000000
v 1.000000 1.120000 -4.880000
v 0.880000 1.016032 -4.939921
v 0.939921 1.016032 -4.880000
v 0.937385 1.031604 -4.937386
v 0.939921 1.120000 -4.983968
v 0.880000 1.060079 -4.983968
v 0.937385 1.062615 -4.968396
v 0.983968 1.060079 -4.880000
v 0.983968 1.120000 -4.939921
v 0.968396 1.062615 -4.937386
v 1.000000 2.880000 -3.120000
v 0.880000 3.000000 -3.120000
v 0.880000 2.880000 -3.000000
v 0.983968 2.939921 -3.120000
v 0.983968 2.880000 -3.060079
v 0.968396 2.937385 -3.062615
v 0.880000 2.983968 -3.060079
v 0.939921 2.983968 -3.120000
v 0.937385 2.968396 -3.062615
v 0.939921 2.880000 -3.016032
v 0.880000 2.939921 -3.016032
v 0.937385 2.937385 -3.031604
v 1.000000 1.120000 -3.120000
v 0.880000 1.120000 -3.000000
v 0.880000 1.000000 -3.120000
v 0.983968 1.120000 -3.060079
v 0.983968 1.060079 -3.120000
v 0.968396 1.062615 -3.062615
v 0.880000 1.060079 -3.016032
v 0.939921 1.120000 -3.016032
v 0.937385 1.062615 -3.031604
v 0.939921 1.016032 -3.120000
v 0.880000 1.016032 -3.060079
v 0.937385 1.031604 -3.062615
v -0.880000 2.880000 -5.000000
v -1.000000 2.880000 -4.880000
v -0.880000 3.000000 -4.880000
v -0.939921 2.880000 -4.983968
v -0.880000 2.939921 -4.983968
v -0.937385 2.937385 -4.968396
v -0.983968 2.939921 -4.880000
v -0.983968 2.880000 -4.939921
v -0.968396 2.937385 -4.937386
v -0.880000 2.983968 -4.939921
v -0.939921 2.983968 -4.880000
v -0.937385 2.968396 -4.937386
v -1.000000 1.120000 -4.880000
v -0.880000 1.120000 -5.000000
v -0.880000 1.000000 -4.880000
v -0.983968 1.120000 -4.939921
v -0.983968 1.060079 -4.880000
v -0.968396 1.062615 -4.937386
v -0.880000 1.060079 -4.983968
v -0.939921 1.120000 -4.983968
v -0.937385 1.062615 -4.968396
v -0.939921 1.016032 -4.880000
v -0.880000 1.016032 -4.939921
v -0.937385 1.031604 -4.937386
v -1.000000 2.880000 -3.120000
v -0.880000 2.880000 -3.000000
v -0.880000 3.000000 -3.120000
v -0.983968 2.880000 -3.060079
v -0.983968 2.939921 -3.120000
v -0.968396 2.937385 -3.062615
v -0.880000 2.939921 -3.016032
v -0.939921 2.880000 -3.016032
v -0.937385 2.937385 -3.031604
v -0.939921 2.983968 -3.120000
v -0.880000 2.983968 -3.060079
v -0.937385 2.968396 -3.062615
v -0.880000 1.000000 -3.120000
v -0.880000 1.120000 -3.000000
v -1.000000 1.120000 -3.120000
v -0.880000 1.016032 -3.060079
v -0.939921 1.016032 -3.120000
v -0.937385 1.031604 -3.062615
v -0.939921 1.120000 -3.016032
v -0.880000 1.060079 -3.016032
v -0.937385 1.062615 -3.031604
v -0.983968 1.060079 -3.120000
v -0.983968 1.120000 -3.060079
v -0.968396 1.062615 -3.062615
v 2.940000 2.880000 -5.000000
v 2.940000 3.000000 -4.880000
v 3.060000 2.880000 -4.880000
v 2.940000 2.939921 -4.983968
v 2.999921 2.880000 -4.983968
v 2.997385 2.937385 -4.968396
v 2.999921 2.983968 -4.880000
v 2.940000 2.983968 -4.939921
v 2.997385 2.968396 -4.937386
v 3.043968 2.880000 -4.939921
v 3.043968 2.939921 -4.880000
v 3.028396 2.937385 -4.937386
v 2.940000 1.000000 -4.880000
v 2.940000 1.120000 -5.000000
v 3.060000 1.120000 -4.880000
v 2.940000 1.016032 -4.939921
v 2.999921 1.016032 -4.880000
v 2.997385 1.031604 -4.937386
v 2.999921 1.120000 -4.983968
v 2.940000 1.060079 -4.983968
v 2.997385 1.062615 -4.968396
v 3.043968 1.060079 -4.880000
v 3.043968 1.120000 -4.939921
v 3.028396 1.062615 -4.937386
v 3.060000 2.880000 -3.120000
v 2.940000 3.000000 -3.120000
v 2.940000 2.880000 -3.000000
v 3.043968 2.939921 -3.120000
v 3.043968 2.880000 -3.060079
v 3.028396 2.937385 -3.062615
v 2.940000 2.983968 -3.060079
v 2.999921 2.983968 -3.120000
v 2.997385 2.968396 -3.062615
v 2.999921 2.880000 -3.016032
v 2.940000 2.939921 -3.016032
v 2.997385 2.937385 -3.031604
v 3.060000 1.120000 -3.120000
v 2.940000 1.120000 -3.000000
v 2.940000 1.000000 -3.120000
v 3.043968 1.120000 -3.060079
v 3.043968 1.060079 -3.120000
v 3.028396 1.062615 -3.062615
v 2.940000 1.060079 -3.016032
v 2.999921 1.120000 -3.016032
v 2.997385 1.062615 -3.031604
v 2.999921 1.016032 -3.120000
v 2.940000 1.016032 -3.060079
v 2.997385 1.031604 -3.062615
v 1.180000 2.880000 -5.000000
v 1.060000 2.880000 -4.880000
v 1.180000 3.000000 -4.880000
v 1.120079 2.880000 -4.983968
v 1.180000 2.939921 -4.983968
v 1.122615 2.937385 -4.968396
v 1.076031 2.939921 -4.880000
v 1.076031 2.880000 -4.939921
v 1.091604 2.937385 -4.937386
v 1.180000 2.983968 -4.939921
v 1.120079 2.983968 -4.880000
v 1.122615 2.968396 -4.937386
v 1.060000 1.120000 -4.880000
v 1.180000 1.120000 -5.000000
v 1.180000 1.000000 -4.880000
v 1.076031 1.120000 -4.939921
v 1.076031 1.060079 -4.880000
v 1.091604 1.062615 -4.937386
v 1.180000 1.060079 -4.983968
v 1.120079 1.120000 -4.983968
v 1.122615 1.062615 -4.968396
v 1.120079 1.016032 -4.880000
v 1.180000 1.016032 -4.939921
v 1.122615 1.031604 -4.937386
v 1.060000 2.880000 -3.120000
v 1.180000 2.880000 -3.000000
v 1.180000 3.000000 -3.120000
v 1.076031 2.880000 -3.060079
v 1.076031 2.939921 -3.120000
v 1.091604 2.937385 -3.062615
v 1.180000 2.939921 -3.016032
v 1.120079 2.880000 -3.016032
v 1.122615 2.937385 -3.031604
v 1.120079 2.983968 -3.120000
v 1.180000 2.983968 -3.060079
v 1.122615 2.968396 -3.062615
v 1.180000 1.000000 -3.120000
v 1.180000 1.120000 -3.000000
v 1.060000 1.120000 -3.120000
v 1.180000 1.016032 -3.060079
v 1.120079 1.016032 -3.120000
v 1.122615 1.031604 -3.062615
v 1.120079 1.120000 -3.016032
v 1.180000 1.060079 -3.016032
v 1.122615 1.062615 -3.031604
v 1.076031 1.060079 -3.120000
v 1.076031 1.120000 -3.060079
v 1.091604 1.062615 -3.062615
v 5.000000 2.880000 -5.000000
v 5.000000 3.000000 -4.880000
v 5.120000 2.880000 -4.880000
v 5.000000 2.939921 -4.983968
v 5.059921 2.880000 -4.983968
v 5.057385 2.937385 -4.968396
v 5.059921 2.983968 -4.880000
v 5.000000 2.983968 -4.939921
v 5.057385 2.968396 -4.937386
v 5.103968 2.880000 -4.939921
v 5.103968 2.939921 -4.880000
v 5.088396 2.937385 -4.937386
v 5.000000 1.000000 -4.880000
v 5.000000 1.120000 -5.000000
v 5.120000 1.120000 -4.880000
v 5.000000 1.016032 -4.939921
v 5.059921 1.016032 -4.880000
v 5.057385 1.031604 -4.937386
v 5.059921 1.120000 -4.983968
v 5.000000 1.060079 -4.983968
v 5.057385 1.062615 -4.968396
v 5.103968 1.060079 -4.880000
v 5.103968 1.120000 -4.939921
v 5.088396 1.062615 -4.937386
v 5.120000 2.880000 -3.120000
v 5.000000 3.000000 -3.120000
v 5.000000 2.880000 -3.000000
v 5.103968 2.939921 -3.120000
v 5.103968 2.880000 -3.060079
v 5.088396 2.937385 -3.062615
v 5.000000 2.983968 -3.060079
v 5.059921 2.983968 -3.120000
v 5.057385 2.968396 -3.062615
v 5.059921 2.880000 -3.016032
v 5.000000 2.939921 -3.016032
v 5.057385 2.937385 -3.031604
v 5.120000 1.120000 -3.120000
v 5.000000 1.120000 -3.000000
v 5.000000 1.000000 -3.120000
v 5.103968 1.120000 -3.060079
v 5.103968 1.060079 -3.120000
v 5.088396 1.062615 -3.062615
v 5.000000 1.060079 -3.016032
v 5.059921 1.120000 -3.016032
v 5.057385 1.062615 -3.031604
v 5.059921 1.016032 -3.120000
v 5.000000 1.016032 -3.060079
v 5.057385 1.031604 -3.062615
v 3.240000 2.880000 -5.000000
v 3.120000 2.880000 -4.880000
v 3.240000 3.000000 -4.880000
v 3.180079 2.880000 -4.983968
v 3.240000 2.939921 -4.983968
v 3.182615 2.937385 -4.968396
v 3.136031 2.939921 -4.880000
v 3.136031 2.880000 -4.939921
v 3.151604 2.937385 -4.937386
v 3.240000 2.983968 -4.939921
v 3.180079 2.983968 -4.880000
v 3.182615 2.968396 -4.937386
v 3.120000 1.120000 -4.880000
v 3.240000 1.120000 -5.000000
v 3.240000 1.000000 -4.880000
v 3.136031 1.120000 -4.939921
v 3.136031 1.060079 -4.880000
v 3.151604 1.062615 -4.937386
v 3.240000 1.060079 -4.983968
v 3.180079 1.120000 -4.983968
v 3.182615 1.062615 -4.968396
v 3.180079 1.016032 -4.880000
v 3.240000 1.016032 -4.939921
v 3.182615 1.031604 -4.937386
v 3.120000 2.880000 -3.120000
v 3.240000 2.880000 -3.000000
v 3.240000 3.000000 -3.120000
v 3.136031 2.880000 -3.060079
v 3.136031 2.939921 -3.120000
v 3.151604 2.937385 -3.062615
v 3.240000 2.939921 -3.016032
v 3.180079 2.880000 -3.016032
v 3.182615 2.937385 -3.031604
v 3.180079 2.983968 -3.120000
v 3.240000 2.983968 -3.060079
v 3.182615 2.968396 -3.062615
v 3.240000 1.000000 -3.120000
v 3.240000 1.120000 -3.000000
v 3.120000 1.120000 -3.120000
v 3.240000 1.016032 -3.060079
v 3.180079 1.016032 -3.120000
v 3.182615 1.031604 -3.062615
v 3.180079 1.120000 -3.016032
v 3.240000 1.060079 -3.016032
v 3.182615 1.062615 -3.031604
v 3.136031 1.060079 -3.120000
v 3.136031 1.120000 -3.060079
v 3.151604 1.062615 -3.062615
v 0.880000 4.880000 -1.000000
v 0.880000 5.000000 -0.880000
v 1.000000 4.880000 -0.880000
v 0.880000 4.939921 -0.983968
v 0.939921 4.880000 -0.983968
v 0.937385 4.937386 -0.968396
v 0.939921 4.983968 -0.880000
v 0.880000 4.983968 -0.939921
v 0.937385 4.968396 -0.937385
v 0.983968 4.880000 -0.939921
v 0.983968 4.939921 -0.880000
v 0.968396 4.937386 -0.937385
v 0.880000 3.000000 -0.880000
v 0.880000 3.120000 -1.000000
v 1.000000 3.120000 -0.880000
v 0.880000 3.016032 -0.939921
v 0.939921 3.016032 -0.880000
v 0.937385 3.031604 -0.937385
v 0.939921 3.120000 -0.983968
v 0.880000 3.060079 -0.983968
v 0.937385 3.062615 -0.968396
v 0.983968 3.060079 -0.880000
v 0.983968 3.120000 -0.939921
v 0.968396 3.062615 -0.937385
v 1.000000 4.880000 0.880000
v 0.880000 5.000000 0.880000
v 0.880000 4.880000 1.000000
v 0.983968 4.939921 0.880000
v 0.983968 4.880000 0.939921
v 0.968396 4.937386 0.937385
v 0.880000 4.983968 0.939921
v 0.939921 4.983968 0.880000
v 0.937385 4.968396 0.937385
v 0.939921 4.880000 0.983968
v 0.880000 4.939921 0.983968
v 0.937385 4.937386 0.968396
v 1.000000 3.120000 0.880000
v 0.880000 3.120000 1.000000
v 0.880000 3.000000 0.880000
v 0.983968 3.120000 0.939921
v 0.983968 3.060079 0.880000
v 0.968396 3.062615 0.937385
v 0.880000 3.060079 0.983968
v 0.939921 3.120000 0.983968
v 0.937385 3.062615 0.968396
v 0.939921 3.016032 0.880000
v 0.880000 3.016032 0.939921
v 0.937385 3.031604 0.937385
v -0.880000 4.880000 -1.000000
v -1.000000 4.880000 -0.880000
v -0.880000 5.000000 -0.880000
v -0.939921 4.880000 -0.983968
v -0.880000 4.939921 -0.983968
v -0.937385 4.937386 -0.968396
v -0.983968 4.939921 -0.880000
v -0.983968 4.880000 -0.939921
v -0.968396 4.937386 -0.937385
v -0.880000 4.983968 -0.939921
v -0.939921 4.983968 -0.880000
v -0.937385 4.968396 -0.937385
v -1.000000 3.120000 -0.880000
v -0.880000 3.120000 -1.000000
v -0.880000 3.000000 -0.880000
v -0.983968 3.120000 -0.939921
v -0.983968 3.060079 -0.880000
v -0.968396 3.062615 -0.937385
v -0.880000 3.060079 -0.983968
v -0.939921 3.120000 -0.983968
v -0.937385 3.062615 -0.968396
v -0.939921 3.016032 -0.880000
v -0.880000 3.016032 -0.939921
v -0.937385 3.031604 -0.937385
v -1.000000 4.880000 0.880000
v -0.880000 4.880000 1.000000
v -0.880000 5.000000 0.880000
v -0.983968 4.880000 0.939921
v -0.983968 4.939921 0.880000
v -0.968396 4.937386 0.937385
v -0.880000 4.939921 0.983968
v -0.939921 4.880000 0.983968
v -0.937385 4.937386 0.968396
v -0.939921 4.983968 0.880000
v -0.880000 4.983968 0.939921
v -0.937385 4.968396 0.937385
v -0.880000 3.000000 0.880000
v -0.880000 3.120000 1.000000
v -1.000000 3.120000 0.880000
v -0.880000 3.016032 0.939921
v -0.939921 3.016032 0.880000
v -0.937385 3.031604 0.937385
v -0.939921 3.120000 0.983968
v -0.880000 3.060079 0.983968
v -0.937385 3.062615 0.968396
v -0.983968 3.060079 0.880000
v -0.983968 3.120000 0.939921
v -0.968396 3.062615 0.937385
v 2.940000 4.880000 -1.000000
v 2.940000 5.000000 -0.880000
v 3.060000 4.880000 -0.880000
v 2.940000 4.939921 -0.983968
v 2.999921 4.880000 -0.983968
v 2.997385 4.937386 -0.968396
v 2.999921 4.983968 -0.880000
v 2.940000 4.983968 -0.939921
v 2.997385 4.968396 -0.937385
v 3.043968 4.880000 -0.939921
v 3.043968 4.939921 -0.880000
v 3.028396 4.937386 -0.937385
v 2.940000 3.000000 -0.880000
v 2.940000 3.120000 -1.000000
v 3.060000 3.120000 -0.880000
v 2.940000 3.016032 -0.939921
v 2.999921 3.016032 -0.880000
v 2.997385 3.031604 -0.937385
v 2.999921 3.120000 -0.983968
v 2.940000 3.060079 -0.983968
v 2.997385 3.062615 -0.968396
v 3.043968 3.060079 -0.880000
v 3.043968 3.120000 -0.939921
v 3.028396 3.062615 -0.937385
v 3.060000 4.880000 0.880000
v 2.940000 5.000000 0.880000
v 2.940000 4.880000 1.000000
v 3.043968 4.939921 0.880000
v 3.043968 4.880000 0.939921
v 3.028396 4.937386 0.937385
v 2.940000 4.983968 0.939921
v 2.999921 4.983968 0.880000
v 2.997385 4.968396 0.937385
v 2.999921 4.880000 0.983968
v 2.940000 4.939921 0.983968
v 2.997385 4.937386 0.968396
v 3.060000 3.120000 0.880000
v 2.940000 3.120000 1.000000
v 2.940000 3.000000 0.880000
v 3.043968 3.120000 0.939921
v 3.043968 3.060079 0.880000
v 3.028396 3.062615 0.937385
v 2.940000 3.060079 0.983968
v 2.999921 3.120000 0.983968
v 2.997385 3.062615 0.968396
v 2.999921 3.016032 0.880000
v 2.940000 3.016032 0.939921
v 2.997385 3.031604 0.937385
v 1.180000 4.880000 -1.000000
v 1.060000 4.880000 -0.880000
v 1.180000 5.000000 -0.880000
v 1.120079 4.880000 -0.983968
v 1.180000 4.939921 -0.983968
v 1.122615 4.937386 -0.968396
v 1.076031 4.939921 -0.880000
v 1.076031 4.880000 -0.939921
v 1.091604 4.937386 -0.937385
v 1.180000 4.983968 -0.939921
v 1.120079 4.983968 -0.880000
v 1.122615 4.968396 -0.937385
v 1.060000 3.120000 -0.880000
v 1.180000 3.120000 -1.000000
v 1.180000 3.000000 -0.880000
v 1.076031 3.120000 -0.939921
v 1.076031 3.060079 -0.880000
v 1.091604 3.062615 -0.937385
v 1.180000 3.060079 -0.983968
v 1.120079 3.120000 -0.983968
v 1.122615 3.062615 -0.968396
v 1.120079 3.016032 -0.880000
v 1.180000 3.016032 -0.939921
v 1.122615 3.031604 -0.937385
v 1.060000 4.880000 0.880000
v 1.180000 4.880000 1.000000
v 1.180000 5.000000 0.880000
v 1.076031 4.880000 0.939921
v 1.076031 4.939921 0.880000
v 1.091604 4.937386 0.937385
v 1.180000 4.939921 0.983968
v 1.120079 4.880000 0.983968
v 1.122615 4.937386 0.968396
v 1.120079 4.983968 0.880000
v 1.180000 4.983968 0.939921
v 1.122615 4.968396 0.937385
v 1.180000 3.000000 0.880000
v 1.180000 3.120000 1.000000
v 1.060000 3.120000 0.880000
v 1.180000 3.016032 0.939921
v 1.120079 3.016032 0.880000
v 1.122615 3.031604 0.937385
v 1.120079 3.120000 0.983968
v 1.180000 3.060079 0.983968
v 1.122615 3.062615 0.968396
v 1.076031 3.060079 0.880000
v 1.076031 3.120000 0.939921
v 1.091604 3.062615 0.937385
v 5.000000 4.880000 -1.000000
v 5.000000 5.000000 -0.880000
v 5.120000 4.880000 -0.880000
v 5.000000 4.939921 -0.983968
v 5.059921 4.880000 -0.983968
v 5.057385 4.937386 -0.968396
v 5.059921 4.983968 -0.880000
v 5.000000 4.983968 -0.939921
v 5.057385 4.968396 -0.937385
v 5.103968 4.880000 -0.939921
v 5.103968 4.939921 -0.880000
v 5.088396 4.937386 -0.937385
v 5.000000 3.000000 -0.880000
v 5.000000 3.120000 -1.000000
v 5.120000 3.120000 -0.880000
v 5.000000 3.016032 -0.939921
v 5.059921 3.016032 -0.880000
v 5.057385 3.031604 -0.937385
v 5.059921 3.120000 -0.983968
v 5.000000 3.060079 -0.983968
v 5.057385 3.062615 -0.968396
v 5.103968 3.060079 -0.880000
v 5.103968 3.120000 -0.939921
v 5.088396 3.062615 -0.937385
v 5.120000 4.880000 0.880000
v 5.000000 5.000000 0.880000
v 5.000000 4.880000 1.000000
v 5.103968 4.939921 0.880000
v 5.103968 4.880000 0.939921
v 5.088396 4.937386 0.937385
v 5.000000 4.983968 0.939921
v 5.059921 4.983968 0.880000
v 5.057385 4.968396 0.937385
v 5.059921 4.880000 0.983968
v 5.000000 4.939921 0.983968
v 5.057385 4.937386 0.968396
v 5.120000 3.120000 0.880000
v 5.000000 3.120000 1.000000
v 5.000000 3.000000 0.880000
v 5.103968 3.120000 0.939921
v 5.103968 3.060079 0.880000
v 5.088396 3.062615 0.937385
v 5.000000 3.060079 0.983968
v 5.059921 3.120000 0.983968
v 5.057385 3.062615 0.968396
v 5.059921 3.016032 0.880000
v 5.000000 3.016032 0.939921
v 5.057385 3.031604 0.937385
v 3.240000 4.880000 -1.000000
v 3.120000 4.880000 -0.880000
v 3.240000 5.000000 -0.880000
v 3.180079 4.880000 -0.983968
v 3.240000 4.939921 -0.983968
v 3.182615 4.937386 -0.968396
v 3.136031 4.939921 -0.880000
v 3.136031 4.880000 -0.939921
v 3.151604 4.937386 -0.937385
v 3.240000 4.983968 -0.939921
v 3.180079 4.983968 -0.880000
v 3.182615 4.968396 -0.937385
v 3.120000 3.120000 -0.880000
v 3.240000 3.120000 -1.000000
v 3.240000 3.000000 -0.880000
v 3.136031 3.120000 -0.939921
v 3.136031 3.060079 -0.880000
v 3.151604 3.062615 -0.937385
v 3.240000 3.060079 -0.983968
v 3.180079 3.120000 -0.983968
v 3.182615 3.062615 -0.968396
v 3.180079 3.016032 -0.880000
v 3.240000 3.016032 -0.939921
v 3.182615 3.031604 -0.937385
v 3.120000 4.880000 0.880000
v 3.240000 4.880000 1.000000
v 3.240000 5.000000 0.880000
v 3.136031 4.880000 0.939921
v 3.136031 4.939921 0.880000
v 3.151604 4.937386 0.937385
v 3.240000 4.939921 0.983968
v 3.180079 4.880000 0.983968
v 3.182615 4.937386 0.968396
v 3.180079 4.983968 0.880000
v 3.240000 4.983968 0.939921
v 3.182615 4.968396 0.937385
v 3.240000 3.000000 0.880000
v 3.240000 3.120000 1.000000
v 3.120000 3.120000 0.880000
v 3.240000 3.016032 0.939921
v 3.180079 3.016032 0.880000
v 3.182615 3.031604 0.937385
v 3.180079 3.120000 0.983968
v 3.240000 3.060079 0.983968
v 3.182615 3.062615 0.968396
v 3.136031 3.060079 0.880000
v 3.136031 3.120000 0.939921
v 3.151604 3.062615 0.937385
v 0.880000 4.880000 -3.000000
v 0.880000 5.000000 -2.880000
v 1.000000 4.880000 -2.880000
v 0.880000 4.939921 -2.983968
v 0.939921 4.880000 -2.983968
v 0.937385 4.937386 -2.968396
v 0.939921 4.983968 -2.880000
v 0.880000 4.983968 -2.939921
v 0.937385 4.968396 -2.937385
v 0.983968 4.880000 -2.939921
v 0.983968 4.939921 -2.880000
v 0.968396 4.937386 -2.937385
v 0.880000 3.000000 -2.880000
v 0.880000 3.120000 -3.000000
v 1.000000 3.120000 -2.880000
v 0.880000 3.016032 -2.939921
v 0.939921 3.016032 -2.880000
v 0.937385 3.031604 -2.937385
v 0.939921 3.120000 -2.983968
v 0.880000 3.060079 -2.983968
v 0.937385 3.062615 -2.968396
v 0.983968 3.060079 -2.880000
v 0.983968 3.120000 -2.939921
v 0.968396 3.062615 -2.937385
v 1.000000 4.880000 -1.120000
v 0.880000 5.000000 -1.120000
v 0.880000 4.880000 -1.000000
v 0.983968 4.939921 -1.120000
v 0.983968 4.880000 -1.060079
v 0.968396 4.937386 -1.062615
v 0.880000 4.983968 -1.060079
v 0.939921 4.983968 -1.120000
v 0.937385 4.968396 -1.062615
v 0.939921 4.880000 -1.016032
v 0.880000 4.939921 -1.016032
v 0.937385 4.937386 -1.031604
v 1.000000 3.120000 -1.120000
v 0.880000 3.120000 -1.000000
v 0.880000 3.000000 -1.120000
v 0.983968 3.120000 -1.060079
v 0.983968 3.060079 -1.120000
v 0.968396 3.062615 -1.062615
v 0.880000 3.060079 -1.016032
v 0.939921 3.120000 -1.016032
v 0.937385 3.062615 -1.031604
v 0.939921 3.016032 -1.120000
v 0.880000 3.016032 -1.060079
v 0.937385 3.031604 -1.062615
v -0.880000 4.880000 -3.000000
v -1.000000 4.880000 -2.880000
v -0.880000 5.000000 -2.880000
v -0.939921 4.880000 -2.983968
v -0.880000 4.939921 -2.983968
v -0.937385 4.937386 -2.968396
v -0.983968 4.939921 -2.880000
v -0.983968 4.880000 -2.939921
v -0.968396 4.937386 -2.937385
v -0.880000 4.983968 -2.939921
v -0.939921 4.983968 -2.880000
v -0.937385 4.968396 -2.937385
v -1.000000 3.120000 -2.880000
v -0.880000 3.120000 -3.000000
v -0.880000 3.000000 -2.880000
v -0.983968 3.120000 -2.939921
v -0.983968 3.060079 -2.880000
v -0.968396 3.062615 -2.937385
v -0.880000 3.060079 -2.983968
v -0.939921 3.120000 -2.983968
v -0.937385 3.062615 -2.968396
v -0.939921 3.016032 -2.880000
v -0.880000 3.016032 -2.939921
v -0.937385 3.031604 -2.937385
v -1.000000 4.880000 -1.120000
v -0.880000 4.880000 -1.000000
v -0.880000 5.000000 -1.120000
v -0.983968 4.880000 -1.060079
v -0.983968 4.939921 -1.120000
v -0.968396 4.937386 -1.062615
v -0.880000 4.939921 -1.016032
v -0.939921 4.880000 -1.016032
v -0.937385 4.937386 -1.031604
v -0.939921 4.983968 -1.120000
v -0.880000 4.983968 -1.060079
v -0.937385 4.968396 -1.062615
v -0.880000 3.000000 -1.120000
v -0.880000 3.120000 -1.000000
v -1.000000 3.120000 -1.120000
v -0.880000 3.016032 -1.060079
v -0.939921 3.016032 -1.120000
v -0.937385 3.031604 -1.062615
v -0.939921 3.120000 -1.016032
v -0.880000 3.060079 -1.016032
v -0.937385 3.062615 -1.031604
v -0.983968 3.060079 -1.120000
v -0.983968 3.120000 -1.060079
v -0.968396 3.062615 -1.062615
v 2.940000 4.880000 -3.000000
v 2.940000 5.000000 -2.880000
v 3.060000 4.880000 -2.880000
v 2.940000 4.939921 -2.983968
v 2.999921 4.880000 -2.983968
v 2.997385 4.937386 -2.968396
v 2.999921 4.983968 -2.880000
v 2.940000 4.983968 -2.939921
v 2.997385 4.968396 -2.937385
v 3.043968 4.880000 -2.939921
v 3.043968 4.939921 -2.880000
v 3.028396 4.937386 -2.937385
v 2.940000 3.000000 -2.880000
v 2.940000 3.120000 -3.000000
v 3.060000 3.120000 -2.880000
v 2.940000 3.016032 -2.939921
v 2.999921 3.016032 -2.880000
v 2.997385 3.031604 -2.937385
v 2.999921 3.120000 -2.983968
v 2.940000 3.060079 -2.983968
v 2.997385 3.062615 -2.968396
v 3.043968 3.060079 -2.880000
v 3.043968 3.120000 -2.939921
v 3.028396 3.062615 -2.937385
v 3.060000 4.880000 -1.120000
v 2.940000 5.000000 -1.120000
v 2.940000 4.880000 -1.000000
v 3.043968 4.939921 -1.120000
v 3.043968 4.880000 -1.060079
v 3.028396 4.937386 -1.062615
v 2.940000 4.983968 -1.060079
v 2.999921 4.983968 -1.120000
v 2.997385 4.968396 -1.062615
v 2.999921 4.880000 -1.016032
v 2.940000 4.939921 -1.016032
v 2.997385 4.937386 -1.031604
v 3.060000 3.120000 -1.120000
v 2.940000 3.120000 -1.000000
v 2.940000 3.000000 -1.120000
v 3.043968 3.120000 -1.060079
v 3.043968 3.060079 -1.120000
v 3.028396 3.062615 -1.062615
v 2.940000 3.060079 -1.016032
v 2.999921 3.120000 -1.016032
v 2.997385 3.062615 -1.031604
v 2.999921 3.016032 -1.120000
v 2.940000 3.016032 -1.060079
v 2.997385 3.031604 -1.062615
v 1.180000 4.880000 -3.000000
v 1.060000 4.880000 -2.880000
v 1.180000 5.000000 -2.880000
v 1.120079 4.880000 -2.983968
v 1.180000 4.939921 -2.983968
v 1.122615 4.937386 -2.968396
v 1.076031 4.939921 -2.880000
v 1.076031 4.880000 -2.939921
v 1.091604 4.937386 -2.937385
v 1.180000 4.983968 -2.939921
v 1.120079 4.983968 -2.880000
v 1.122615 4.968396 -2.937385
v 1.060000 3.120000 -2.880000
v 1.180000 3.120000 -3.000000
v 1.180000 3.000000 -2.880000
v 1.076031 3.120000 -2.939921
v 1.076031 3.060079 -2.880000
v 1.091604 3.062615 -2.937385
v 1.180000 3.060079 -2.983968
v 1.120079 3.120000 -2.983968
v 1.122615 3.062615 -2.968396
v 1.120079 3.016032 -2.880000
v 1.180000 3.016032 -2.939921
v 1.122615 3.031604 -2.937385
v 1.060000 4.880000 -1.120000
v 1.180000 4.880000 -1.000000
v 1.180000 5.000000 -1.120000
v 1.076031 4.880000 -1.060079
v 1.076031 4.939921 -1.120000
v 1.091604 4.937386 -1.062615
v 1.180000 4.939921 -1.016032
v 1.120079 4.880000 -1.016032
v 1.122615 4.937386 -1.031604
v 1.120079 4.983968 -1.120000
v 1.180000 4.983968 -1.060079
v 1.122615 4.968396 -1.062615
v 1.180000 3.000000 -1.120000
v 1.180000 3.120000 -1.000000
v 1.060000 3.120000 -1.120000
v 1.180000 3.016032 -1.060079
v 1.120079 3.016032 -1.120000
v 1.122615 3.031604 -1.062615
v 1.120079 3.120000 -1.016032
v 1.180000 3.060079 -1.016032
v 1.122615 3.062615 -1.031604
v 1.076031 3.060079 -1.120000
v 1.076031 3.120000 -1.060079
v 1.091604 3.062615 -1.062615
v 5.000000 4.880000 -3.000000
v 5.000000 5.000000 -2.880000
v 5.120000 4.880000 -2.880000
v 5.000000 4.939921 -2.983968
v 5.059921 4.880000 -2.983968
v 5.057385 4.937386 -2.968396
v 5.059921 4.983968 -2.880000
v 5.000000 4.983968 -2.939921
v 5.057385 4.968396 -2.937385
v 5.103968 4.880000 -2.939921
v 5.103968 4.939921 -2.880000
v 5.088396 4.937386 -2.937385
v 5.000000 3.000000 -2.880000
v 5.000000 3.120000 -3.000000
v 5.120000 3.120000 -2.880000
v 5.000000 3.016032 -2.939921
v 5.059921 3.016032 -2.880000
v 5.057385 3.031604 -2.937385
v 5.059921 3.120000 -2.983968
v 5.000000 3.060079 -2.983968
v 5.057385 3.062615 -2.968396
v 5.103968 3.060079 -2.880000
v 5.103968 3.120000 -2.939921
v 5.088396 3.062615 -2.937385
v 5.120000 4.880000 -1.120000
v 5.000000 5.000000 -1.120000
v 5.000000 4.880000 -1.000000
v 5.103968 4.939921 -1.120000
v 5.103968 4.880000 -1.060079
v 5.088396 4.937386 -1.062615
v 5.000000 4.983968 -1.060079
v 5.059921 4.983968 -1.120000
v 5.057385 4.968396 -1.062615
v 5.059921 4.880000 -1.016032
v 5.000000 4.939921 -1.016032
v 5.057385 4.937386 -1.031604
v 5.120000 3.120000 -1.120000
v 5.000000 3.120000 -1.000000
v 5.000000 3.000000 -1.120000
v 5.103968 3.120000 -1.060079
v 5.103968 3.060079 -1.120000
v 5.088396 3.062615 -1.062615
v 5.000000 3.060079 -1.016032
v 5.059921 3.120000 -1.016032
v 5.057385 3.062615 -1.031604
v 5.059921 3.016032 -1.120000
v 5.000000 3.016032 -1.060079
v 5.057385 3.031604 -1.062615
v 3.240000 4.880000 -3.000000
v 3.120000 4.880000 -2.880000
v 3.240000 5.000000 -2.880000
v 3.180079 4.880000 -2.983968
v 3.240000 4.939921 -2.983968
v 3.182615 4.937386 -2.968396
v 3.136031 4.939921 -2.880000
v 3.136031 4.880000 -2.939921
v 3.151604 4.937386 -2.937385
v 3.240000 4.983968 -2.939921
v 3.180079 4.983968 -2.880000
v 3.182615 4.968396 -2.937385
v 3.120000 3.120000 -2.880000
v 3.240000 3.120000 -3.000000
v 3.240000 3.000000 -2.880000
v 3.136031 3.120000 -2.939921
v 3.136031 3.060079 -2.880000
v 3.151604 3.062615 -2.937385
v 3.240000 3.060079 -2.983968
v 3.180079 3.120000 -2.983968
v 3.182615 3.062615 -2.968396
v 3.180079 3.016032 -2.880000
v 3.240000 3.016032 -2.939921
v 3.182615 3.031604 -2.937385
v 3.120000 4.880000 -1.120000
v 3.240000 4.880000 -1.000000
v 3.240000 5.000000 -1.120000
v 3.136031 4.880000 -1.060079
v 3.136031 4.939921 -1.120000
v 3.151604 4.937386 -1.062615
v 3.240000 4.939921 -1.016032
v 3.180079 4.880000 -1.016032
v 3.182615 4.937386 -1.031604
v 3.180079 4.983968 -1.120000
v 3.240000 4.983968 -1.060079
v 3.182615 4.968396 -1.062615
v 3.240000 3.000000 -1.120000
v 3.240000 3.120000 -1.000000
v 3.120000 3.120000 -1.120000
v 3.240000 3.016032 -1.060079
v 3.180079 3.016032 -1.120000
v 3.182615 3.031604 -1.062615
v 3.180079 3.120000 -1.016032
v 3.240000 3.060079 -1.016032
v 3.182615 3.062615 -1.031604
v 3.136031 3.060079 -1.120000
v 3.136031 3.120000 -1.060079
v 3.151604 3.062615 -1.062615
v 0.880000 4.880000 -5.000000
v 0.880000 5.000000 -4.880000
v 1.000000 4.880000 -4.880000
v 0.880000 4.939921 -4.983968
v 0.939921 4.880000 -4.983968
v 0.937385 4.937386 -4.968396
v 0.939921 4.983968 -4.880000
v 0.880000 4.983968 -4.939921
v 0.937385 4.968396 -4.937386
v 0.983968 4.880000 -4.939921
v 0.983968 4.939921 -4.880000
v 0.968396 4.937386 -4.937386
v 0.880000 3.000000 -4.880000
v 0.880000 3.120000 -5.000000
v 1.000000 3.120000 -4.880000
v 0.880000 3.016032 -4.939921
v 0.939921 3.016032 -4.880000
v 0.937385 3.031604 -4.937386
v 0.939921 3.120000 -4.983968
v 0.880000 3.060079 -4.983968
v 0.937385 3.062615 -4.968396
v 0.983968 3.060079 -4.880000
v 0.983968 3.120000 -4.939921
v 0.968396 3.062615 -4.937386
v 1.000000 4.880000 -3.120000
v 0.880000 5.000000 -3.120000
v 0.880000 4.880000 -3.000000
v 0.983968 4.939921 -3.120000
v 0.983968 4.880000 -3.060079
v 0.968396 4.937386 -3.062615
v 0.880000 4.983968 -3.060079
v 0.939921 4.983968 -3.120000
v 0.937385 4.968396 -3.062615
v 0.939921 4.880000 -3.016032
v 0.880000 4.939921 -3.016032
v 0.937385 4.937386 -3.031604
v 1.000000 3.120000 -3.120000
v 0.880000 3.120000 -3.000000
v 0.880000 3.000000 -3.120000
v 0.983968 3.120000 -3.060079
v 0.983968 3.060079 -3.120000
v 0.968396 3.062615 -3.062615
v 0.880000 3.060079 -3.016032
v 0.939921 3.120000 -3.016032
v 0.937385 3.062615 -3.031604
v 0.939921 3.016032 -3.120000
v 0.880000 3.016032 -3.060079
v 0.937385 3.031604 -3.062615
v -0.880000 4.880000 -5.000000
v -1.000000 4.880000 -4.880000
v -0.880000 5.000000 -4.880000
v -0.939921 4.880000 -4.983968
v -0.880000 4.939921 -4.983968
v -0.937385 4.937386 -4.968396
v -0.983968 4.939921 -4.880000
v -0.983968 4.880000 -4.939921
v -0.968396 4.937386 -4.937386
v -0.880000 4.983968 -4.939921
v -0.939921 4.983968 -4.880000
v -0.937385 4.968396 -4.937386
v -1.000000 3.120000 -4.880000
v -0.880000 3.120000 -5.000000
v -0.880000 3.000000 -4.880000
v -0.983968 3.120000 -4.939921
v -0.983968 3.060079 -4.880000
v -0.968396 3.062615 -4.937386
v -0.880000 3.060079 -4.983968
v -0.939921 3.120000 -4.983968
v -0.937385 3.062615 -4.968396
v -0.939921 3.016032 -4.880000
v -0.880000 3.016032 -4.939921
v -0.937385 3.031604 -4.937386
v -1.000000 4.880000 -3.120000
v -0.880000 4.880000 -3.000000
v -0.880000 5.000000 -3.120000
v -0.983968 4.880000 -3.060079
v -0.983968 4.939921 -3.120000
v -0.968396 4.937386 -3.062615
v -0.880000 4.939921 -3.016032
v -0.939921 4.880000 -3.016032
v -0.937385 4.937386 -3.031604
v -0.939921 4.983968 -3.120000
v -0.880000 4.983968 -3.060079
v -0.937385 4.968396 -3.062615
v -0.880000 3.000000 -3.120000
v -0.880000 3.120000 -3.000000
v -1.000000 3.120000 -3.120000
v -0.880000 3.016032 -3.060079
v -0.939921 3.016032 -3.120000
v -0.937385 3.031604 -3.062615
v -0.939921 3.120000 -3.016032
v -0.880000 3.060079 -3.016032
v -0.937385 3.062615 -3.031604
v -0.983968 3.060079 -3.120000
v -0.983968 3.120000 -3.060079
v -0.968396 3.062615 -3.062615
v 2.940000 4.880000 -5.000000
v 2.940000 5.000000 -4.880000
v 3.060000 4.880000 -4.880000
v 2.940000 4.939921 -4.983968
v 2.999921 4.880000 -4.983968
v 2.997385 4.937386 -4.968396
v 2.999921 4.983968 -4.880000
v 2.940000 4.983968 -4.939921
v 2.997385 4.968396 -4.937386
v 3.043968 4.880000 -4.939921
v 3.043968 4.939921 -4.880000
v 3.028396 4.937386 -4.937386
v 2.940000 3.000000 -4.880000
v 2.940000 3.120000 -5.000000
v 3.060000 3.120000 -4.880000
v 2.940000 3.016032 -4.939921
v 2.999921 3.016032 -4.880000
v 2.997385 3.031604 -4.937386
v 2.999921 3.120000 -4.983968
v 2.940000 3.060079 -4.983968
v 2.997385 3.062615 -4.968396
v 3.043968 3.060079 -4.880000
v 3.043968 3.120000 -4.939921
v 3.028396 3.062615 -4.937386
v 3.060000 4.880000 -3.120000
v 2.940000 5.000000 -3.120000
v 2.940000 4.880000 -3.000000
v 3.043968 4.939921 -3.120000
v 3.043968 4.880000 -3.060079
v 3.028396 4.937386 -3.062615
v 2.940000 4.983968 -3.060079
v 2.999921 4.983968 -3.120000
v 2.997385 4.968396 -3.062615
v 2.999921 4.880000 -3.016032
v 2.940000 4.939921 -3.016032
v 2.997385 4.937386 -3.031604
v 3.060000 3.120000 -3.120000
v 2.940000 3.120000 -3.000000
v 2.940000 3.000000 -3.120000
v 3.043968 3.120000 -3.060079
v 3.043968 3.060079 -3.120000
v 3.028396 3.062615 -3.062615
v 2.940000 3.060079 -3.016032
v 2.999921 3.120000 -3.016032
v 2.997385 3.062615 -3.031604
v 2.999921 3.016032 -3.120000
v 2.940000 3.016032 -3.060079
v 2.997385 3.031604 -3.062615
v 1.180000 4.880000 -5.000000
v 1.060000 4.880000 -4.880000
v 1.180000 5.000000 -4.880000
v 1.120079 4.880000 -4.983968
v 1.180000 4.939921 -4.983968
v 1.122615 4.937386 -4.968396
v 1.076031 4.939921 -4.880000
v 1.076031 4.880000 -4.939921
v 1.091604 4.937386 -4.937386
v 1.180000 4.983968 -4.939921
v 1.120079 4.983968 -4.880000
v 1.122615 4.968396 -4.937386
v 1.060000 3.120000 -4.880000
v 1.180000 3.120000 -5.000000
v 1.180000 3.000000 -4.880000
v 1.076031 3.120000 -4.939921
v 1.076031 3.060079 -4.880000
v 1.091604 3.062615 -4.937386
v 1.180000 3.060079 -4.983968
v 1.120079 3.120000 -4.983968
v 1.122615 3.062615 -4.968396
v 1.120079 3.016032 -4.880000
v 1.180000 3.016032 -4.939921
v 1.122615 3.031604 -4.937386
v 1.060000 4.880000 -3.120000
v 1.180000 4.880000 -3.000000
v 1.180000 5.000000 -3.120000
v 1.076031 4.880000 -3.060079
v 1.076031 4.939921 -3.120000
v 1.091604 4.937386 -3.062615
v 1.180000 4.939921 -3.016032
v 1.120079 4.880000 -3.016032
v 1.122615 4.937386 -3.031604
v 1.120079 4.983968 -3.120000
v 1.180000 4.983968 -3.060079
v 1.122615 4.968396 -3.062615
v 1.180000 3.000000 -3.120000
v 1.180000 3.120000 -3.000000
v 1.060000 3.120000 -3.120000
v 1.180000 3.016032 -3.060079
v 1.120079 3.016032 -3.120000
v 1.122615 3.031604 -3.062615
v 1.120079 3.120000 -3.016032
v 1.180000 3.060079 -3.016032
v 1.122615 3.062615 -3.031604
v 1.076031 3.060079 -3.120000
v 1.076031 3.120000 -3.060079
v 1.091604 3.062615 -3.062615
v 5.000000 4.880000 -5.000000
v 5.000000 5.000000 -4.880000
v 5.120000 4.880000 -4.880000
v 5.000000 4.939921 -4.983968
v 5.059921 4.880000 -4.983968
v 5.057385 4.937386 -4.968396
v 5.059921 4.983968 -4.880000
v 5.000000 4.983968 -4.939921
v 5.057385 4.968396 -4.937386
v 5.103968 4.880000 -4.939921
v 5.103968 4.939921 -4.880000
v 5.088396 4.937386 -4.937386
v 5.000000 3.000000 -4.880000
v 5.000000 3.120000 -5.000000
v 5.120000 3.120000 -4.880000
v 5.000000 3.016032 -4.939921
v 5.059921 3.016032 -4.880000
v 5.057385 3.031604 -4.937386
v 5.059921 3.120000 -4.983968
v 5.000000 3.060079 -4.983968
v 5.057385 3.062615 -4.968396
v 5.103968 3.060079 -4.880000
v 5.103968 3.120000 -4.939921
v 5.088396 3.062615 -4.937386
v 5.120000 4.880000 -3.120000
v 5.000000 5.000000 -3.120000
v 5.000000 4.880000 -3.000000
v 5.103968 4.939921 -3.120000
v 5.103968 4.880000 -3.060079
v 5.088396 4.937386 -3.062615
v 5.000000 4.983968 -3.060079
v 5.059921 4.983968 -3.120000
v 5.057385 4.968396 -3.062615
v 5.059921 4.880000 -3.016032
v 5.000000 4.939921 -3.016032
v 5.057385 4.937386 -3.031604
v 5.120000 3.120000 -3.120000
v 5.000000 3.120000 -3.000000
v 5.000000 3.000000 -3.120000
v 5.103968 3.120000 -3.060079
v 5.103968 3.060079 -3.120000
v 5.088396 3.062615 -3.062615
v 5.000000 3.060079 -3.016032
v 5.059921 3.120000 -3.016032
v 5.057385 3.062615 -3.031604
v 5.059921 3.016032 -3.120000
v 5.000000 3.016032 -3.060079
v 5.057385 3.031604 -3.062615
v 3.240000 4.880000 -5.000000
v 3.120000 4.880000 -4.880000
v 3.240000 5.000000 -4.880000
v 3.180079 4.880000 -4.983968
v 3.240000 4.939921 -4.983968
v 3.182615 4.937386 -4.968396
v 3.136031 4.939921 -4.880000
v 3.136031 4.880000 -4.939921
v 3.151604 4.937386 -4.937386
v 3.240000 4.983968 -4.939921
v 3.180079 4.983968 -4.880000
v 3.182615 4.968396 -4.937386
v 3.120000 3.120000 -4.880000
v 3.240000 3.120000 -5.000000
v 3.240000 3.000000 -4.880000
v 3.136031 3.120000 -4.939921
v 3.136031 3.060079 -4.880000
v 3.151604 3.062615 -4.937386
v 3.240000 3.060079 -4.983968
v 3.180079 3.120000 -4.983968
v 3.182615 3.062615 -4.968396
v 3.180079 3.016032 -4.880000
v 3.240000 3.016032 -4.939921
v 3.182615 3.031604 -4.937386
v 3.120000 4.880000 -3.120000
v 3.240000 4.880000 -3.000000
v 3.240000 5.000000 -3.120000
v 3.136031 4.880000 -3.060079
v 3.136031 4.939921 -3.120000
v 3.151604 4.937386 -3.062615
v 3.240000 4.939921 -3.016032
v 3.180079 4.880000 -3.016032
v 3.182615 4.937386 -3.031604
v 3.180079 4.983968 -3.120000
v 3.240000 4.983968 -3.060079
v 3.182615 4.968396 -3.062615
v 3.240000 3.000000 -3.120000
v 3.240000 3.120000 -3.000000
v 3.120000 3.120000 -3.120000
v 3.240000 3.016032 -3.060079
v 3.180079 3.016032 -3.120000
v 3.182615 3.031604 -3.062615
v 3.180079 3.120000 -3.016032
v 3.240000 3.060079 -3.016032
v 3.182615 3.062615 -3.031604
v 3.136031 3.060079 -3.120000
v 3.136031 3.120000 -3.060079
v 3.151604 3.062615 -3.062615
vn 0.1296 0.1296 -0.9831
vn 0.1216 0.4915 -0.8623
vn 0.4473 0.4473 -0.7744
vn 0.4915 0.1216 -0.8623
vn 0.1216 0.8623 -0.4915
vn 0.4473 0.7744 -0.4473
vn 0.1296 0.9831 -0.1296
vn 0.4915 0.8623 -0.1216
vn 0.8623 0.4915 -0.1216
vn 0.7744 0.4473 -0.4473
vn 0.9831 0.1296 -0.1296
vn 0.8623 0.1216 -0.4915
vn 0.1296 -0.9831 -0.1296
vn 0.1216 -0.8623 -0.4915
vn 0.4473 -0.7744 -0.4473
vn 0.4915 -0.8623 -0.1216
vn 0.1216 -0.4915 -0.8623
vn 0.4473 -0.4473 -0.7744
vn 0.1296 -0.1296 -0.9831
vn 0.4915 -0.1216 -0.8623
vn 0.8623 -0.1216 -0.4915
vn 0.7744 -0.4473 -0.4473
vn 0.9831 -0.1296 -0.1296
vn 0.8623 -0.4915 -0.1216
vn 0.9831 0.1296 0.1296
vn 0.8623 0.4915 0.1216
vn 0.7744 0.4473 0.4473
vn 0.8623 0.1216 0.4915
vn 0.4915 0.8623 0.1216
vn 0.4473 0.7744 0.4473
vn 0.1296 0.9831 0.1296
vn 0.1216 0.8623 0.4915
vn 0.1216 0.4915 0.8623
vn 0.4473 0.4473 0.7744
vn 0.1296 0.1296 0.9831
vn 0.4915 0.1216 0.8623
vn 0.9831 -0.1296 0.1296
vn 0.8623 -0.1216 0.4915
vn 0.7744 -0.4473 0.4473
vn 0.8623 -0.4915 0.1216
vn 0.4915 -0.1216 0.8623
vn 0.4473 -0.4473 0.7744
vn 0.1296 -0.1296 0.9831
vn 0.1216 -0.4915 0.8623
vn 0.1216 -0.8623 0.4915
vn 0.4473 -0.7744 0.4473
vn 0.1296 -0.9831 0.1296
vn 0.4915 -0.8623 0.1216
vn -0.1296 0.1296 -0.9831
vn -0.4915 0.1216 -0.8623
vn -0.4473 0.4473 -0.7744
vn -0.1216 0.4915 -0.8623
vn -0.8623 0.1216 -0.4915
vn -0.7744 0.4473 -0.4473
vn -0.9831 0.1296 -0.1296
vn -0.8623 0.4915 -0.1216
vn -0.4915 0.8623 -0.1216
vn -0.4473 0.7744 -0.4473
vn -0.1296 0.9831 -0.1296
vn -0.1216 0.8623 -0.4915
vn -0.9831 -0.1296 -0.1296
vn -0.8623 -0.1216 -0.4915
vn -0.7744 -0.4473 -0.4473
vn -0.8623 -0.4915 -0.1216
vn -0.4915 -0.1216 -0.8623
vn -0.4473 -0.4473 -0.7744
vn -0.1296 -0.1296 -0.9831
vn -0.1216 -0.4915 -0.8623
vn -0.1216 -0.8623 -0.4915
vn -0.4473 -0.7744 -0.4473
vn -0.1296 -0.9831 -0.1296
vn -0.4915 -0.8623 -0.1216
vn -0.9831 0.1296 0.1296
vn -0.8623 0.1216 0.4915
vn -0.7744 0.4473 0.4473
vn -0.8623 0.4915 0.1216
vn -0.4915 0.1216 0.8623
vn -0.4473 0.4473 0.7744
vn -0.1296 0.1296 0.9831
vn -0.1216 0.4915 0.8623
vn -0.1216 0.8623 0.4915
vn -0.4473 0.7744 0.4473
vn -0.1296 0.9831 0.1296
vn -0.4915 0.8623 0.1216
vn -0.1296 -0.9831 0.1296
vn -0.1216 -0.8623 0.4915
vn -0.4473 -0.7744 0.4473
vn -0.4915 -0.8623 0.1216
vn -0.1216 -0.4915 0.8623
vn -0.4473 -0.4473 0.7744
vn -0.1296 -0.1296 0.9831
vn -0.4915 -0.1216 0.8623
vn -0.8623 -0.1216 0.4915
vn -0.7744 -0.4473 0.4473
vn -0.9831 -0.1296 0.1296
vn -0.8623 -0.4915 0.1216
vn 0.4474 0.4473 -0.7744
vn 0.4916 0.1216 -0.8623
vn 0.4474 0.7744 -0.4473
vn 0.4474 -0.7744 -0.4473
vn 0.4474 -0.4473 -0.7744
vn 0.4916 -0.1216 -0.8623
vn 0.4474 0.7744 0.4473
vn 0.4474 0.4473 0.7744
vn 0.4916 0.1216 0.8623
vn 0.4916 -0.1216 0.8623
vn 0.4474 -0.4473 0.7744
vn 0.4474 -0.7744 0.4473
vn -0.4474 0.7744 -0.4473
vn -0.7744 0.4474 -0.4473
vn -0.7744 -0.4474 -0.4473
vn 0.4474 0.4474 -0.7744
vn 0.4474 -0.4474 0.7744
vn 0.4473 0.7744 -0.4474
vn 0.7744 0.4473 -0.4474
vn 0.4473 -0.7744 -0.4474
vn 0.4473 -0.4474 -0.7744
vn 0.7744 -0.4473 -0.4474
vn -0.4473 0.4474 -0.7744
vn -0.7744 0.4473 -0.4474
vn -0.4473 0.7744 -0.4474
vn -0.7744 -0.4473 -0.4474
vn -0.4473 -0.7744 -0.4474
vn -0.4474 -0.7744 0.4473
vn 0.8623 -0.1216 -0.4916
vn -0.7744 0.4474 0.4473
vn -0.7744 -0.4474 0.4473
vn 0.7744 0.4473 0.4474
vn 0.7744 -0.4473 0.4474
vn -0.7744 0.4473 0.4474
vn -0.4473 0.7744 0.4474
vn -0.4473 -0.7744 0.4474
vn -0.4474 -0.7744 -0.4473
vn -0.1216 0.4916 -0.8623
vn -0.4474 0.4473 0.7744
vn 0.4474 -0.7744 -0.4474
vn 0.4473 0.4474 -0.7744
vn 0.7744 0.4474 -0.4473
vn 0.7744 0.4474 0.4473
vn 0.4473 0.4474 0.7744
vn -0.4473 0.4474 0.7744
vn -0.7744 -0.4473 0.4474
vn 0.4916 0.8623 0.1216
vn 0.4916 0.8623 -0.1216
vn -0.4916 0.8623 -0.1216
vn -0.4474 -0.4473 -0.7744
vn -0.4474 -0.4473 0.7744
vn 0.1216 0.4916 -0.8623
vn 0.1216 -0.4916 -0.8623
vn -0.7744 0.4474 -0.4474
vt 0.610000 0.485000
vt 0.617490 0.485000
vt 0.617173 0.492173
vt 0.610000 0.492490
vt 0.632500 0.492500
vt 0.628913 0.496087
vt 0.640000 0.515000
vt 0.632510 0.515000
vt 0.617490 0.515000
vt 0.617173 0.504882
vt 0.610000 0.515000
vt 0.610000 0.507510
vt 0.360000 0.515000
vt 0.360000 0.507510
vt 0.367173 0.507827
vt 0.367490 0.515000
vt 0.367500 0.492500
vt 0.371087 0.496087
vt 0.390000 0.485000
vt 0.390000 0.492490
vt 0.390000 0.507510
vt 0.379882 0.507827
vt 0.390000 0.515000
vt 0.382510 0.515000
vt 0.610000 0.735000
vt 0.617490 0.735000
vt 0.617173 0.745118
vt 0.610000 0.742490
vt 0.632510 0.735000
vt 0.628913 0.753913
vt 0.640000 0.735000
vt 0.632500 0.757500
vt 0.617490 0.765000
vt 0.617173 0.757827
vt 0.610000 0.765000
vt 0.610000 0.757510
vt 0.390000 0.735000
vt 0.390000 0.742490
vt 0.379882 0.742173
vt 0.382510 0.735000
vt 0.390000 0.757510
vt 0.371087 0.753913
vt 0.390000 0.765000
vt 0.367500 0.757500
vt 0.360000 0.742490
vt 0.367173 0.742173
vt 0.360000 0.735000
vt 0.367490 0.735000
vt 0.610000 0.265000
vt 0.610000 0.257510
vt 0.617173 0.254882
vt 0.617490 0.265000
vt 0.610000 0.242490
vt 0.617173 0.242173
vt 0.610000 0.235000
vt 0.617490 0.235000
vt 0.625000 0.235000
vt 0.625000 0.244782
vt 0.860000 0.515000
vt 0.860000 0.500000
vt 0.875000 0.507827
vt 0.875000 0.515000
vt 0.625000 0.265000
vt 0.390000 0.235000
vt 0.390000 0.242490
vt 0.375000 0.242173
vt 0.375000 0.235000
vt 0.390000 0.257510
vt 0.375000 0.257827
vt 0.390000 0.265000
vt 0.375000 0.265000
vt 0.140000 0.500000
vt 0.140000 0.507510
vt 0.132827 0.507827
vt 0.132827 0.500000
vt 0.140000 0.515000
vt 0.132510 0.515000
vt 0.125000 0.515000
vt 0.125000 0.507827
vt 0.610000 0.015000
vt 0.610000 0.007510
vt 0.617173 0.007827
vt 0.617490 0.015000
vt 0.610000 0.000000
vt 0.617173 0.000000
vt 0.610000 0.985000
vt 0.617490 0.985000
vt 0.617173 1.000000
vt 0.610000 1.000000
vt 0.625000 0.985000
vt 0.625000 1.000000
vt 0.860000 0.735000
vt 0.875000 0.735000
vt 0.875000 0.742173
vt 0.860000 0.750000
vt 0.625000 0.015000
vt 0.625000 0.007827
vt 0.140000 0.735000
vt 0.140000 0.742490
vt 0.132827 0.742173
vt 0.132510 0.735000
vt 0.140000 0.750000
vt 0.132827 0.750000
vt 0.390000 0.985000
vt 0.390000 1.000000
vt 0.375000 0.992173
vt 0.375000 0.985000
vt 0.390000 0.000000
vt 0.390000 0.007510
vt 0.375000 0.007827
vt 0.375000 0.000000
vt 0.390000 0.015000
vt 0.375000 0.015000
vt 0.125000 0.735000
vt 0.125000 0.742173
s 1
usemtl Material
f 1/1/1 4/2/2 6/3/3 5/4/4
f 4/2/2 8/5/5 9/6/6 6/3/3
f 2/7/7 7/8/8 9/6/6 8/5/5
f 7/8/8 11/9/9 12/10/10 9/6/6
f 3/11/11 10/12/12 12/10/10 11/9/9
f 10/12/12 5/4/4 6/3/3 12/10/10
f 6/3/3 9/6/6 12/10/10
f 13/13/13 16/14/14 18/15/15 17/16/16
f 16/14/14 20/17/17 21/18/18 18/15/15
f 14/19/19 19/20/20 21/18/18 20/17/17
f 19/20/20 23/21/21 24/22/22 21/18/18
f 15/23/23 22/24/24 24/22/22 23/21/21
f 22/24/24 17/16/16 18/15/15 24/22/22
f 18/15/15 21/18/18 24/22/22
f 25/25/25 28/26/26 30/27/27 29/28/28
f 28/26/26 32/29/29 33/30/30 30/27/27
f 26/31/31 31/32/32 33/30/30 32/29/29
f 31/32/32 35/33/33 36/34/34 33/30/30
f 27/35/35 34/36/36 36/34/34 35/33/33
f 34/36/36 29/28/28 30/27/27 36/34/34
f 30/27/27 33/30/30 36/34/34
f 37/37/37 40/38/38 42/39/39 41/40/40
f 40/38/38 44/41/41 45/42/42 42/39/39
f 38/43/43 43/44/44 45/42/42 44/41/41
f 43/44/44 47/45/45 48/46/46 45/42/42
f 39/47/47 46/48/48 48/46/46 47/45/45
f 46/48/48 41/40/40 42/39/39 48/46/46
f 42/39/39 45/42/42 48/46/46
f 49/49/49 52/50/50 54/51/51 53/52/52
f 52/50/50 56/53/53 57/54/54 54/51/51
f 50/55/55 55/56/56 57/54/54 56/53/53
f 55/56/56 59/57/57 60/58/58 57/54/54
f 51/59/59 58/60/60 60/61/58 59/62/57
f 58/63/60 53/52/52 54/51/51 60/58/58
f 54/51/51 57/54/54 60/58/58
f 61/64/61 64/65/62 66/66/63 65/67/64
f 64/65/62 68/68/65 69/69/66 66/66/63
f 62/70/67 67/71/68 69/69/66 68/68/65
f 67/72/68 71/73/69 72/74/70 69/75/66
f 63/76/71 70/77/72 72/74/70 71/73/69
f 70/77/72 65/78/64 66/79/63 72/74/70
f 66/79/63 69/75/66 72/74/70
f 73/80/73 76/81/74 78/82/75 77/83/76
f 76/81/74 80/84/77 81/85/78 78/82/75
f 74/86/79 79/87/80 81/88/78 80/89/77
f 79/87/80 83/90/81 84/91/82 81/88/78
f 75/92/83 82/93/84 84/94/82 83/95/81
f 82/96/84 77/83/76 78/82/75 84/97/82
f 78/82/75 81/85/78 84/97/82
f 85/98/85 88/99/86 90/100/87 89/101/88
f 88/99/86 92/102/89 93/103/90 90/100/87
f 86/104/91 91/105/92 93/106/90 92/107/89
f 91/108/92 95/109/93 96/110/94 93/111/90
f 87/112/95 94/113/96 96/110/94 95/109/93
f 94/114/96 89/101/88 90/100/87 96/115/94
f 90/100/87 93/103/90 96/115/94
f 63/76/71 85/98/85 89/101/88 70/77/72
f 70/77/72 89/101/88 94/114/96 65/78/64
f 65/67/64 94/113/96 87/112/95 61/64/61
f 13/13/13 63/76/71 71/73/69 16/14/14
f 16/14/14 71/73/69 67/72/68 20/17/17
f 20/17/17 67/71/68 62/70/67 14/19/19
f 3/11/11 15/23/23 23/21/21 10/12/12
f 10/12/12 23/21/21 19/20/20 5/4/4
f 5/4/4 19/20/20 14/19/19 1/1/1
f 86/104/91 74/86/79 80/89/77 91/105/92
f 91/108/92 80/84/77 76/81/74 95/109/93
f 95/109/93 76/81/74 73/80/73 87/112/95
f 27/35/35 38/43/43 44/41/41 34/36/36
f 34/36/36 44/41/41 40/38/38 29/28/28
f 29/28/28 40/38/38 37/37/37 25/25/25
f 49/49/49 62/70/67 68/68/65 52/50/50
f 52/50/50 68/68/65 64/65/62 56/53/53
f 56/53/53 64/65/62 61/64/61 50/55/55
f 26/31/31 75/92/83 83/95/81 31/32/32
f 31/32/32 83/90/81 79/87/80 35/33/33
f 35/33/33 79/87/80 74/86/79 27/35/35
f 2/7/7 26/31/31 32/29/29 7/8/8
f 7/8/8 32/29/29 28/26/26 11/9/9
f 11/9/9 28/26/26 25/25/25 3/11/11
f 85/98/85 39/47/47 47/45/45 88/99/86
f 88/99/86 47/45/45 43/44/44 92/102/89
f 92/107/89 43/44/44 38/43/43 86/104/91
f 75/92/83 51/59/59 59/62/57 82/93/84
f 82/96/84 59/57/57 55/56/56 77/83/76
f 77/83/76 55/56/56 50/55/55 73/80/73
f 51/59/59 2/7/7 8/5/5 58/60/60
f 58/63/60 8/5/5 4/2/2 53/52/52
f 53/52/52 4/2/2 1/1/1 49/49/49
f 39/47/47 13/13/13 17/16/16 46/48/48
f 46/48/48 17/16/16 22/24/24 41/40/40
f 41/40/40 22/24/24 15/23/23 37/37/37
f 62/70/67 49/49/49 1/1/1 14/19/19
f 15/23/23 3/11/11 25/25/25 37/37/37
f 2/7/7 51/59/59 75/92/83 26/31/31
f 97/1/1 100/2/2 102/3/3 101/4/4
f 100/2/2 104/5/5 105/6/6 102/3/3
f 98/7/7 103/8/8 105/6/6 104/5/5
f 103/8/8 107/9/9 108/10/10 105/6/6
f 99/11/11 106/12/12 108/10/10 107/9/9
f 106/12/12 101/4/4 102/3/3 108/10/10
f 102/3/3 105/6/6 108/10/10
f 109/13/13 112/14/14 114/15/15 113/16/16
f 112/14/14 116/17/17 117/18/18 114/15/15
f 110/19/19 115/20/20 117/18/18 116/17/17
f 115/20/20 119/21/21 120/22/22 117/18/18
f 111/23/23 118/24/24 120/22/22 119/21/21
f 118/24/24 113/16/16 114/15/15 120/22/22
f 114/15/15 117/18/18 120/22/22
f 121/25/25 124/26/26 126/27/27 125/28/28
f 124/26/26 128/29/29 129/30/30 126/27/27
f 122/31/31 127/32/32 129/30/30 128/29/29
f 127/32/32 131/33/33 132/34/34 129/30/30
f 123/35/35 130/36/36 132/34/34 131/33/33
f 130/36/36 125/28/28 126/27/27 132/34/34
f 126/27/27 129/30/30 132/34/34
f 133/37/37 136/38/38 138/39/39 137/40/40
f 136/38/38 140/41/41 141/42/42 138/39/39
f 134/43/43 139/44/44 141/42/42 140/41/41
f 139/44/44 143/45/45 144/46/46 141/42/42
f 135/47/47 142/48/48 144/46/46 143/45/45
f 142/48/48 137/40/40 138/39/39 144/46/46
f 138/39/39 141/42/42 144/46/46
f 145/49/49 148/50/50 150/51/51 149/52/52
f 148/50/50 152/53/53 153/54/54 150/51/51
f 146/55/55 151/56/56 153/54/54 152/53/53
f 151/56/56 155/57/57 156/58/58 153/54/54
f 147/59/59 154/60/60 156/61/58 155/62/57
f 154/63/60 149/52/52 150/51/51 156/58/58
f 150/51/51 153/54/54 156/58/58
f 157/64/61 160/65/62 162/66/63 161/67/64
f 160/65/62 164/68/65 165/69/66 162/66/63
f 158/70/67 163/71/68 165/69/66 164/68/65
f 163/72/68 167/73/69 168/74/70 165/75/66
f 159/76/71 166/77/72 168/74/70 167/73/69
f 166/77/72 161/78/64 162/79/63 168/74/70
f 162/79/63 165/75/66 168/74/70
f 169/80/73 172/81/74 174/82/75 173/83/76
f 172/81/74 176/84/77 177/85/78 174/82/75
f 170/86/79 175/87/80 177/88/78 176/89/77
f 175/87/80 179/90/81 180/91/82 177/88/78
f 171/92/83 178/93/84 180/94/82 179/95/81
f 178/96/84 173/83/76 174/82/75 180/97/82
f 174/82/75 177/85/78 180/97/82
f 181/98/85 184/99/86 186/100/87 185/101/88
f 184/99/86 188/102/89 189/103/90 186/100/87
f 182/104/91 187/105/92 189/106/90 188/107/89
f 187/108/92 191/109/93 192/110/94 189/111/90
f 183/112/95 190/113/96 192/110/94 191/109/93
f 190/114/96 185/101/88 186/100/87 192/115/94
f 186/100/87 189/103/90 192/115/94
f 159/76/71 181/98/85 185/101/88 166/77/72
f 166/77/72 185/101/88 190/114/96 161/78/64
f 161/67/64 190/113/96 183/112/95 157/64/61
f 109/13/13 159/76/71 167/73/69 112/14/14
f 112/14/14 167/73/69 163/72/68 116/17/17
f 116/17/17 163/71/68 158/70/67 110/19/19
f 99/11/11 111/23/23 119/21/21 106/12/12
f 106/12/12 119/21/21 115/20/20 101/4/4
f 101/4/4 115/20/20 110/19/19 97/1/1
f 182/104/91 170/86/79 176/89/77 187/105/92
f 187/108/92 176/84/77 172/81/74 191/109/93
f 191/109/93 172/81/74 169/80/73 183/112/95
f 123/35/35 134/43/43 140/41/41 130/36/36
f 130/36/36 140/41/41 136/38/38 125/28/28
f 125/28/28 136/38/38 133/37/37 121/25/25
f 145/49/49 158/70/67 164/68/65 148/50/50
f 148/50/50 164/68/65 160/65/62 152/53/53
f 152/53/53 160/65/62 157/64/61 146/55/55
f 122/31/31 171/92/83 179/95/81 127/32/32
f 127/32/32 179/90/81 175/87/80 131/33/33
f 131/33/33 175/87/80 170/86/79 123/35/35
f 98/7/7 122/31/31 128/29/29 103/8/8
f 103/8/8 128/29/29 124/26/26 107/9/9
f 107/9/9 124/26/26 121/25/25 99/11/11
f 181/98/85 135/47/47 143/45/45 184/99/86
f 184/99/86 143/45/45 139/44/44 188/102/89
f 188/107/89 139/44/44 134/43/43 182/104/91
f 171/92/83 147/59/59 155/62/57 178/93/84
f 178/96/84 155/57/57 151/56/56 173/83/76
f 173/83/76 151/56/56 146/55/55 169/80/73
f 147/59/59 98/7/7 104/5/5 154/60/60
f 154/63/60 104/5/5 100/2/2 149/52/52
f 149/52/52 100/2/2 97/1/1 145/49/49
f 135/47/47 109/13/13 113/16/16 142/48/48
f 142/48/48 113/16/16 118/24/24 137/40/40
f 137/40/40 118/24/24 111/23/23 133/37/37
f 158/70/67 145/49/49 97/1/1 110/19/19
f 111/23/23 99/11/11 121/25/25 133/37/37
f 98/7/7 147/59/59 171/92/83 122/31/31
f 183/112/95 169/80/73 146/55/55 157/64/61
f 193/1/1 196/2/2 198/3/97 197/4/98
f 196/2/2 200/5/5 201/6/99 198/3/97
f 194/7/7 199/8/8 201/6/99 200/5/5
f 199/8/8 203/9/9 204/10/10 201/6/99
f 195/11/11 202/12/12 204/10/10 203/9/9
f 202/12/12 197/4/98 198/3/97 204/10/10
f 198/3/97 201/6/99 204/10/10
f 205/13/13 208/14/14 210/15/100 209/16/16
f 208/14/14 212/17/17 213/18/101 210/15/100
f 206/19/19 211/20/102 213/18/101 212/17/17
f 211/20/102 215/21/21 216/22/22 213/18/101
f 207/23/23 214/24/24 216/22/22 215/21/21
f 214/24/24 209/16/16 210/15/100 216/22/22
f 210/15/100 213/18/101 216/22/22
f 217/25/25 220/26/26 222/27/27 221/28/28
f 220/26/26 224/29/29 225/30/103 222/27/27
f 218/31/31 223/32/32 225/30/103 224/29/29
f 223/32/32 227/33/33 228/34/104 225/30/103
f 219/35/35 226/36/105 228/34/104 227/33/33
f 226/36/105 221/28/28 222/27/27 228/34/104
f 222/27/27 225/30/103 228/34/104
f 229/37/37 232/38/38 234/39/39 233/40/40
f 232/38/38 236/41/106 237/42/107 234/39/39
f 230/43/43 235/44/44 237/42/107 236/41/106
f 235/44/44 239/45/45 240/46/108 237/42/107
f 231/47/47 238/48/48 240/46/108 239/45/45
f 238/48/48 233/40/40 234/39/39 240/46/108
f 234/39/39 237/42/107 240/46/108
f 241/49/49 244/50/50 246/51/51 245/52/52
f 244/50/50 248/53/53 249/54/54 246/51/51
f 242/55/55 247/56/56 249/54/54 248/53/53
f 247/56/56 251/57/57 252/58/58 249/54/54
f 243/59/59 250/60/60 252/61/58 251/62/57
f 250/63/60 245/52/52 246/51/51 252/58/58
f 246/51/51 249/54/54 252/58/58
f 253/64/61 256/65/62 258/66/63 257/67/64
f 256/65/62 260/68/65 261/69/66 258/66/63
f 254/70/67 259/71/68 261/69/66 260/68/65
f 259/72/68 263/73/69 264/74/70 261/75/66
f 255/76/71 262/77/72 264/74/70 263/73/69
f 262/77/72 257/78/64 258/79/63 264/74/70
f 258/79/63 261/75/66 264/74/70
f 265/80/73 268/81/74 270/82/75 269/83/76
f 268/81/74 272/84/77 273/85/78 270/82/75
f 266/86/79 271/87/80 273/88/78 272/89/77
f 271/87/80 275/90/81 276/91/82 273/88/78
f 267/92/83 274/93/84 276/94/82 275/95/81
f 274/96/84 269/83/76 270/82/75 276/97/82
f 270/82/75 273/85/78 276/97/82
f 277/98/85 280/99/86 282/100/87 281/101/88
f 280/99/86 284/102/89 285/103/90 282/100/87
f 278/104/91 283/105/92 285/106/90 284/107/89
f 283/108/92 287/109/93 288/110/94 285/111/90
f 279/112/95 286/113/96 288/110/94 287/109/93
f 286/114/96 281/101/88 282/100/87 288/115/94
f 282/100/87 285/103/90 288/115/94
f 255/76/71 277/98/85 281/101/88 262/77/72
f 262/77/72 281/101/88 286/114/96 257/78/64
f 257/67/64 286/113/96 279/112/95 253/64/61
f 205/13/13 255/76/71 263/73/69 208/14/14
f 208/14/14 263/73/69 259/72/68 212/17/17
f 212/17/17 259/71/68 254/70/67 206/19/19
f 195/11/11 207/23/23 215/21/21 202/12/12
f 202/12/12 215/21/21 211/20/102 197/4/98
f 197/4/98 211/20/102 206/19/19 193/1/1
f 278/104/91 266/86/79 272/89/77 283/105/92
f 283/108/92 272/84/77 268/81/74 287/109/93
f 287/109/93 268/81/74 265/80/73 279/112/95
f 219/35/35 230/43/43 236/41/106 226/36/105
f 226/36/105 236/41/106 232/38/38 221/28/28
f 221/28/28 232/38/38 229/37/37 217/25/25
f 241/49/49 254/70/67 260/68/65 244/50/50
f 244/50/50 260/68/65 256/65/62 248/53/53
f 248/53/53 256/65/62 253/64/61 242/55/55
f 218/31/31 267/92/83 275/95/81 223/32/32
f 223/32/32 275/90/81 271/87/80 227/33/33
f 227/33/33 271/87/80 266/86/79 219/35/35
f 194/7/7 218/31/31 224/29/29 199/8/8
f 199/8/8 224/29/29 220/26/26 203/9/9
f 203/9/9 220/26/26 217/25/25 195/11/11
f 277/98/85 231/47/47 239/45/45 280/99/86
f 280/99/86 239/45/45 235/44/44 284/102/89
f 284/107/89 235/44/44 230/43/43 278/104/91
f 267/92/83 243/59/59 251/62/57 274/93/84
f 274/96/84 251/57/57 247/56/56 269/83/76
f 269/83/76 247/56/56 242/55/55 265/80/73
f 243/59/59 194/7/7 200/5/5 250/60/60
f 250/63/60 200/5/5 196/2/2 245/52/52
f 245/52/52 196/2/2 193/1/1 241/49/49
f 231/47/47 205/13/13 209/16/16 238/48/48
f 238/48/48 209/16/16 214/24/24 233/40/40
f 233/40/40 214/24/24 207/23/23 229/37/37
f 254/70/67 241/49/49 193/1/1 206/19/19
f 194/7/7 243/59/59 267/92/83 218/31/31
f 279/112/95 265/80/73 242/55/55 253/64/61
f 289/1/1 292/2/2 294/3/3 293/4/4
f 292/2/2 296/5/5 297/6/6 294/3/3
f 290/7/7 295/8/8 297/6/6 296/5/5
f 295/8/8 299/9/9 300/10/10 297/6/6
f 291/11/11 298/12/12 300/10/10 299/9/9
f 298/12/12 293/4/4 294/3/3 300/10/10
f 294/3/3 297/6/6 300/10/10
f 301/13/13 304/14/14 306/15/100 305/16/16
f 304/14/14 308/17/17 309/18/18 306/15/100
f 302/19/19 307/20/20 309/18/18 308/17/17
f 307/20/20 311/21/21 312/22/22 309/18/18
f 303/23/23 310/24/24 312/22/22 311/21/21
f 310/24/24 305/16/16 306/15/100 312/22/22
f 306/15/100 309/18/18 312/22/22
f 313/25/25 316/26/26 318/27/27 317/28/28
f 316/26/26 320/29/29 321/30/30 318/27/27
f 314/31/31 319/32/32 321/30/30 320/29/29
f 319/32/32 323/33/33 324/34/34 321/30/30
f 315/35/35 322/36/36 324/34/34 323/33/33
f 322/36/36 317/28/28 318/27/27 324/34/34
f 318/27/27 321/30/30 324/34/34
f 325/37/37 328/38/38 330/39/39 329/40/40
f 328/38/38 332/41/41 333/42/42 330/39/39
f 326/43/43 331/44/44 333/42/42 332/41/41
f 331/44/44 335/45/45 336/46/46 333/42/42
f 327/47/47 334/48/48 336/46/46 335/45/45
f 334/48/48 329/40/40 330/39/39 336/46/46
f 330/39/39 333/42/42 336/46/46
f 337/49/49 340/50/50 342/51/51 341/52/52
f 340/50/50 344/53/53 345/54/54 342/51/51
f 338/55/55 343/56/56 345/54/54 344/53/53
f 343/56/56 347/57/57 348/58/109 345/54/54
f 339/59/59 346/60/60 348/61/109 347/62/57
f 346/63/60 341/52/52 342/51/51 348/58/109
f 342/51/51 345/54/54 348/58/109
f 349/64/61 352/65/62 354/66/63 353/67/64
f 352/65/62 356/68/65 357/69/66 354/66/63
f 350/70/67 355/71/68 357/69/66 356/68/65
f 355/72/68 359/73/69 360/74/70 357/75/66
f 351/76/71 358/77/72 360/74/70 359/73/69
f 358/77/72 353/78/64 354/79/63 360/74/70
f 354/79/63 357/75/66 360/74/70
f 361/80/73 364/81/74 366/82/75 365/83/76
f 364/81/74 368/84/77 369/85/78 366/82/75
f 362/86/79 367/87/80 369/88/78 368/89/77
f 367/87/80 371/90/81 372/91/82 369/88/78
f 363/92/83 370/93/84 372/94/82 371/95/81
f 370/96/84 365/83/76 366/82/75 372/97/82
f 366/82/75 369/85/78 372/97/82
f 373/98/85 376/99/86 378/100/87 377/101/88
f 376/99/86 380/102/89 381/103/90 378/100/87
f 374/104/91 379/105/92 381/106/90 380/107/89
f 379/108/92 383/109/93 384/110/94 381/111/90
f 375/112/95 382/113/96 384/110/94 383/109/93
f 382/114/96 377/101/88 378/100/87 384/115/94
f 378/100/87 381/103/90 384/115/94
f 351/76/71 373/98/85 377/101/88 358/77/72
f 358/77/72 377/101/88 382/114/96 353/78/64
f 353/67/64 382/113/96 375/112/95 349/64/61
f 301/13/13 351/76/71 359/73/69 304/14/14
f 304/14/14 359/73/69 355/72/68 308/17/17
f 308/17/17 355/71/68 350/70/67 302/19/19
f 291/11/11 303/23/23 311/21/21 298/12/12
f 298/12/12 311/21/21 307/20/20 293/4/4
f 293/4/4 307/20/20 302/19/19 289/1/1
f 374/104/91 362/86/79 368/89/77 379/105/92
f 379/108/92 368/84/77 364/81/74 383/109/93
f 383/109/93 364/81/74 361/80/73 375/112/95
f 315/35/35 326/43/43 332/41/41 322/36/36
f 322/36/36 332/41/41 328/38/38 317/28/28
f 317/28/28 328/38/38 325/37/37 313/25/25
f 337/49/49 350/70/67 356/68/65 340/50/50
f 340/50/50 356/68/65 352/65/62 344/53/53
f 344/53/53 352/65/62 349/64/61 338/55/55
f 314/31/31 363/92/83 371/95/81 319/32/32
f 319/32/32 371/90/81 367/87/80 323/33/33
f 323/33/33 367/87/80 362/86/79 315/35/35
f 290/7/7 314/31/31 320/29/29 295/8/8
f 295/8/8 320/29/29 316/26/26 299/9/9
f 299/9/9 316/26/26 313/25/25 291/11/11
f 373/98/85 327/47/47 335/45/45 376/99/86
f 376/99/86 335/45/45 331/44/44 380/102/89
f 380/107/89 331/44/44 326/43/43 374/104/91
f 363/92/83 339/59/59 347/62/57 370/93/84
f 370/96/84 347/57/57 343/56/56 365/83/76
f 365/83/76 343/56/56 338/55/55 361/80/73
f 339/59/59 290/7/7 296/5/5 346/60/60
f 346/63/60 296/5/5 292/2/2 341/52/52
f 341/52/52 292/2/2 289/1/1 337/49/49
f 327/47/47 301/13/13 305/16/16 334/48/48
f 334/48/48 305/16/16 310/24/24 329/40/40
f 329/40/40 310/24/24 303/23/23 325/37/37
f 350/70/67 337/49/49 289/1/1 302/19/19
f 303/23/23 291/11/11 313/25/25 325/37/37
f 290/7/7 339/59/59 363/92/83 314/31/31
f 326/43/43 315/35/35 362/86/79 374/104/91
f 385/1/1 388/2/2 390/3/3 389/4/4
f 388/2/2 392/5/5 393/6/6 390/3/3
f 386/7/7 391/8/8 393/6/6 392/5/5
f 391/8/8 395/9/9 396/10/10 393/6/6
f 387/11/11 394/12/12 396/10/10 395/9/9
f 394/12/12 389/4/4 390/3/3 396/10/10
f 390/3/3 393/6/6 396/10/10
f 397/13/13 400/14/14 402/15/15 401/16/16
f 400/14/14 404/17/17 405/18/18 402/15/15
f 398/19/19 403/20/20 405/18/18 404/17/17
f 403/20/20 407/21/21 408/22/22 405/18/18
f 399/23/23 406/24/24 408/22/22 407/21/21
f 406/24/24 401/16/16 402/15/15 408/22/22
f 402/15/15 405/18/18 408/22/22
f 409/25/25 412/26/26 414/27/27 413/28/28
f 412/26/26 416/29/29 417/30/30 414/27/27
f 410/31/31 415/32/32 417/30/30 416/29/29
f 415/32/32 419/33/33 420/34/34 417/30/30
f 411/35/35 418/36/36 420/34/34 419/33/33
f 418/36/36 413/28/28 414/27/27 420/34/34
f 414/27/27 417/30/30 420/34/34
f 421/37/37 424/38/38 426/39/39 425/40/40
f 424/38/38 428/41/41 429/42/42 426/39/39
f 422/43/43 427/44/44 429/42/42 428/41/41
f 427/44/44 431/45/45 432/46/46 429/42/42
f 423/47/47 430/48/48 432/46/46 431/45/45
f 430/48/48 425/40/40 426/39/39 432/46/46
f 426/39/39 429/42/42 432/46/46
f 433/49/49 436/50/50 438/51/51 437/52/52
f 436/50/50 440/53/53 441/54/110 438/51/51
f 434/55/55 439/56/56 441/54/110 440/53/53
f 439/56/56 443/57/57 444/58/58 441/54/110
f 435/59/59 442/60/60 444/61/58 443/62/57
f 442/63/60 437/52/52 438/51/51 444/58/58
f 438/51/51 441/54/110 444/58/58
f 445/64/61 448/65/62 450/66/111 449/67/64
f 448/65/62 452/68/65 453/69/66 450/66/111
f 446/70/67 451/71/68 453/69/66 452/68/65
f 451/72/68 455/73/69 456/74/70 453/75/66
f 447/76/71 454/77/72 456/74/70 455/73/69
f 454/77/72 449/78/64 450/79/111 456/74/70
f 450/79/111 453/75/66 456/74/70
f 457/80/73 460/81/74 462/82/75 461/83/76
f 460/81/74 464/84/77 465/85/78 462/82/75
f 458/86/79 463/87/80 465/88/78 464/89/77
f 463/87/80 467/90/81 468/91/82 465/88/78
f 459/92/83 466/93/84 468/94/82 467/95/81
f 466/96/84 461/83/76 462/82/75 468/97/82
f 462/82/75 465/85/78 468/97/82
f 469/98/85 472/99/86 474/100/87 473/101/88
f 472/99/86 476/102/89 477/103/90 474/100/87
f 470/104/91 475/105/92 477/106/90 476/107/89
f 475/108/92 479/109/93 480/110/94 477/111/90
f 471/112/95 478/113/96 480/110/94 479/109/93
f 478/114/96 473/101/88 474/100/87 480/115/94
f 474/100/87 477/103/90 480/115/94
f 447/76/71 469/98/85 473/101/88 454/77/72
f 454/77/72 473/101/88 478/114/96 449/78/64
f 449/67/64 478/113/96 471/112/95 445/64/61
f 397/13/13 447/76/71 455/73/69 400/14/14
f 400/14/14 455/73/69 451/72/68 404/17/17
f 404/17/17 451/71/68 446/70/67 398/19/19
f 387/11/11 399/23/23 407/21/21 394/12/12
f 394/12/12 407/21/21 403/20/20 389/4/4
f 389/4/4 403/20/20 398/19/19 385/1/1
f 470/104/91 458/86/79 464/89/77 475/105/92
f 475/108/92 464/84/77 460/81/74 479/109/93
f 479/109/93 460/81/74 457/80/73 471/112/95
f 411/35/35 422/43/43 428/41/41 418/36/36
f 418/36/36 428/41/41 424/38/38 413/28/28
f 413/28/28 424/38/38 421/37/37 409/25/25
f 433/49/49 446/70/67 452/68/65 436/50/50
f 436/50/50 452/68/65 448/65/62 440/53/53
f 440/53/53 448/65/62 445/64/61 434/55/55
f 410/31/31 459/92/83 467/95/81 415/32/32
f 415/32/32 467/90/81 463/87/80 419/33/33
f 419/33/33 463/87/80 458/86/79 411/35/35
f 386/7/7 410/31/31 416/29/29 391/8/8
f 391/8/8 416/29/29 412/26/26 395/9/9
f 395/9/9 412/26/26 409/25/25 387/11/11
f 469/98/85 423/47/47 431/45/45 472/99/86
f 472/99/86 431/45/45 427/44/44 476/102/89
f 476/107/89 427/44/44 422/43/43 470/104/91
f 459/92/83 435/59/59 443/62/57 466/93/84
f 466/96/84 443/57/57 439/56/56 461/83/76
f 461/83/76 439/56/56 434/55/55 457/80/73
f 435/59/59 386/7/7 392/5/5 442/60/60
f 442/63/60 392/5/5 388/2/2 437/52/52
f 437/52/52 388/2/2 385/1/1 433/49/49
f 423/47/47 397/13/13 401/16/16 430/48/48
f 430/48/48 401/16/16 406/24/24 425/40/40
f 425/40/40 406/24/24 399/23/23 421/37/37
f 446/70/67 433/49/49 385/1/1 398/19/19
f 399/23/23 387/11/11 409/25/25 421/37/37
f 386/7/7 435/59/59 459/92/83 410/31/31
f 422/43/43 411/35/35 458/86/79 470/104/91
f 471/112/95 457/80/73 434/55/55 445/64/61
f 481/1/1 484/2/2 486/3/112 485/4/4
f 484/2/2 488/5/5 489/6/99 486/3/112
f 482/7/7 487/8/8 489/6/99 488/5/5
f 487/8/8 491/9/9 492/10/10 489/6/99
f 483/11/11 490/12/12 492/10/10 491/9/9
f 490/12/12 485/4/4 486/3/112 492/10/10
f 486/3/112 489/6/99 492/10/10
f 493/13/13 496/14/14 498/15/100 497/16/16
f 496/14/14 500/17/17 501/18/101 498/15/100
f 494/19/19 499/20/20 501/18/101 500/17/17
f 499/20/20 503/21/21 504/22/22 501/18/101
f 495/23/23 502/24/24 504/22/22 503/21/21
f 502/24/24 497/16/16 498/15/100 504/22/22
f 498/15/100 501/18/101 504/22/22
f 505/25/25 508/26/26 510/27/27 509/28/28
f 508/26/26 512/29/29 513/30/103 510/27/27
f 506/31/31 511/32/32 513/30/103 512/29/29
f 511/32/32 515/33/33 516/34/104 513/30/103
f 507/35/35 514/36/105 516/34/104 515/33/33
f 514/36/105 509/28/28 510/27/27 516/34/104
f 510/27/27 513/30/103 516/34/104
f 517/37/37 520/38/38 522/39/39 521/40/40
f 520/38/38 524/41/106 525/42/113 522/39/39
f 518/43/43 523/44/44 525/42/113 524/41/106
f 523/44/44 527/45/45 528/46/108 525/42/113
f 519/47/47 526/48/48 528/46/108 527/45/45
f 526/48/48 521/40/40 522/39/39 528/46/108
f 522/39/39 525/42/113 528/46/108
f 529/49/49 532/50/50 534/51/51 533/52/52
f 532/50/50 536/53/53 537/54/54 534/51/51
f 530/55/55 535/56/56 537/54/54 536/53/53
f 535/56/56 539/57/57 540/58/58 537/54/54
f 531/59/59 538/60/60 540/61/58 539/62/57
f 538/63/60 533/52/52 534/51/51 540/58/58
f 534/51/51 537/54/54 540/58/58
f 541/64/61 544/65/62 546/66/63 545/67/64
f 544/65/62 548/68/65 549/69/66 546/66/63
f 542/70/67 547/71/68 549/69/66 548/68/65
f 547/72/68 551/73/69 552/74/70 549/75/66
f 543/76/71 550/77/72 552/74/70 551/73/69
f 550/77/72 545/78/64 546/79/63 552/74/70
f 546/79/63 549/75/66 552/74/70
f 553/80/73 556/81/74 558/82/75 557/83/76
f 556/81/74 560/84/77 561/85/78 558/82/75
f 554/86/79 559/87/80 561/88/78 560/89/77
f 559/87/80 563/90/81 564/91/82 561/88/78
f 555/92/83 562/93/84 564/94/82 563/95/81
f 562/96/84 557/83/76 558/82/75 564/97/82
f 558/82/75 561/85/78 564/97/82
f 565/98/85 568/99/86 570/100/87 569/101/88
f 568/99/86 572/102/89 573/103/90 570/100/87
f 566/104/91 571/105/92 573/106/90 572/107/89
f 571/108/92 575/109/93 576/110/94 573/111/90
f 567/112/95 574/113/96 576/110/94 575/109/93
f 574/114/96 569/101/88 570/100/87 576/115/94
f 570/100/87 573/103/90 576/115/94
f 543/76/71 565/98/85 569/101/88 550/77/72
f 550/77/72 569/101/88 574/114/96 545/78/64
f 545/67/64 574/113/96 567/112/95 541/64/61
f 493/13/13 543/76/71 551/73/69 496/14/14
f 496/14/14 551/73/69 547/72/68 500/17/17
f 500/17/17 547/71/68 542/70/67 494/19/19
f 483/11/11 495/23/23 503/21/21 490/12/12
f 490/12/12 503/21/21 499/20/20 485/4/4
f 485/4/4 499/20/20 494/19/19 481/1/1
f 566/104/91 554/86/79 560/89/77 571/105/92
f 571/108/92 560/84/77 556/81/74 575/109/93
f 575/109/93 556/81/74 553/80/73 567/112/95
f 507/35/35 518/43/43 524/41/106 514/36/105
f 514/36/105 524/41/106 520/38/38 509/28/28
f 509/28/28 520/38/38 517/37/37 505/25/25
f 529/49/49 542/70/67 548/68/65 532/50/50
f 532/50/50 548/68/65 544/65/62 536/53/53
f 536/53/53 544/65/62 541/64/61 530/55/55
f 506/31/31 555/92/83 563/95/81 511/32/32
f 511/32/32 563/90/81 559/87/80 515/33/33
f 515/33/33 559/87/80 554/86/79 507/35/35
f 482/7/7 506/31/31 512/29/29 487/8/8
f 487/8/8 512/29/29 508/26/26 491/9/9
f 491/9/9 508/26/26 505/25/25 483/11/11
f 565/98/85 519/47/47 527/45/45 568/99/86
f 568/99/86 527/45/45 523/44/44 572/102/89
f 572/107/89 523/44/44 518/43/43 566/104/91
f 555/92/83 531/59/59 539/62/57 562/93/84
f 562/96/84 539/57/57 535/56/56 557/83/76
f 557/83/76 535/56/56 530/55/55 553/80/73
f 531/59/59 482/7/7 488/5/5 538/60/60
f 538/63/60 488/5/5 484/2/2 533/52/52
f 533/52/52 484/2/2 481/1/1 529/49/49
f 519/47/47 493/13/13 497/16/16 526/48/48
f 526/48/48 497/16/16 502/24/24 521/40/40
f 521/40/40 502/24/24 495/23/23 517/37/37
f 542/70/67 529/49/49 481/1/1 494/19/19
f 482/7/7 531/59/59 555/92/83 506/31/31
f 518/43/43 507/35/35 554/86/79 566/104/91
f 567/112/95 553/80/73 530/55/55 541/64/61
f 577/1/1 580/2/2 582/3/3 581/4/4
f 580/2/2 584/5/5 585/6/114 582/3/3
f 578/7/7 583/8/8 585/6/114 584/5/5
f 583/8/8 587/9/9 588/10/115 585/6/114
f 579/11/11 586/12/12 588/10/115 587/9/9
f 586/12/12 581/4/4 582/3/3 588/10/115
f 582/3/3 585/6/114 588/10/115
f 589/13/13 592/14/14 594/15/116 593/16/16
f 592/14/14 596/17/17 597/18/117 594/15/116
f 590/19/19 595/20/20 597/18/117 596/17/17
f 595/20/20 599/21/21 600/22/118 597/18/117
f 591/23/23 598/24/24 600/22/118 599/21/21
f 598/24/24 593/16/16 594/15/116 600/22/118
f 594/15/116 597/18/117 600/22/118
f 601/25/25 604/26/26 606/27/27 605/28/28
f 604/26/26 608/29/29 609/30/103 606/27/27
f 602/31/31 607/32/32 609/30/103 608/29/29
f 607/32/32 611/33/33 612/34/34 609/30/103
f 603/35/35 610/36/36 612/34/34 611/33/33
f 610/36/36 605/28/28 606/27/27 612/34/34
f 606/27/27 609/30/103 612/34/34
f 613/37/37 616/38/38 618/39/39 617/40/40
f 616/38/38 620/41/41 621/42/42 618/39/39
f 614/43/43 619/44/44 621/42/42 620/41/41
f 619/44/44 623/45/45 624/46/46 621/42/42
f 615/47/47 622/48/48 624/46/46 623/45/45
f 622/48/48 617/40/40 618/39/39 624/46/46
f 618/39/39 621/42/42 624/46/46
f 625/49/49 628/50/50 630/51/119 629/52/52
f 628/50/50 632/53/53 633/54/120 630/51/119
f 626/55/55 631/56/56 633/54/120 632/53/53
f 631/56/56 635/57/57 636/58/121 633/54/120
f 627/59/59 634/60/60 636/61/121 635/62/57
f 634/63/60 629/52/52 630/51/119 636/58/121
f 630/51/119 633/54/120 636/58/121
f 637/64/61 640/65/62 642/66/122 641/67/64
f 640/65/62 644/68/65 645/69/66 642/66/122
f 638/70/67 643/71/68 645/69/66 644/68/65
f 643/72/68 647/73/69 648/74/123 645/75/66
f 639/76/71 646/77/72 648/74/123 647/73/69
f 646/77/72 641/78/64 642/79/122 648/74/123
f 642/79/122 645/75/66 648/74/123
f 649/80/73 652/81/74 654/82/75 653/83/76
f 652/81/74 656/84/77 657/85/78 654/82/75
f 650/86/79 655/87/80 657/88/78 656/89/77
f 655/87/80 659/90/81 660/91/82 657/88/78
f 651/92/83 658/93/84 660/94/82 659/95/81
f 658/96/84 653/83/76 654/82/75 660/97/82
f 654/82/75 657/85/78 660/97/82
f 661/98/85 664/99/86 666/100/124 665/101/88
f 664/99/86 668/102/89 669/103/90 666/100/124
f 662/104/91 667/105/92 669/106/90 668/107/89
f 667/108/92 671/109/93 672/110/94 669/111/90
f 663/112/95 670/113/96 672/110/94 671/109/93
f 670/114/96 665/101/88 666/100/124 672/115/94
f 666/100/124 669/103/90 672/115/94
f 639/76/71 661/98/85 665/101/88 646/77/72
f 646/77/72 665/101/88 670/114/96 641/78/64
f 641/67/64 670/113/96 663/112/95 637/64/61
f 589/13/13 639/76/71 647/73/69 592/14/14
f 592/14/14 647/73/69 643/72/68 596/17/17
f 596/17/17 643/71/68 638/70/67 590/19/19
f 579/11/11 591/23/23 599/21/21 586/12/12
f 586/12/12 599/21/21 595/20/20 581/4/4
f 581/4/4 595/20/20 590/19/19 577/1/1
f 662/104/91 650/86/79 656/89/77 667/105/92
f 667/108/92 656/84/77 652/81/74 671/109/93
f 671/109/93 652/81/74 649/80/73 663/112/95
f 603/35/35 614/43/43 620/41/41 610/36/36
f 610/36/36 620/41/41 616/38/38 605/28/28
f 605/28/28 616/38/38 613/37/37 601/25/25
f 625/49/49 638/70/67 644/68/65 628/50/50
f 628/50/50 644/68/65 640/65/62 632/53/53
f 632/53/53 640/65/62 637/64/61 626/55/55
f 602/31/31 651/92/83 659/95/81 607/32/32
f 607/32/32 659/90/81 655/87/80 611/33/33
f 611/33/33 655/87/80 650/86/79 603/35/35
f 578/7/7 602/31/31 608/29/29 583/8/8
f 583/8/8 608/29/29 604/26/26 587/9/9
f 587/9/9 604/26/26 601/25/25 579/11/11
f 661/98/85 615/47/47 623/45/45 664/99/86
f 664/99/86 623/45/45 619/44/44 668/102/89
f 668/107/89 619/44/44 614/43/43 662/104/91
f 651/92/83 627/59/59 635/62/57 658/93/84
f 658/96/84 635/57/57 631/56/56 653/83/76
f 653/83/76 631/56/56 626/55/55 649/80/73
f 627/59/59 578/7/7 584/5/5 634/60/60
f 634/63/60 584/5/5 580/2/2 629/52/52
f 629/52/52 580/2/2 577/1/1 625/49/49
f 615/47/47 589/13/13 593/16/16 622/48/48
f 622/48/48 593/16/16 598/24/24 617/40/40
f 617/40/40 598/24/24 591/23/23 613/37/37
f 591/23/23 579/11/11 601/25/25 613/37/37
f 578/7/7 627/59/59 651/92/83 602/31/31
f 614/43/43 603/35/35 650/86/79 662/104/91
f 673/1/1 676/2/2 678/3/3 677/4/4
f 676/2/2 680/5/5 681/6/114 678/3/3
f 674/7/7 679/8/8 681/6/114 680/5/5
f 679/8/8 683/9/9 684/10/115 681/6/114
f 675/11/11 682/12/12 684/10/115 683/9/9
f 682/12/12 677/4/4 678/3/3 684/10/115
f 678/3/3 681/6/114 684/10/115
f 685/13/13 688/14/14 690/15/116 689/16/16
f 688/14/14 692/17/17 693/18/18 690/15/116
f 686/19/19 691/20/20 693/18/18 692/17/17
f 691/20/20 695/21/125 696/22/118 693/18/18
f 687/23/23 694/24/24 696/22/118 695/21/125
f 694/24/24 689/16/16 690/15/116 696/22/118
f 690/15/116 693/18/18 696/22/118
f 697/25/25 700/26/26 702/27/27 701/28/28
f 700/26/26 704/29/29 705/30/30 702/27/27
f 698/31/31 703/32/32 705/30/30 704/29/29
f 703/32/32 707/33/33 708/34/34 705/30/30
f 699/35/35 706/36/36 708/34/34 707/33/33
f 706/36/36 701/28/28 702/27/27 708/34/34
f 702/27/27 705/30/30 708/34/34
f 709/37/37 712/38/38 714/39/39 713/40/40
f 712/38/38 716/41/41 717/42/42 714/39/39
f 710/43/43 715/44/44 717/42/42 716/41/41
f 715/44/44 719/45/45 720/46/46 717/42/42
f 711/47/47 718/48/48 720/46/46 719/45/45
f 718/48/48 713/40/40 714/39/39 720/46/46
f 714/39/39 717/42/42 720/46/46
f 721/49/49 724/50/50 726/51/119 725/52/52
f 724/50/50 728/53/53 729/54/120 726/51/119
f 722/55/55 727/56/56 729/54/120 728/53/53
f 727/56/56 731/57/57 732/58/121 729/54/120
f 723/59/59 730/60/60 732/61/121 731/62/57
f 730/63/60 725/52/52 726/51/119 732/58/121
f 726/51/119 729/54/120 732/58/121
f 733/64/61 736/65/62 738/66/122 737/67/64
f 736/65/62 740/68/65 741/69/66 738/66/122
f 734/70/67 739/71/68 741/69/66 740/68/65
f 739/72/68 743/73/69 744/74/123 741/75/66
f 735/76/71 742/77/72 744/74/123 743/73/69
f 742/77/72 737/78/64 738/79/122 744/74/123
f 738/79/122 741/75/66 744/74/123
f 745/80/73 748/81/74 750/82/126 749/83/76
f 748/81/74 752/84/77 753/85/78 750/82/126
f 746/86/79 751/87/80 753/88/78 752/89/77
f 751/87/80 755/90/81 756/91/82 753/88/78
f 747/92/83 754/93/84 756/94/82 755/95/81
f 754/96/84 749/83/76 750/82/126 756/97/82
f 750/82/126 753/85/78 756/97/82
f 757/98/85 760/99/86 762/100/87 761/101/88
f 760/99/86 764/102/89 765/103/90 762/100/87
f 758/104/91 763/105/92 765/106/90 764/107/89
f 763/108/92 767/109/93 768/110/127 765/111/90
f 759/112/95 766/113/96 768/110/127 767/109/93
f 766/114/96 761/101/88 762/100/87 768/115/127
f 762/100/87 765/103/90 768/115/127
f 735/76/71 757/98/85 761/101/88 742/77/72
f 742/77/72 761/101/88 766/114/96 737/78/64
f 737/67/64 766/113/96 759/112/95 733/64/61
f 685/13/13 735/76/71 743/73/69 688/14/14
f 688/14/14 743/73/69 739/72/68 692/17/17
f 692/17/17 739/71/68 734/70/67 686/19/19
f 675/11/11 687/23/23 695/21/125 682/12/12
f 682/12/12 695/21/125 691/20/20 677/4/4
f 677/4/4 691/20/20 686/19/19 673/1/1
f 758/104/91 746/86/79 752/89/77 763/105/92
f 763/108/92 752/84/77 748/81/74 767/109/93
f 767/109/93 748/81/74 745/80/73 759/112/95
f 699/35/35 710/43/43 716/41/41 706/36/36
f 706/36/36 716/41/41 712/38/38 701/28/28
f 701/28/28 712/38/38 709/37/37 697/25/25
f 721/49/49 734/70/67 740/68/65 724/50/50
f 724/50/50 740/68/65 736/65/62 728/53/53
f 728/53/53 736/65/62 733/64/61 722/55/55
f 698/31/31 747/92/83 755/95/81 703/32/32
f 703/32/32 755/90/81 751/87/80 707/33/33
f 707/33/33 751/87/80 746/86/79 699/35/35
f 674/7/7 698/31/31 704/29/29 679/8/8
f 679/8/8 704/29/29 700/26/26 683/9/9
f 683/9/9 700/26/26 697/25/25 675/11/11
f 757/98/85 711/47/47 719/45/45 760/99/86
f 760/99/86 719/45/45 715/44/44 764/102/89
f 764/107/89 715/44/44 710/43/43 758/104/91
f 747/92/83 723/59/59 731/62/57 754/93/84
f 754/96/84 731/57/57 727/56/56 749/83/76
f 749/83/76 727/56/56 722/55/55 745/80/73
f 723/59/59 674/7/7 680/5/5 730/60/60
f 730/63/60 680/5/5 676/2/2 725/52/52
f 725/52/52 676/2/2 673/1/1 721/49/49
f 711/47/47 685/13/13 689/16/16 718/48/48
f 718/48/48 689/16/16 694/24/24 713/40/40
f 713/40/40 694/24/24 687/23/23 709/37/37
f 687/23/23 675/11/11 697/25/25 709/37/37
f 674/7/7 723/59/59 747/92/83 698/31/31
f 710/43/43 699/35/35 746/86/79 758/104/91
f 759/112/95 745/80/73 722/55/55 733/64/61
f 769/1/1 772/2/2 774/3/97 773/4/4
f 772/2/2 776/5/5 777/6/99 774/3/97
f 770/7/7 775/8/8 777/6/99 776/5/5
f 775/8/8 779/9/9 780/10/10 777/6/99
f 771/11/11 778/12/12 780/10/10 779/9/9
f 778/12/12 773/4/4 774/3/97 780/10/10
f 774/3/97 777/6/99 780/10/10
f 781/13/13 784/14/14 786/15/100 785/16/16
f 784/14/14 788/17/17 789/18/101 786/15/100
f 782/19/19 787/20/20 789/18/101 788/17/17
f 787/20/20 791/21/21 792/22/22 789/18/101
f 783/23/23 790/24/24 792/22/22 791/21/21
f 790/24/24 785/16/16 786/15/100 792/22/22
f 786/15/100 789/18/101 792/22/22
f 793/25/25 796/26/26 798/27/27 797/28/28
f 796/26/26 800/29/29 801/30/103 798/27/27
f 794/31/31 799/32/32 801/30/103 800/29/29
f 799/32/32 803/33/33 804/34/104 801/30/103
f 795/35/35 802/36/36 804/34/104 803/33/33
f 802/36/36 797/28/28 798/27/27 804/34/104
f 798/27/27 801/30/103 804/34/104
f 805/37/37 808/38/38 810/39/39 809/40/40
f 808/38/38 812/41/41 813/42/113 810/39/39
f 806/43/43 811/44/44 813/42/113 812/41/41
f 811/44/44 815/45/45 816/46/108 813/42/113
f 807/47/47 814/48/48 816/46/108 815/45/45
f 814/48/48 809/40/40 810/39/39 816/46/108
f 810/39/39 813/42/113 816/46/108
f 817/49/49 820/50/50 822/51/51 821/52/52
f 820/50/50 824/53/53 825/54/120 822/51/51
f 818/55/55 823/56/56 825/54/120 824/53/53
f 823/56/56 827/57/57 828/58/121 825/54/120
f 819/59/59 826/60/60 828/61/121 827/62/57
f 826/63/60 821/52/52 822/51/51 828/58/121
f 822/51/51 825/54/120 828/58/121
f 829/64/61 832/65/62 834/66/122 833/67/64
f 832/65/62 836/68/65 837/69/66 834/66/122
f 830/70/67 835/71/68 837/69/66 836/68/65
f 835/72/68 839/73/69 840/74/123 837/75/66
f 831/76/71 838/77/72 840/74/123 839/73/69
f 838/77/72 833/78/64 834/79/122 840/74/123
f 834/79/122 837/75/66 840/74/123
f 841/80/73 844/81/74 846/82/75 845/83/76
f 844/81/74 848/84/77 849/85/78 846/82/75
f 842/86/79 847/87/80 849/88/78 848/89/77
f 847/87/80 851/90/81 852/91/82 849/88/78
f 843/92/83 850/93/84 852/94/82 851/95/81
f 850/96/84 845/83/76 846/82/75 852/97/82
f 846/82/75 849/85/78 852/97/82
f 853/98/85 856/99/86 858/100/87 857/101/88
f 856/99/86 860/102/89 861/103/90 858/100/87
f 854/104/91 859/105/92 861/106/90 860/107/89
f 859/108/92 863/109/93 864/110/94 861/111/90
f 855/112/95 862/113/96 864/110/94 863/109/93
f 862/114/96 857/101/88 858/100/87 864/115/94
f 858/100/87 861/103/90 864/115/94
f 831/76/71 853/98/85 857/101/88 838/77/72
f 838/77/72 857/101/88 862/114/96 833/78/64
f 833/67/64 862/113/96 855/112/95 829/64/61
f 781/13/13 831/76/71 839/73/69 784/14/14
f 784/14/14 839/73/69 835/72/68 788/17/17
f 788/17/17 835/71/68 830/70/67 782/19/19
f 771/11/11 783/23/23 791/21/21 778/12/12
f 778/12/12 791/21/21 787/20/20 773/4/4
f 773/4/4 787/20/20 782/19/19 769/1/1
f 854/104/91 842/86/79 848/89/77 859/105/92
f 859/108/92 848/84/77 844/81/74 863/109/93
f 863/109/93 844/81/74 841/80/73 855/112/95
f 795/35/35 806/43/43 812/41/41 802/36/36
f 802/36/36 812/41/41 808/38/38 797/28/28
f 797/28/28 808/38/38 805/37/37 793/25/25
f 817/49/49 830/70/67 836/68/65 820/50/50
f 820/50/50 836/68/65 832/65/62 824/53/53
f 824/53/53 832/65/62 829/64/61 818/55/55
f 794/31/31 843/92/83 851/95/81 799/32/32
f 799/32/32 851/90/81 847/87/80 803/33/33
f 803/33/33 847/87/80 842/86/79 795/35/35
f 770/7/7 794/31/31 800/29/29 775/8/8
f 775/8/8 800/29/29 796/26/26 779/9/9
f 779/9/9 796/26/26 793/25/25 771/11/11
f 853/98/85 807/47/47 815/45/45 856/99/86
f 856/99/86 815/45/45 811/44/44 860/102/89
f 860/107/89 811/44/44 806/43/43 854/104/91
f 843/92/83 819/59/59 827/62/57 850/93/84
f 850/96/84 827/57/57 823/56/56 845/83/76
f 845/83/76 823/56/56 818/55/55 841/80/73
f 819/59/59 770/7/7 776/5/5 826/60/60
f 826/63/60 776/5/5 772/2/2 821/52/52
f 821/52/52 772/2/2 769/1/1 817/49/49
f 807/47/47 781/13/13 785/16/16 814/48/48
f 814/48/48 785/16/16 790/24/24 809/40/40
f 809/40/40 790/24/24 783/23/23 805/37/37
f 770/7/7 819/59/59 843/92/83 794/31/31
f 806/43/43 795/35/35 842/86/79 854/104/91
f 855/112/95 841/80/73 818/55/55 829/64/61
f 865/1/1 868/2/2 870/3/3 869/4/4
f 868/2/2 872/5/5 873/6/6 870/3/3
f 866/7/7 871/8/8 873/6/6 872/5/5
f 871/8/8 875/9/9 876/10/10 873/6/6
f 867/11/11 874/12/12 876/10/10 875/9/9
f 874/12/12 869/4/4 870/3/3 876/10/10
f 870/3/3 873/6/6 876/10/10
f 877/13/13 880/14/14 882/15/15 881/16/16
f 880/14/14 884/17/17 885/18/18 882/15/15
f 878/19/19 883/20/20 885/18/18 884/17/17
f 883/20/20 887/21/21 888/22/22 885/18/18
f 879/23/23 886/24/24 888/22/22 887/21/21
f 886/24/24 881/16/16 882/15/15 888/22/22
f 882/15/15 885/18/18 888/22/22
f 889/25/25 892/26/26 894/27/128 893/28/28
f 892/26/26 896/29/29 897/30/30 894/27/128
f 890/31/31 895/32/32 897/30/30 896/29/29
f 895/32/32 899/33/33 900/34/34 897/30/30
f 891/35/35 898/36/36 900/34/34 899/33/33
f 898/36/36 893/28/28 894/27/128 900/34/34
f 894/27/128 897/30/30 900/34/34
f 901/37/37 904/38/38 906/39/39 905/40/40
f 904/38/38 908/41/41 909/42/42 906/39/39
f 902/43/43 907/44/44 909/42/42 908/41/41
f 907/44/44 911/45/45 912/46/46 909/42/42
f 903/47/47 910/48/48 912/46/46 911/45/45
f 910/48/48 905/40/40 906/39/39 912/46/46
f 906/39/39 909/42/42 912/46/46
f 913/49/49 916/50/50 918/51/51 917/52/52
f 916/50/50 920/53/53 921/54/120 918/51/51
f 914/55/55 919/56/56 921/54/120 920/53/53
f 919/56/56 923/57/57 924/58/58 921/54/120
f 915/59/59 922/60/60 924/61/58 923/62/57
f 922/63/60 917/52/52 918/51/51 924/58/58
f 918/51/51 921/54/120 924/58/58
f 925/64/61 928/65/62 930/66/63 929/67/64
f 928/65/62 932/68/65 933/69/66 930/66/63
f 926/70/67 931/71/68 933/69/66 932/68/65
f 931/72/68 935/73/69 936/74/70 933/75/66
f 927/76/71 934/77/72 936/74/70 935/73/69
f 934/77/72 929/78/64 930/79/63 936/74/70
f 930/79/63 933/75/66 936/74/70
f 937/80/73 940/81/74 942/82/75 941/83/76
f 940/81/74 944/84/77 945/85/78 942/82/75
f 938/86/79 943/87/80 945/88/78 944/89/77
f 943/87/80 947/90/81 948/91/82 945/88/78
f 939/92/83 946/93/84 948/94/82 947/95/81
f 946/96/84 941/83/76 942/82/75 948/97/82
f 942/82/75 945/85/78 948/97/82
f 949/98/85 952/99/86 954/100/87 953/101/88
f 952/99/86 956/102/89 957/103/90 954/100/87
f 950/104/91 955/105/92 957/106/90 956/107/89
f 955/108/92 959/109/93 960/110/94 957/111/90
f 951/112/95 958/113/96 960/110/94 959/109/93
f 958/114/96 953/101/88 954/100/87 960/115/94
f 954/100/87 957/103/90 960/115/94
f 927/76/71 949/98/85 953/101/88 934/77/72
f 934/77/72 953/101/88 958/114/96 929/78/64
f 929/67/64 958/113/96 951/112/95 925/64/61
f 877/13/13 927/76/71 935/73/69 880/14/14
f 880/14/14 935/73/69 931/72/68 884/17/17
f 884/17/17 931/71/68 926/70/67 878/19/19
f 867/11/11 879/23/23 887/21/21 874/12/12
f 874/12/12 887/21/21 883/20/20 869/4/4
f 869/4/4 883/20/20 878/19/19 865/1/1
f 950/104/91 938/86/79 944/89/77 955/105/92
f 955/108/92 944/84/77 940/81/74 959/109/93
f 959/109/93 940/81/74 937/80/73 951/112/95
f 891/35/35 902/43/43 908/41/41 898/36/36
f 898/36/36 908/41/41 904/38/38 893/28/28
f 893/28/28 904/38/38 901/37/37 889/25/25
f 913/49/49 926/70/67 932/68/65 916/50/50
f 916/50/50 932/68/65 928/65/62 920/53/53
f 920/53/53 928/65/62 925/64/61 914/55/55
f 890/31/31 939/92/83 947/95/81 895/32/32
f 895/32/32 947/90/81 943/87/80 899/33/33
f 899/33/33 943/87/80 938/86/79 891/35/35
f 866/7/7 890/31/31 896/29/29 871/8/8
f 871/8/8 896/29/29 892/26/26 875/9/9
f 875/9/9 892/26/26 889/25/25 867/11/11
f 949/98/85 903/47/47 911/45/45 952/99/86
f 952/99/86 911/45/45 907/44/44 956/102/89
f 956/107/89 907/44/44 902/43/43 950/104/91
f 939/92/83 915/59/59 923/62/57 946/93/84
f 946/96/84 923/57/57 919/56/56 941/83/76
f 941/83/76 919/56/56 914/55/55 937/80/73
f 915/59/59 866/7/7 872/5/5 922/60/60
f 922/63/60 872/5/5 868/2/2 917/52/52
f 917/52/52 868/2/2 865/1/1 913/49/49
f 903/47/47 877/13/13 881/16/16 910/48/48
f 910/48/48 881/16/16 886/24/24 905/40/40
f 905/40/40 886/24/24 879/23/23 901/37/37
f 926/70/67 913/49/49 865/1/1 878/19/19
f 879/23/23 867/11/11 889/25/25 901/37/37
f 866/7/7 915/59/59 939/92/83 890/31/31
f 927/76/71 877/13/13 903/47/47 949/98/85
f 961/1/1 964/2/2 966/3/3 965/4/4
f 964/2/2 968/5/5 969/6/6 966/3/3
f 962/7/7 967/8/8 969/6/6 968/5/5
f 967/8/8 971/9/9 972/10/115 969/6/6
f 963/11/11 970/12/12 972/10/115 971/9/9
f 970/12/12 965/4/4 966/3/3 972/10/115
f 966/3/3 969/6/6 972/10/115
f 973/13/13 976/14/14 978/15/116 977/16/16
f 976/14/14 980/17/17 981/18/18 978/15/116
f 974/19/19 979/20/20 981/18/18 980/17/17
f 979/20/20 983/21/21 984/22/118 981/18/18
f 975/23/23 982/24/24 984/22/118 983/21/21
f 982/24/24 977/16/16 978/15/116 984/22/118
f 978/15/116 981/18/18 984/22/118
f 985/25/25 988/26/26 990/27/128 989/28/28
f 988/26/26 992/29/29 993/30/30 990/27/128
f 986/31/31 991/32/32 993/30/30 992/29/29
f 991/32/32 995/33/33 996/34/34 993/30/30
f 987/35/35 994/36/36 996/34/34 995/33/33
f 994/36/36 989/28/28 990/27/128 996/34/34
f 990/27/128 993/30/30 996/34/34
f 997/37/37 1000/38/38 1002/39/129 1001/40/40
f 1000/38/38 1004/41/41 1005/42/42 1002/39/129
f 998/43/43 1003/44/44 1005/42/42 1004/41/41
f 1003/44/44 1007/45/45 1008/46/46 1005/42/42
f 999/47/47 1006/48/48 1008/46/46 1007/45/45
f 1006/48/48 1001/40/40 1002/39/129 1008/46/46
f 1002/39/129 1005/42/42 1008/46/46
f 1009/49/49 1012/50/50 1014/51/51 1013/52/52
f 1012/50/50 1016/53/53 1017/54/120 1014/51/51
f 1010/55/55 1015/56/56 1017/54/120 1016/53/53
f 1015/56/56 1019/57/57 1020/58/58 1017/54/120
f 1011/59/59 1018/60/60 1020/61/58 1019/62/57
f 1018/63/60 1013/52/52 1014/51/51 1020/58/58
f 1014/51/51 1017/54/120 1020/58/58
f 1021/64/61 1024/65/62 1026/66/63 1025/67/64
f 1024/65/62 1028/68/65 1029/69/66 1026/66/63
f 1022/70/67 1027/71/68 1029/69/66 1028/68/65
f 1027/72/68 1031/73/69 1032/74/70 1029/75/66
f 1023/76/71 1030/77/72 1032/74/70 1031/73/69
f 1030/77/72 1025/78/64 1026/79/63 1032/74/70
f 1026/79/63 1029/75/66 1032/74/70
f 1033/80/73 1036/81/74 1038/82/75 1037/83/76
f 1036/81/74 1040/84/77 1041/85/78 1038/82/75
f 1034/86/79 1039/87/80 1041/88/78 1040/89/77
f 1039/87/80 1043/90/81 1044/91/82 1041/88/78
f 1035/92/83 1042/93/84 1044/94/82 1043/95/81
f 1042/96/84 1037/83/76 1038/82/75 1044/97/82
f 1038/82/75 1041/85/78 1044/97/82
f 1045/98/85 1048/99/86 1050/100/87 1049/101/88
f 1048/99/86 1052/102/89 1053/103/90 1050/100/87
f 1046/104/91 1051/105/92 1053/106/90 1052/107/89
f 1051/108/92 1055/109/93 1056/110/94 1053/111/90
f 1047/112/95 1054/113/96 1056/110/94 1055/109/93
f 1054/114/96 1049/101/88 1050/100/87 1056/115/94
f 1050/100/87 1053/103/90 1056/115/94
f 1023/76/71 1045/98/85 1049/101/88 1030/77/72
f 1030/77/72 1049/101/88 1054/114/96 1025/78/64
f 1025/67/64 1054/113/96 1047/112/95 1021/64/61
f 973/13/13 1023/76/71 1031/73/69 976/14/14
f 976/14/14 1031/73/69 1027/72/68 980/17/17
f 980/17/17 1027/71/68 1022/70/67 974/19/19
f 963/11/11 975/23/23 983/21/21 970/12/12
f 970/12/12 983/21/21 979/20/20 965/4/4
f 965/4/4 979/20/20 974/19/19 961/1/1
f 1046/104/91 1034/86/79 1040/89/77 1051/105/92
f 1051/108/92 1040/84/77 1036/81/74 1055/109/93
f 1055/109/93 1036/81/74 1033/80/73 1047/112/95
f 987/35/35 998/43/43 1004/41/41 994/36/36
f 994/36/36 1004/41/41 1000/38/38 989/28/28
f 989/28/28 1000/38/38 997/37/37 985/25/25
f 1009/49/49 1022/70/67 1028/68/65 1012/50/50
f 1012/50/50 1028/68/65 1024/65/62 1016/53/53
f 1016/53/53 1024/65/62 1021/64/61 1010/55/55
f 986/31/31 1035/92/83 1043/95/81 991/32/32
f 991/32/32 1043/90/81 1039/87/80 995/33/33
f 995/33/33 1039/87/80 1034/86/79 987/35/35
f 962/7/7 986/31/31 992/29/29 967/8/8
f 967/8/8 992/29/29 988/26/26 971/9/9
f 971/9/9 988/26/26 985/25/25 963/11/11
f 1045/98/85 999/47/47 1007/45/45 1048/99/86
f 1048/99/86 1007/45/45 1003/44/44 1052/102/89
f 1052/107/89 1003/44/44 998/43/43 1046/104/91
f 1035/92/83 1011/59/59 1019/62/57 1042/93/84
f 1042/96/84 1019/57/57 1015/56/56 1037/83/76
f 1037/83/76 1015/56/56 1010/55/55 1033/80/73
f 1011/59/59 962/7/7 968/5/5 1018/60/60
f 1018/63/60 968/5/5 964/2/2 1013/52/52
f 1013/52/52 964/2/2 961/1/1 1009/49/49
f 999/47/47 973/13/13 977/16/16 1006/48/48
f 1006/48/48 977/16/16 982/24/24 1001/40/40
f 1001/40/40 982/24/24 975/23/23 997/37/37
f 1022/70/67 1009/49/49 961/1/1 974/19/19
f 975/23/23 963/11/11 985/25/25 997/37/37
f 962/7/7 1011/59/59 1035/92/83 986/31/31
f 1023/76/71 973/13/13 999/47/47 1045/98/85
f 1047/112/95 1033/80/73 1010/55/55 1021/64/61
f 1057/1/1 1060/2/2 1062/3/97 1061/4/4
f 1060/2/2 1064/5/5 1065/6/99 1062/3/97
f 1058/7/7 1063/8/8 1065/6/99 1064/5/5
f 1063/8/8 1067/9/9 1068/10/10 1065/6/99
f 1059/11/11 1066/12/12 1068/10/10 1067/9/9
f 1066/12/12 1061/4/4 1062/3/97 1068/10/10
f 1062/3/97 1065/6/99 1068/10/10
f 1069/13/13 1072/14/14 1074/15/100 1073/16/16
f 1072/14/14 1076/17/17 1077/18/101 1074/15/100
f 1070/19/19 1075/20/20 1077/18/101 1076/17/17
f 1075/20/20 1079/21/21 1080/22/22 1077/18/101
f 1071/23/23 1078/24/24 1080/22/22 1079/21/21
f 1078/24/24 1073/16/16 1074/15/100 1080/22/22
f 1074/15/100 1077/18/101 1080/22/22
f 1081/25/25 1084/26/26 1086/27/27 1085/28/28
f 1084/26/26 1088/29/29 1089/30/103 1086/27/27
f 1082/31/31 1087/32/32 1089/30/103 1088/29/29
f 1087/32/32 1091/33/33 1092/34/104 1089/30/103
f 1083/35/35 1090/36/36 1092/34/104 1091/33/33
f 1090/36/36 1085/28/28 1086/27/27 1092/34/104
f 1086/27/27 1089/30/103 1092/34/104
f 1093/37/37 1096/38/38 1098/39/39 1097/40/40
f 1096/38/38 1100/41/41 1101/42/107 1098/39/39
f 1094/43/43 1099/44/44 1101/42/107 1100/41/41
f 1099/44/44 1103/45/45 1104/46/108 1101/42/107
f 1095/47/47 1102/48/48 1104/46/108 1103/45/45
f 1102/48/48 1097/40/40 1098/39/39 1104/46/108
f 1098/39/39 1101/42/107 1104/46/108
f 1105/49/49 1108/50/50 1110/51/51 1109/52/52
f 1108/50/50 1112/53/53 1113/54/120 1110/51/51
f 1106/55/55 1111/56/56 1113/54/120 1112/53/53
f 1111/56/56 1115/57/57 1116/58/121 1113/54/120
f 1107/59/59 1114/60/60 1116/61/121 1115/62/57
f 1114/63/60 1109/52/52 1110/51/51 1116/58/121
f 1110/51/51 1113/54/120 1116/58/121
f 1117/64/61 1120/65/62 1122/66/63 1121/67/64
f 1120/65/62 1124/68/65 1125/69/66 1122/66/63
f 1118/70/67 1123/71/68 1125/69/66 1124/68/65
f 1123/72/68 1127/73/69 1128/74/70 1125/75/66
f 1119/76/71 1126/77/72 1128/74/70 1127/73/69
f 1126/77/72 1121/78/64 1122/79/63 1128/74/70
f 1122/79/63 1125/75/66 1128/74/70
f 1129/80/73 1132/81/74 1134/82/130 1133/83/76
f 1132/81/74 1136/84/77 1137/85/78 1134/82/130
f 1130/86/79 1135/87/80 1137/88/78 1136/89/77
f 1135/87/80 1139/90/81 1140/91/131 1137/88/78
f 1131/92/83 1138/93/84 1140/94/131 1139/95/81
f 1138/96/84 1133/83/76 1134/82/130 1140/97/131
f 1134/82/130 1137/85/78 1140/97/131
f 1141/98/85 1144/99/86 1146/100/132 1145/101/88
f 1144/99/86 1148/102/89 1149/103/90 1146/100/132
f 1142/104/91 1147/105/92 1149/106/90 1148/107/89
f 1147/108/92 1151/109/93 1152/110/94 1149/111/90
f 1143/112/95 1150/113/96 1152/110/94 1151/109/93
f 1150/114/96 1145/101/88 1146/100/132 1152/115/94
f 1146/100/132 1149/103/90 1152/115/94
f 1119/76/71 1141/98/85 1145/101/88 1126/77/72
f 1126/77/72 1145/101/88 1150/114/96 1121/78/64
f 1121/67/64 1150/113/96 1143/112/95 1117/64/61
f 1069/13/13 1119/76/71 1127/73/69 1072/14/14
f 1072/14/14 1127/73/69 1123/72/68 1076/17/17
f 1076/17/17 1123/71/68 1118/70/67 1070/19/19
f 1059/11/11 1071/23/23 1079/21/21 1066/12/12
f 1066/12/12 1079/21/21 1075/20/20 1061/4/4
f 1061/4/4 1075/20/20 1070/19/19 1057/1/1
f 1142/104/91 1130/86/79 1136/89/77 1147/105/92
f 1147/108/92 1136/84/77 1132/81/74 1151/109/93
f 1151/109/93 1132/81/74 1129/80/73 1143/112/95
f 1083/35/35 1094/43/43 1100/41/41 1090/36/36
f 1090/36/36 1100/41/41 1096/38/38 1085/28/28
f 1085/28/28 1096/38/38 1093/37/37 1081/25/25
f 1105/49/49 1118/70/67 1124/68/65 1108/50/50
f 1108/50/50 1124/68/65 1120/65/62 1112/53/53
f 1112/53/53 1120/65/62 1117/64/61 1106/55/55
f 1082/31/31 1131/92/83 1139/95/81 1087/32/32
f 1087/32/32 1139/90/81 1135/87/80 1091/33/33
f 1091/33/33 1135/87/80 1130/86/79 1083/35/35
f 1058/7/7 1082/31/31 1088/29/29 1063/8/8
f 1063/8/8 1088/29/29 1084/26/26 1067/9/9
f 1067/9/9 1084/26/26 1081/25/25 1059/11/11
f 1141/98/85 1095/47/47 1103/45/45 1144/99/86
f 1144/99/86 1103/45/45 1099/44/44 1148/102/89
f 1148/107/89 1099/44/44 1094/43/43 1142/104/91
f 1131/92/83 1107/59/59 1115/62/57 1138/93/84
f 1138/96/84 1115/57/57 1111/56/56 1133/83/76
f 1133/83/76 1111/56/56 1106/55/55 1129/80/73
f 1107/59/59 1058/7/7 1064/5/5 1114/60/60
f 1114/63/60 1064/5/5 1060/2/2 1109/52/52
f 1109/52/52 1060/2/2 1057/1/1 1105/49/49
f 1095/47/47 1069/13/13 1073/16/16 1102/48/48
f 1102/48/48 1073/16/16 1078/24/24 1097/40/40
f 1097/40/40 1078/24/24 1071/23/23 1093/37/37
f 1118/70/67 1105/49/49 1057/1/1 1070/19/19
f 1058/7/7 1107/59/59 1131/92/83 1082/31/31
f 1119/76/71 1069/13/13 1095/47/47 1141/98/85
f 1143/112/95 1129/80/73 1106/55/55 1117/64/61
f 1153/1/1 1156/2/2 1158/3/97 1157/4/4
f 1156/2/2 1160/5/5 1161/6/6 1158/3/97
f 1154/7/7 1159/8/8 1161/6/6 1160/5/5
f 1159/8/8 1163/9/9 1164/10/10 1161/6/6
f 1155/11/11 1162/12/12 1164/10/10 1163/9/9
f 1162/12/12 1157/4/4 1158/3/97 1164/10/10
f 1158/3/97 1161/6/6 1164/10/10
f 1165/13/13 1168/14/14 1170/15/100 1169/16/16
f 1168/14/14 1172/17/17 1173/18/18 1170/15/100
f 1166/19/19 1171/20/20 1173/18/18 1172/17/17
f 1171/20/20 1175/21/21 1176/22/22 1173/18/18
f 1167/23/23 1174/24/24 1176/22/22 1175/21/21
f 1174/24/24 1169/16/16 1170/15/100 1176/22/22
f 1170/15/100 1173/18/18 1176/22/22
f 1177/25/25 1180/26/26 1182/27/27 1181/28/28
f 1180/26/26 1184/29/29 1185/30/30 1182/27/27
f 1178/31/31 1183/32/32 1185/30/30 1184/29/29
f 1183/32/32 1187/33/33 1188/34/104 1185/30/30
f 1179/35/35 1186/36/36 1188/34/104 1187/33/33
f 1186/36/36 1181/28/28 1182/27/27 1188/34/104
f 1182/27/27 1185/30/30 1188/34/104
f 1189/37/37 1192/38/38 1194/39/39 1193/40/40
f 1192/38/38 1196/41/41 1197/42/42 1194/39/39
f 1190/43/43 1195/44/44 1197/42/42 1196/41/41
f 1195/44/44 1199/45/45 1200/46/46 1197/42/42
f 1191/47/47 1198/48/48 1200/46/46 1199/45/45
f 1198/48/48 1193/40/40 1194/39/39 1200/46/46
f 1194/39/39 1197/42/42 1200/46/46
f 1201/49/49 1204/50/50 1206/51/51 1205/52/52
f 1204/50/50 1208/53/53 1209/54/54 1206/51/51
f 1202/55/55 1207/56/56 1209/54/54 1208/53/53
f 1207/56/56 1211/57/57 1212/58/58 1209/54/54
f 1203/59/59 1210/60/60 1212/61/58 1211/62/57
f 1210/63/60 1205/52/52 1206/51/51 1212/58/58
f 1206/51/51 1209/54/54 1212/58/58
f 1213/64/61 1216/65/62 1218/66/63 1217/67/64
f 1216/65/62 1220/68/65 1221/69/66 1218/66/63
f 1214/70/67 1219/71/68 1221/69/66 1220/68/65
f 1219/72/68 1223/73/69 1224/74/133 1221/75/66
f 1215/76/71 1222/77/72 1224/74/133 1223/73/69
f 1222/77/72 1217/78/64 1218/79/63 1224/74/133
f 1218/79/63 1221/75/66 1224/74/133
f 1225/80/73 1228/81/74 1230/82/75 1229/83/76
f 1228/81/74 1232/84/77 1233/85/78 1230/82/75
f 1226/86/79 1231/87/80 1233/88/78 1232/89/77
f 1231/87/80 1235/90/81 1236/91/82 1233/88/78
f 1227/92/83 1234/93/84 1236/94/82 1235/95/81
f 1234/96/84 1229/83/76 1230/82/75 1236/97/82
f 1230/82/75 1233/85/78 1236/97/82
f 1237/98/85 1240/99/86 1242/100/87 1241/101/88
f 1240/99/86 1244/102/89 1245/103/90 1242/100/87
f 1238/104/91 1243/105/92 1245/106/90 1244/107/89
f 1243/108/92 1247/109/93 1248/110/94 1245/111/90
f 1239/112/95 1246/113/96 1248/110/94 1247/109/93
f 1246/114/96 1241/101/88 1242/100/87 1248/115/94
f 1242/100/87 1245/103/90 1248/115/94
f 1215/76/71 1237/98/85 1241/101/88 1222/77/72
f 1222/77/72 1241/101/88 1246/114/96 1217/78/64
f 1217/67/64 1246/113/96 1239/112/95 1213/64/61
f 1165/13/13 1215/76/71 1223/73/69 1168/14/14
f 1168/14/14 1223/73/69 1219/72/68 1172/17/17
f 1172/17/17 1219/71/68 1214/70/67 1166/19/19
f 1155/11/11 1167/23/23 1175/21/21 1162/12/12
f 1162/12/12 1175/21/21 1171/20/20 1157/4/4
f 1157/4/4 1171/20/20 1166/19/19 1153/1/1
f 1238/104/91 1226/86/79 1232/89/77 1243/105/92
f 1243/108/92 1232/84/77 1228/81/74 1247/109/93
f 1247/109/93 1228/81/74 1225/80/73 1239/112/95
f 1179/35/35 1190/43/43 1196/41/41 1186/36/36
f 1186/36/36 1196/41/41 1192/38/38 1181/28/28
f 1181/28/28 1192/38/38 1189/37/37 1177/25/25
f 1201/49/49 1214/70/67 1220/68/65 1204/50/50
f 1204/50/50 1220/68/65 1216/65/62 1208/53/53
f 1208/53/53 1216/65/62 1213/64/61 1202/55/55
f 1178/31/31 1227/92/83 1235/95/81 1183/32/32
f 1183/32/32 1235/90/81 1231/87/80 1187/33/33
f 1187/33/33 1231/87/80 1226/86/79 1179/35/35
f 1154/7/7 1178/31/31 1184/29/29 1159/8/8
f 1159/8/8 1184/29/29 1180/26/26 1163/9/9
f 1163/9/9 1180/26/26 1177/25/25 1155/11/11
f 1237/98/85 1191/47/47 1199/45/45 1240/99/86
f 1240/99/86 1199/45/45 1195/44/44 1244/102/89
f 1244/107/89 1195/44/44 1190/43/43 1238/104/91
f 1227/92/83 1203/59/59 1211/62/57 1234/93/84
f 1234/96/84 1211/57/57 1207/56/56 1229/83/76
f 1229/83/76 1207/56/56 1202/55/55 1225/80/73
f 1203/59/59 1154/7/7 1160/5/5 1210/60/60
f 1210/63/60 1160/5/5 1156/2/2 1205/52/52
f 1205/52/52 1156/2/2 1153/1/1 1201/49/49
f 1191/47/47 1165/13/13 1169/16/16 1198/48/48
f 1198/48/48 1169/16/16 1174/24/24 1193/40/40
f 1193/40/40 1174/24/24 1167/23/23 1189/37/37
f 1214/70/67 1201/49/49 1153/1/1 1166/19/19
f 1167/23/23 1155/11/11 1177/25/25 1189/37/37
f 1154/7/7 1203/59/59 1227/92/83 1178/31/31
f 1215/76/71 1165/13/13 1191/47/47 1237/98/85
f 1190/43/43 1179/35/35 1226/86/79 1238/104/91
f 1249/1/1 1252/2/2 1254/3/3 1253/4/4
f 1252/2/2 1256/5/5 1257/6/6 1254/3/3
f 1250/7/7 1255/8/8 1257/6/6 1256/5/5
f 1255/8/8 1259/9/9 1260/10/10 1257/6/6
f 1251/11/11 1258/12/12 1260/10/10 1259/9/9
f 1258/12/12 1253/4/4 1254/3/3 1260/10/10
f 1254/3/3 1257/6/6 1260/10/10
f 1261/13/13 1264/14/14 1266/15/15 1265/16/16
f 1264/14/14 1268/17/17 1269/18/18 1266/15/15
f 1262/19/19 1267/20/20 1269/18/18 1268/17/17
f 1267/20/20 1271/21/21 1272/22/118 1269/18/18
f 1263/23/23 1270/24/24 1272/22/118 1271/21/21
f 1270/24/24 1265/16/16 1266/15/15 1272/22/118
f 1266/15/15 1269/18/18 1272/22/118
f 1273/25/25 1276/26/26 1278/27/27 1277/28/28
f 1276/26/26 1280/29/29 1281/30/30 1278/27/27
f 1274/31/31 1279/32/32 1281/30/30 1280/29/29
f 1279/32/32 1283/33/33 1284/34/34 1281/30/30
f 1275/35/35 1282/36/36 1284/34/34 1283/33/33
f 1282/36/36 1277/28/28 1278/27/27 1284/34/34
f 1278/27/27 1281/30/30 1284/34/34
f 1285/37/37 1288/38/38 1290/39/39 1289/40/40
f 1288/38/38 1292/41/41 1293/42/42 1290/39/39
f 1286/43/43 1291/44/44 1293/42/42 1292/41/41
f 1291/44/44 1295/45/45 1296/46/46 1293/42/42
f 1287/47/47 1294/48/48 1296/46/46 1295/45/45
f 1294/48/48 1289/40/40 1290/39/39 1296/46/46
f 1290/39/39 1293/42/42 1296/46/46
f 1297/49/49 1300/50/50 1302/51/51 1301/52/52
f 1300/50/50 1304/53/53 1305/54/110 1302/51/51
f 1298/55/55 1303/56/56 1305/54/110 1304/53/53
f 1303/56/56 1307/57/57 1308/58/58 1305/54/110
f 1299/59/59 1306/60/60 1308/61/58 1307/62/57
f 1306/63/60 1301/52/52 1302/51/51 1308/58/58
f 1302/51/51 1305/54/110 1308/58/58
f 1309/64/61 1312/65/62 1314/66/63 1313/67/64
f 1312/65/62 1316/68/65 1317/69/66 1314/66/63
f 1310/70/67 1315/71/68 1317/69/66 1316/68/65
f 1315/72/68 1319/73/69 1320/74/70 1317/75/66
f 1311/76/71 1318/77/72 1320/74/70 1319/73/69
f 1318/77/72 1313/78/64 1314/79/63 1320/74/70
f 1314/79/63 1317/75/66 1320/74/70
f 1321/80/73 1324/81/74 1326/82/75 1325/83/76
f 1324/81/74 1328/84/77 1329/85/78 1326/82/75
f 1322/86/79 1327/87/80 1329/88/78 1328/89/77
f 1327/87/80 1331/90/81 1332/91/82 1329/88/78
f 1323/92/83 1330/93/84 1332/94/82 1331/95/81
f 1330/96/84 1325/83/76 1326/82/75 1332/97/82
f 1326/82/75 1329/85/78 1332/97/82
f 1333/98/85 1336/99/86 1338/100/87 1337/101/88
f 1336/99/86 1340/102/89 1341/103/90 1338/100/87
f 1334/104/91 1339/105/92 1341/106/90 1340/107/89
f 1339/108/92 1343/109/93 1344/110/94 1341/111/90
f 1335/112/95 1342/113/96 1344/110/94 1343/109/93
f 1342/114/96 1337/101/88 1338/100/87 1344/115/94
f 1338/100/87 1341/103/90 1344/115/94
f 1311/76/71 1333/98/85 1337/101/88 1318/77/72
f 1318/77/72 1337/101/88 1342/114/96 1313/78/64
f 1313/67/64 1342/113/96 1335/112/95 1309/64/61
f 1261/13/13 1311/76/71 1319/73/69 1264/14/14
f 1264/14/14 1319/73/69 1315/72/68 1268/17/17
f 1268/17/17 1315/71/68 1310/70/67 1262/19/19
f 1251/11/11 1263/23/23 1271/21/21 1258/12/12
f 1258/12/12 1271/21/21 1267/20/20 1253/4/4
f 1253/4/4 1267/20/20 1262/19/19 1249/1/1
f 1334/104/91 1322/86/79 1328/89/77 1339/105/92
f 1339/108/92 1328/84/77 1324/81/74 1343/109/93
f 1343/109/93 1324/81/74 1321/80/73 1335/112/95
f 1275/35/35 1286/43/43 1292/41/41 1282/36/36
f 1282/36/36 1292/41/41 1288/38/38 1277/28/28
f 1277/28/28 1288/38/38 1285/37/37 1273/25/25
f 1297/49/49 1310/70/67 1316/68/65 1300/50/50
f 1300/50/50 1316/68/65 1312/65/62 1304/53/53
f 1304/53/53 1312/65/62 1309/64/61 1298/55/55
f 1274/31/31 1323/92/83 1331/95/81 1279/32/32
f 1279/32/32 1331/90/81 1327/87/80 1283/33/33
f 1283/33/33 1327/87/80 1322/86/79 1275/35/35
f 1250/7/7 1274/31/31 1280/29/29 1255/8/8
f 1255/8/8 1280/29/29 1276/26/26 1259/9/9
f 1259/9/9 1276/26/26 1273/25/25 1251/11/11
f 1333/98/85 1287/47/47 1295/45/45 1336/99/86
f 1336/99/86 1295/45/45 1291/44/44 1340/102/89
f 1340/107/89 1291/44/44 1286/43/43 1334/104/91
f 1323/92/83 1299/59/59 1307/62/57 1330/93/84
f 1330/96/84 1307/57/57 1303/56/56 1325/83/76
f 1325/83/76 1303/56/56 1298/55/55 1321/80/73
f 1299/59/59 1250/7/7 1256/5/5 1306/60/60
f 1306/63/60 1256/5/5 1252/2/2 1301/52/52
f 1301/52/52 1252/2/2 1249/1/1 1297/49/49
f 1287/47/47 1261/13/13 1265/16/16 1294/48/48
f 1294/48/48 1265/16/16 1270/24/24 1289/40/40
f 1289/40/40 1270/24/24 1263/23/23 1285/37/37
f 1310/70/67 1297/49/49 1249/1/1 1262/19/19
f 1263/23/23 1251/11/11 1273/25/25 1285/37/37
f 1250/7/7 1299/59/59 1323/92/83 1274/31/31
f 1311/76/71 1261/13/13 1287/47/47 1333/98/85
f 1286/43/43 1275/35/35 1322/86/79 1334/104/91
f 1335/112/95 1321/80/73 1298/55/55 1309/64/61
f 1345/1/1 1348/2/2 1350/3/97 1349/4/4
f 1348/2/2 1352/5/5 1353/6/99 1350/3/97
f 1346/7/7 1351/8/8 1353/6/99 1352/5/5
f 1351/8/8 1355/9/9 1356/10/10 1353/6/99
f 1347/11/11 1354/12/12 1356/10/10 1355/9/9
f 1354/12/12 1349/4/4 1350/3/97 1356/10/10
f 1350/3/97 1353/6/99 1356/10/10
f 1357/13/13 1360/14/14 1362/15/100 1361/16/16
f 1360/14/14 1364/17/17 1365/18/101 1362/15/100
f 1358/19/19 1363/20/20 1365/18/101 1364/17/17
f 1363/20/20 1367/21/21 1368/22/22 1365/18/101
f 1359/23/23 1366/24/24 1368/22/22 1367/21/21
f 1366/24/24 1361/16/16 1362/15/100 1368/22/22
f 1362/15/100 1365/18/101 1368/22/22
f 1369/25/25 1372/26/26 1374/27/27 1373/28/28
f 1372/26/26 1376/29/29 1377/30/103 1374/27/27
f 1370/31/31 1375/32/32 1377/30/103 1376/29/29
f 1375/32/32 1379/33/33 1380/34/104 1377/30/103
f 1371/35/35 1378/36/36 1380/34/104 1379/33/33
f 1378/36/36 1373/28/28 1374/27/27 1380/34/104
f 1374/27/27 1377/30/103 1380/34/104
f 1381/37/37 1384/38/38 1386/39/39 1385/40/40
f 1384/38/38 1388/41/41 1389/42/107 1386/39/39
f 1382/43/43 1387/44/44 1389/42/107 1388/41/41
f 1387/44/44 1391/45/45 1392/46/108 1389/42/107
f 1383/47/47 1390/48/48 1392/46/108 1391/45/45
f 1390/48/48 1385/40/40 1386/39/39 1392/46/108
f 1386/39/39 1389/42/107 1392/46/108
f 1393/49/49 1396/50/50 1398/51/51 1397/52/52
f 1396/50/50 1400/53/53 1401/54/54 1398/51/51
f 1394/55/55 1399/56/56 1401/54/54 1400/53/53
f 1399/56/56 1403/57/57 1404/58/121 1401/54/54
f 1395/59/59 1402/60/60 1404/61/121 1403/62/57
f 1402/63/60 1397/52/52 1398/51/51 1404/58/121
f 1398/51/51 1401/54/54 1404/58/121
f 1405/64/61 1408/65/62 1410/66/63 1409/67/64
f 1408/65/62 1412/68/65 1413/69/66 1410/66/63
f 1406/70/67 1411/71/68 1413/69/66 1412/68/65
f 1411/72/68 1415/73/69 1416/74/70 1413/75/66
f 1407/76/71 1414/77/72 1416/74/70 1415/73/69
f 1414/77/72 1409/78/64 1410/79/63 1416/74/70
f 1410/79/63 1413/75/66 1416/74/70
f 1417/80/73 1420/81/74 1422/82/75 1421/83/76
f 1420/81/74 1424/84/77 1425/85/78 1422/82/75
f 1418/86/79 1423/87/80 1425/88/78 1424/89/77
f 1423/87/80 1427/90/81 1428/91/131 1425/88/78
f 1419/92/83 1426/93/84 1428/94/131 1427/95/81
f 1426/96/84 1421/83/76 1422/82/75 1428/97/131
f 1422/82/75 1425/85/78 1428/97/131
f 1429/98/85 1432/99/86 1434/100/87 1433/101/88
f 1432/99/86 1436/102/89 1437/103/90 1434/100/87
f 1430/104/91 1435/105/92 1437/106/90 1436/107/89
f 1435/108/92 1439/109/93 1440/110/94 1437/111/90
f 1431/112/95 1438/113/96 1440/110/94 1439/109/93
f 1438/114/96 1433/101/88 1434/100/87 1440/115/94
f 1434/100/87 1437/103/90 1440/115/94
f 1407/76/71 1429/98/85 1433/101/88 1414/77/72
f 1414/77/72 1433/101/88 1438/114/96 1409/78/64
f 1409/67/64 1438/113/96 1431/112/95 1405/64/61
f 1357/13/13 1407/76/71 1415/73/69 1360/14/14
f 1360/14/14 1415/73/69 1411/72/68 1364/17/17
f 1364/17/17 1411/71/68 1406/70/67 1358/19/19
f 1347/11/11 1359/23/23 1367/21/21 1354/12/12
f 1354/12/12 1367/21/21 1363/20/20 1349/4/4
f 1349/4/4 1363/20/20 1358/19/19 1345/1/1
f 1430/104/91 1418/86/79 1424/89/77 1435/105/92
f 1435/108/92 1424/84/77 1420/81/74 1439/109/93
f 1439/109/93 1420/81/74 1417/80/73 1431/112/95
f 1371/35/35 1382/43/43 1388/41/41 1378/36/36
f 1378/36/36 1388/41/41 1384/38/38 1373/28/28
f 1373/28/28 1384/38/38 1381/37/37 1369/25/25
f 1393/49/49 1406/70/67 1412/68/65 1396/50/50
f 1396/50/50 1412/68/65 1408/65/62 1400/53/53
f 1400/53/53 1408/65/62 1405/64/61 1394/55/55
f 1370/31/31 1419/92/83 1427/95/81 1375/32/32
f 1375/32/32 1427/90/81 1423/87/80 1379/33/33
f 1379/33/33 1423/87/80 1418/86/79 1371/35/35
f 1346/7/7 1370/31/31 1376/29/29 1351/8/8
f 1351/8/8 1376/29/29 1372/26/26 1355/9/9
f 1355/9/9 1372/26/26 1369/25/25 1347/11/11
f 1429/98/85 1383/47/47 1391/45/45 1432/99/86
f 1432/99/86 1391/45/45 1387/44/44 1436/102/89
f 1436/107/89 1387/44/44 1382/43/43 1430/104/91
f 1419/92/83 1395/59/59 1403/62/57 1426/93/84
f 1426/96/84 1403/57/57 1399/56/56 1421/83/76
f 1421/83/76 1399/56/56 1394/55/55 1417/80/73
f 1395/59/59 1346/7/7 1352/5/5 1402/60/60
f 1402/63/60 1352/5/5 1348/2/2 1397/52/52
f 1397/52/52 1348/2/2 1345/1/1 1393/49/49
f 1383/47/47 1357/13/13 1361/16/16 1390/48/48
f 1390/48/48 1361/16/16 1366/24/24 1385/40/40
f 1385/40/40 1366/24/24 1359/23/23 1381/37/37
f 1406/70/67 1393/49/49 1345/1/1 1358/19/19
f 1346/7/7 1395/59/59 1419/92/83 1370/31/31
f 1407/76/71 1357/13/13 1383/47/47 1429/98/85
f 1382/43/43 1371/35/35 1418/86/79 1430/104/91
f 1431/112/95 1417/80/73 1394/55/55 1405/64/61
f 1441/1/1 1444/2/2 1446/3/3 1445/4/4
f 1444/2/2 1448/5/5 1449/6/114 1446/3/3
f 1442/7/7 1447/8/8 1449/6/114 1448/5/5
f 1447/8/8 1451/9/9 1452/10/115 1449/6/114
f 1443/11/11 1450/12/12 1452/10/115 1451/9/9
f 1450/12/12 1445/4/4 1446/3/3 1452/10/115
f 1446/3/3 1449/6/114 1452/10/115
f 1453/13/13 1456/14/14 1458/15/116 1457/16/16
f 1456/14/14 1460/17/17 1461/18/18 1458/15/116
f 1454/19/19 1459/20/20 1461/18/18 1460/17/17
f 1459/20/20 1463/21/21 1464/22/118 1461/18/18
f 1455/23/23 1462/24/24 1464/22/118 1463/21/21
f 1462/24/24 1457/16/16 1458/15/116 1464/22/118
f 1458/15/116 1461/18/18 1464/22/118
f 1465/25/25 1468/26/26 1470/27/27 1469/28/28
f 1468/26/26 1472/29/29 1473/30/30 1470/27/27
f 1466/31/31 1471/32/32 1473/30/30 1472/29/29
f 1471/32/32 1475/33/33 1476/34/34 1473/30/30
f 1467/35/35 1474/36/36 1476/34/34 1475/33/33
f 1474/36/36 1469/28/28 1470/27/27 1476/34/34
f 1470/27/27 1473/30/30 1476/34/34
f 1477/37/37 1480/38/38 1482/39/39 1481/40/40
f 1480/38/38 1484/41/41 1485/42/42 1482/39/39
f 1478/43/43 1483/44/44 1485/42/42 1484/41/41
f 1483/44/44 1487/45/45 1488/46/108 1485/42/42
f 1479/47/47 1486/48/48 1488/46/108 1487/45/45
f 1486/48/48 1481/40/40 1482/39/39 1488/46/108
f 1482/39/39 1485/42/42 1488/46/108
f 1489/49/49 1492/50/50 1494/51/51 1493/52/134
f 1492/50/50 1496/53/53 1497/54/120 1494/51/51
f 1490/55/55 1495/56/56 1497/54/120 1496/53/53
f 1495/56/56 1499/57/57 1500/58/121 1497/54/120
f 1491/59/59 1498/60/60 1500/61/121 1499/62/57
f 1498/63/60 1493/52/134 1494/51/51 1500/58/121
f 1494/51/51 1497/54/120 1500/58/121
f 1501/64/61 1504/65/62 1506/66/122 1505/67/64
f 1504/65/62 1508/68/65 1509/69/66 1506/66/122
f 1502/70/67 1507/71/68 1509/69/66 1508/68/65
f 1507/72/68 1511/73/69 1512/74/123 1509/75/66
f 1503/76/71 1510/77/72 1512/74/123 1511/73/69
f 1510/77/72 1505/78/64 1506/79/122 1512/74/123
f 1506/79/122 1509/75/66 1512/74/123
f 1513/80/73 1516/81/74 1518/82/75 1517/83/76
f 1516/81/74 1520/84/77 1521/85/135 1518/82/75
f 1514/86/79 1519/87/80 1521/88/135 1520/89/77
f 1519/87/80 1523/90/81 1524/91/82 1521/88/135
f 1515/92/83 1522/93/84 1524/94/82 1523/95/81
f 1522/96/84 1517/83/76 1518/82/75 1524/97/82
f 1518/82/75 1521/85/135 1524/97/82
f 1525/98/85 1528/99/86 1530/100/124 1529/101/88
f 1528/99/86 1532/102/89 1533/103/90 1530/100/124
f 1526/104/91 1531/105/92 1533/106/90 1532/107/89
f 1531/108/92 1535/109/93 1536/110/94 1533/111/90
f 1527/112/95 1534/113/96 1536/110/94 1535/109/93
f 1534/114/96 1529/101/88 1530/100/124 1536/115/94
f 1530/100/124 1533/103/90 1536/115/94
f 1503/76/71 1525/98/85 1529/101/88 1510/77/72
f 1510/77/72 1529/101/88 1534/114/96 1505/78/64
f 1505/67/64 1534/113/96 1527/112/95 1501/64/61
f 1453/13/13 1503/76/71 1511/73/69 1456/14/14
f 1456/14/14 1511/73/69 1507/72/68 1460/17/17
f 1460/17/17 1507/71/68 1502/70/67 1454/19/19
f 1443/11/11 1455/23/23 1463/21/21 1450/12/12
f 1450/12/12 1463/21/21 1459/20/20 1445/4/4
f 1445/4/4 1459/20/20 1454/19/19 1441/1/1
f 1526/104/91 1514/86/79 1520/89/77 1531/105/92
f 1531/108/92 1520/84/77 1516/81/74 1535/109/93
f 1535/109/93 1516/81/74 1513/80/73 1527/112/95
f 1467/35/35 1478/43/43 1484/41/41 1474/36/36
f 1474/36/36 1484/41/41 1480/38/38 1469/28/28
f 1469/28/28 1480/38/38 1477/37/37 1465/25/25
f 1489/49/49 1502/70/67 1508/68/65 1492/50/50
f 1492/50/50 1508/68/65 1504/65/62 1496/53/53
f 1496/53/53 1504/65/62 1501/64/61 1490/55/55
f 1466/31/31 1515/92/83 1523/95/81 1471/32/32
f 1471/32/32 1523/90/81 1519/87/80 1475/33/33
f 1475/33/33 1519/87/80 1514/86/79 1467/35/35
f 1442/7/7 1466/31/31 1472/29/29 1447/8/8
f 1447/8/8 1472/29/29 1468/26/26 1451/9/9
f 1451/9/9 1468/26/26 1465/25/25 1443/11/11
f 1525/98/85 1479/47/47 1487/45/45 1528/99/86
f 1528/99/86 1487/45/45 1483/44/44 1532/102/89
f 1532/107/89 1483/44/44 1478/43/43 1526/104/91
f 1515/92/83 1491/59/59 1499/62/57 1522/93/84
f 1522/96/84 1499/57/57 1495/56/56 1517/83/76
f 1517/83/76 1495/56/56 1490/55/55 1513/80/73
f 1491/59/59 1442/7/7 1448/5/5 1498/60/60
f 1498/63/60 1448/5/5 1444/2/2 1493/52/134
f 1493/52/134 1444/2/2 1441/1/1 1489/49/49
f 1479/47/47 1453/13/13 1457/16/16 1486/48/48
f 1486/48/48 1457/16/16 1462/24/24 1481/40/40
f 1481/40/40 1462/24/24 1455/23/23 1477/37/37
f 1455/23/23 1443/11/11 1465/25/25 1477/37/37
f 1442/7/7 1491/59/59 1515/92/83 1466/31/31
f 1503/76/71 1453/13/13 1479/47/47 1525/98/85
f 1478/43/43 1467/35/35 1514/86/79 1526/104/91
f 1537/1/1 1540/2/2 1542/3/3 1541/4/4
f 1540/2/2 1544/5/5 1545/6/114 1542/3/3
f 1538/7/7 1543/8/8 1545/6/114 1544/5/5
f 1543/8/8 1547/9/9 1548/10/115 1545/6/114
f 1539/11/11 1546/12/12 1548/10/115 1547/9/9
f 1546/12/12 1541/4/4 1542/3/3 1548/10/115
f 1542/3/3 1545/6/114 1548/10/115
f 1549/13/13 1552/14/14 1554/15/116 1553/16/16
f 1552/14/14 1556/17/17 1557/18/18 1554/15/116
f 1550/19/19 1555/20/20 1557/18/18 1556/17/17
f 1555/20/20 1559/21/21 1560/22/118 1557/18/18
f 1551/23/23 1558/24/24 1560/22/118 1559/21/21
f 1558/24/24 1553/16/16 1554/15/116 1560/22/118
f 1554/15/116 1557/18/18 1560/22/118
f 1561/25/25 1564/26/26 1566/27/27 1565/28/28
f 1564/26/26 1568/29/29 1569/30/30 1566/27/27
f 1562/31/31 1567/32/32 1569/30/30 1568/29/29
f 1567/32/32 1571/33/33 1572/34/34 1569/30/30
f 1563/35/35 1570/36/36 1572/34/34 1571/33/33
f 1570/36/36 1565/28/28 1566/27/27 1572/34/34
f 1566/27/27 1569/30/30 1572/34/34
f 1573/37/37 1576/38/38 1578/39/39 1577/40/40
f 1576/38/38 1580/41/41 1581/42/42 1578/39/39
f 1574/43/43 1579/44/44 1581/42/42 1580/41/41
f 1579/44/44 1583/45/45 1584/46/46 1581/42/42
f 1575/47/47 1582/48/48 1584/46/46 1583/45/45
f 1582/48/48 1577/40/40 1578/39/39 1584/46/46
f 1578/39/39 1581/42/42 1584/46/46
f 1585/49/49 1588/50/50 1590/51/119 1589/52/52
f 1588/50/50 1592/53/53 1593/54/120 1590/51/119
f 1586/55/55 1591/56/56 1593/54/120 1592/53/53
f 1591/56/56 1595/57/57 1596/58/121 1593/54/120
f 1587/59/59 1594/60/60 1596/61/121 1595/62/57
f 1594/63/60 1589/52/52 1590/51/119 1596/58/121
f 1590/51/119 1593/54/120 1596/58/121
f 1597/64/61 1600/65/62 1602/66/122 1601/67/64
f 1600/65/62 1604/68/65 1605/69/66 1602/66/122
f 1598/70/67 1603/71/68 1605/69/66 1604/68/65
f 1603/72/68 1607/73/69 1608/74/123 1605/75/66
f 1599/76/71 1606/77/72 1608/74/123 1607/73/69
f 1606/77/72 1601/78/64 1602/79/122 1608/74/123
f 1602/79/122 1605/75/66 1608/74/123
f 1609/80/73 1612/81/74 1614/82/75 1613/83/76
f 1612/81/74 1616/84/77 1617/85/78 1614/82/75
f 1610/86/79 1615/87/80 1617/88/78 1616/89/77
f 1615/87/80 1619/90/81 1620/91/82 1617/88/78
f 1611/92/83 1618/93/84 1620/94/82 1619/95/81
f 1618/96/84 1613/83/76 1614/82/75 1620/97/82
f 1614/82/75 1617/85/78 1620/97/82
f 1621/98/85 1624/99/86 1626/100/87 1625/101/88
f 1624/99/86 1628/102/89 1629/103/90 1626/100/87
f 1622/104/91 1627/105/92 1629/106/90 1628/107/89
f 1627/108/92 1631/109/93 1632/110/94 1629/111/90
f 1623/112/95 1630/113/96 1632/110/94 1631/109/93
f 1630/114/96 1625/101/88 1626/100/87 1632/115/94
f 1626/100/87 1629/103/90 1632/115/94
f 1599/76/71 1621/98/85 1625/101/88 1606/77/72
f 1606/77/72 1625/101/88 1630/114/96 1601/78/64
f 1601/67/64 1630/113/96 1623/112/95 1597/64/61
f 1549/13/13 1599/76/71 1607/73/69 1552/14/14
f 1552/14/14 1607/73/69 1603/72/68 1556/17/17
f 1556/17/17 1603/71/68 1598/70/67 1550/19/19
f 1539/11/11 1551/23/23 1559/21/21 1546/12/12
f 1546/12/12 1559/21/21 1555/20/20 1541/4/4
f 1541/4/4 1555/20/20 1550/19/19 1537/1/1
f 1622/104/91 1610/86/79 1616/89/77 1627/105/92
f 1627/108/92 1616/84/77 1612/81/74 1631/109/93
f 1631/109/93 1612/81/74 1609/80/73 1623/112/95
f 1563/35/35 1574/43/43 1580/41/41 1570/36/36
f 1570/36/36 1580/41/41 1576/38/38 1565/28/28
f 1565/28/28 1576/38/38 1573/37/37 1561/25/25
f 1585/49/49 1598/70/67 1604/68/65 1588/50/50
f 1588/50/50 1604/68/65 1600/65/62 1592/53/53
f 1592/53/53 1600/65/62 1597/64/61 1586/55/55
f 1562/31/31 1611/92/83 1619/95/81 1567/32/32
f 1567/32/32 1619/90/81 1615/87/80 1571/33/33
f 1571/33/33 1615/87/80 1610/86/79 1563/35/35
f 1538/7/7 1562/31/31 1568/29/29 1543/8/8
f 1543/8/8 1568/29/29 1564/26/26 1547/9/9
f 1547/9/9 1564/26/26 1561/25/25 1539/11/11
f 1621/98/85 1575/47/47 1583/45/45 1624/99/86
f 1624/99/86 1583/45/45 1579/44/44 1628/102/89
f 1628/107/89 1579/44/44 1574/43/43 1622/104/91
f 1611/92/83 1587/59/59 1595/62/57 1618/93/84
f 1618/96/84 1595/57/57 1591/56/56 1613/83/76
f 1613/83/76 1591/56/56 1586/55/55 1609/80/73
f 1587/59/59 1538/7/7 1544/5/5 1594/60/60
f 1594/63/60 1544/5/5 1540/2/2 1589/52/52
f 1589/52/52 1540/2/2 1537/1/1 1585/49/49
f 1575/47/47 1549/13/13 1553/16/16 1582/48/48
f 1582/48/48 1553/16/16 1558/24/24 1577/40/40
f 1577/40/40 1558/24/24 1551/23/23 1573/37/37
f 1551/23/23 1539/11/11 1561/25/25 1573/37/37
f 1538/7/7 1587/59/59 1611/92/83 1562/31/31
f 1599/76/71 1549/13/13 1575/47/47 1621/98/85
f 1574/43/43 1563/35/35 1610/86/79 1622/104/91
f 1623/112/95 1609/80/73 1586/55/55 1597/64/61
f 1633/1/1 1636/2/2 1638/3/97 1637/4/4
f 1636/2/2 1640/5/5 1641/6/99 1638/3/97
f 1634/7/7 1639/8/8 1641/6/99 1640/5/5
f 1639/8/8 1643/9/9 1644/10/10 1641/6/99
f 1635/11/11 1642/12/12 1644/10/10 1643/9/9
f 1642/12/12 1637/4/4 1638/3/97 1644/10/10
f 1638/3/97 1641/6/99 1644/10/10
f 1645/13/13 1648/14/14 1650/15/136 1649/16/16
f 1648/14/14 1652/17/17 1653/18/101 1650/15/136
f 1646/19/19 1651/20/20 1653/18/101 1652/17/17
f 1651/20/20 1655/21/21 1656/22/118 1653/18/101
f 1647/23/23 1654/24/24 1656/22/118 1655/21/21
f 1654/24/24 1649/16/16 1650/15/136 1656/22/118
f 1650/15/136 1653/18/101 1656/22/118
f 1657/25/25 1660/26/26 1662/27/27 1661/28/28
f 1660/26/26 1664/29/29 1665/30/103 1662/27/27
f 1658/31/31 1663/32/32 1665/30/103 1664/29/29
f 1663/32/32 1667/33/33 1668/34/104 1665/30/103
f 1659/35/35 1666/36/36 1668/34/104 1667/33/33
f 1666/36/36 1661/28/28 1662/27/27 1668/34/104
f 1662/27/27 1665/30/103 1668/34/104
f 1669/37/37 1672/38/38 1674/39/39 1673/40/40
f 1672/38/38 1676/41/41 1677/42/107 1674/39/39
f 1670/43/43 1675/44/44 1677/42/107 1676/41/41
f 1675/44/44 1679/45/45 1680/46/108 1677/42/107
f 1671/47/47 1678/48/48 1680/46/108 1679/45/45
f 1678/48/48 1673/40/40 1674/39/39 1680/46/108
f 1674/39/39 1677/42/107 1680/46/108
f 1681/49/49 1684/50/50 1686/51/51 1685/52/52
f 1684/50/50 1688/53/53 1689/54/120 1686/51/51
f 1682/55/55 1687/56/56 1689/54/120 1688/53/53
f 1687/56/56 1691/57/57 1692/58/121 1689/54/120
f 1683/59/59 1690/60/60 1692/61/121 1691/62/57
f 1690/63/60 1685/52/52 1686/51/51 1692/58/121
f 1686/51/51 1689/54/120 1692/58/121
f 1693/64/61 1696/65/62 1698/66/122 1697/67/64
f 1696/65/62 1700/68/65 1701/69/66 1698/66/122
f 1694/70/67 1699/71/68 1701/69/66 1700/68/65
f 1699/72/68 1703/73/69 1704/74/123 1701/75/66
f 1695/76/71 1702/77/72 1704/74/123 1703/73/69
f 1702/77/72 1697/78/64 1698/79/122 1704/74/123
f 1698/79/122 1701/75/66 1704/74/123
f 1705/80/73 1708/81/74 1710/82/75 1709/83/76
f 1708/81/74 1712/84/77 1713/85/78 1710/82/75
f 1706/86/79 1711/87/80 1713/88/78 1712/89/77
f 1711/87/80 1715/90/81 1716/91/131 1713/88/78
f 1707/92/83 1714/93/84 1716/94/131 1715/95/81
f 1714/96/84 1709/83/76 1710/82/75 1716/97/131
f 1710/82/75 1713/85/78 1716/97/131
f 1717/98/85 1720/99/86 1722/100/132 1721/101/88
f 1720/99/86 1724/102/89 1725/103/90 1722/100/132
f 1718/104/91 1723/105/92 1725/106/90 1724/107/89
f 1723/108/92 1727/109/93 1728/110/94 1725/111/90
f 1719/112/95 1726/113/96 1728/110/94 1727/109/93
f 1726/114/96 1721/101/88 1722/100/132 1728/115/94
f 1722/100/132 1725/103/90 1728/115/94
f 1695/76/71 1717/98/85 1721/101/88 1702/77/72
f 1702/77/72 1721/101/88 1726/114/96 1697/78/64
f 1697/67/64 1726/113/96 1719/112/95 1693/64/61
f 1645/13/13 1695/76/71 1703/73/69 1648/14/14
f 1648/14/14 1703/73/69 1699/72/68 1652/17/17
f 1652/17/17 1699/71/68 1694/70/67 1646/19/19
f 1635/11/11 1647/23/23 1655/21/21 1642/12/12
f 1642/12/12 1655/21/21 1651/20/20 1637/4/4
f 1637/4/4 1651/20/20 1646/19/19 1633/1/1
f 1718/104/91 1706/86/79 1712/89/77 1723/105/92
f 1723/108/92 1712/84/77 1708/81/74 1727/109/93
f 1727/109/93 1708/81/74 1705/80/73 1719/112/95
f 1659/35/35 1670/43/43 1676/41/41 1666/36/36
f 1666/36/36 1676/41/41 1672/38/38 1661/28/28
f 1661/28/28 1672/38/38 1669/37/37 1657/25/25
f 1681/49/49 1694/70/67 1700/68/65 1684/50/50
f 1684/50/50 1700/68/65 1696/65/62 1688/53/53
f 1688/53/53 1696/65/62 1693/64/61 1682/55/55
f 1658/31/31 1707/92/83 1715/95/81 1663/32/32
f 1663/32/32 1715/90/81 1711/87/80 1667/33/33
f 1667/33/33 1711/87/80 1706/86/79 1659/35/35
f 1634/7/7 1658/31/31 1664/29/29 1639/8/8
f 1639/8/8 1664/29/29 1660/26/26 1643/9/9
f 1643/9/9 1660/26/26 1657/25/25 1635/11/11
f 1717/98/85 1671/47/47 1679/45/45 1720/99/86
f 1720/99/86 1679/45/45 1675/44/44 1724/102/89
f 1724/107/89 1675/44/44 1670/43/43 1718/104/91
f 1707/92/83 1683/59/59 1691/62/57 1714/93/84
f 1714/96/84 1691/57/57 1687/56/56 1709/83/76
f 1709/83/76 1687/56/56 1682/55/55 1705/80/73
f 1683/59/59 1634/7/7 1640/5/5 1690/60/60
f 1690/63/60 1640/5/5 1636/2/2 1685/52/52
f 1685/52/52 1636/2/2 1633/1/1 1681/49/49
f 1671/47/47 1645/13/13 1649/16/16 1678/48/48
f 1678/48/48 1649/16/16 1654/24/24 1673/40/40
f 1673/40/40 1654/24/24 1647/23/23 1669/37/37
f 1634/7/7 1683/59/59 1707/92/83 1658/31/31
f 1695/76/71 1645/13/13 1671/47/47 1717/98/85
f 1670/43/43 1659/35/35 1706/86/79 1718/104/91
f 1719/112/95 1705/80/73 1682/55/55 1693/64/61
f 1729/1/1 1732/2/2 1734/3/137 1733/4/4
f 1732/2/2 1736/5/5 1737/6/6 1734/3/137
f 1730/7/7 1735/8/8 1737/6/6 1736/5/5
f 1735/8/8 1739/9/9 1740/10/138 1737/6/6
f 1731/11/11 1738/12/12 1740/10/138 1739/9/9
f 1738/12/12 1733/4/4 1734/3/137 1740/10/138
f 1734/3/137 1737/6/6 1740/10/138
f 1741/13/13 1744/14/14 1746/15/15 1745/16/16
f 1744/14/14 1748/17/17 1749/18/18 1746/15/15
f 1742/19/19 1747/20/20 1749/18/18 1748/17/17
f 1747/20/20 1751/21/21 1752/22/118 1749/18/18
f 1743/23/23 1750/24/24 1752/22/118 1751/21/21
f 1750/24/24 1745/16/16 1746/15/15 1752/22/118
f 1746/15/15 1749/18/18 1752/22/118
f 1753/25/25 1756/26/26 1758/27/139 1757/28/28
f 1756/26/26 1760/29/29 1761/30/103 1758/27/139
f 1754/31/31 1759/32/32 1761/30/103 1760/29/29
f 1759/32/32 1763/33/33 1764/34/140 1761/30/103
f 1755/35/35 1762/36/36 1764/34/140 1763/33/33
f 1762/36/36 1757/28/28 1758/27/139 1764/34/140
f 1758/27/139 1761/30/103 1764/34/140
f 1765/37/37 1768/38/38 1770/39/39 1769/40/40
f 1768/38/38 1772/41/41 1773/42/42 1770/39/39
f 1766/43/43 1771/44/44 1773/42/42 1772/41/41
f 1771/44/44 1775/45/45 1776/46/46 1773/42/42
f 1767/47/47 1774/48/48 1776/46/46 1775/45/45
f 1774/48/48 1769/40/40 1770/39/39 1776/46/46
f 1770/39/39 1773/42/42 1776/46/46
f 1777/49/49 1780/50/50 1782/51/119 1781/52/52
f 1780/50/50 1784/53/53 1785/54/110 1782/51/119
f 1778/55/55 1783/56/56 1785/54/110 1784/53/53
f 1783/56/56 1787/57/57 1788/58/109 1785/54/110
f 1779/59/59 1786/60/60 1788/61/109 1787/62/57
f 1786/63/60 1781/52/52 1782/51/119 1788/58/109
f 1782/51/119 1785/54/110 1788/58/109
f 1789/64/61 1792/65/62 1794/66/63 1793/67/64
f 1792/65/62 1796/68/65 1797/69/66 1794/66/63
f 1790/70/67 1795/71/68 1797/69/66 1796/68/65
f 1795/72/68 1799/73/69 1800/74/70 1797/75/66
f 1791/76/71 1798/77/72 1800/74/70 1799/73/69
f 1798/77/72 1793/78/64 1794/79/63 1800/74/70
f 1794/79/63 1797/75/66 1800/74/70
f 1801/80/73 1804/81/74 1806/82/126 1805/83/76
f 1804/81/74 1808/84/77 1809/85/141 1806/82/126
f 1802/86/79 1807/87/80 1809/88/141 1808/89/77
f 1807/87/80 1811/90/81 1812/91/82 1809/88/141
f 1803/92/83 1810/93/84 1812/94/82 1811/95/81
f 1810/96/84 1805/83/76 1806/82/126 1812/97/82
f 1806/82/126 1809/85/141 1812/97/82
f 1813/98/85 1816/99/86 1818/100/87 1817/101/88
f 1816/99/86 1820/102/89 1821/103/90 1818/100/87
f 1814/104/91 1819/105/92 1821/106/90 1820/107/89
f 1819/108/92 1823/109/93 1824/110/142 1821/111/90
f 1815/112/95 1822/113/96 1824/110/142 1823/109/93
f 1822/114/96 1817/101/88 1818/100/87 1824/115/142
f 1818/100/87 1821/103/90 1824/115/142
f 1791/76/71 1813/98/85 1817/101/88 1798/77/72
f 1798/77/72 1817/101/88 1822/114/96 1793/78/64
f 1793/67/64 1822/113/96 1815/112/95 1789/64/61
f 1741/13/13 1791/76/71 1799/73/69 1744/14/14
f 1744/14/14 1799/73/69 1795/72/68 1748/17/17
f 1748/17/17 1795/71/68 1790/70/67 1742/19/19
f 1731/11/11 1743/23/23 1751/21/21 1738/12/12
f 1738/12/12 1751/21/21 1747/20/20 1733/4/4
f 1733/4/4 1747/20/20 1742/19/19 1729/1/1
f 1814/104/91 1802/86/79 1808/89/77 1819/105/92
f 1819/108/92 1808/84/77 1804/81/74 1823/109/93
f 1823/109/93 1804/81/74 1801/80/73 1815/112/95
f 1755/35/35 1766/43/43 1772/41/41 1762/36/36
f 1762/36/36 1772/41/41 1768/38/38 1757/28/28
f 1757/28/28 1768/38/38 1765/37/37 1753/25/25
f 1777/49/49 1790/70/67 1796/68/65 1780/50/50
f 1780/50/50 1796/68/65 1792/65/62 1784/53/53
f 1784/53/53 1792/65/62 1789/64/61 1778/55/55
f 1754/31/31 1803/92/83 1811/95/81 1759/32/32
f 1759/32/32 1811/90/81 1807/87/80 1763/33/33
f 1763/33/33 1807/87/80 1802/86/79 1755/35/35
f 1730/7/7 1754/31/31 1760/29/29 1735/8/8
f 1735/8/8 1760/29/29 1756/26/26 1739/9/9
f 1739/9/9 1756/26/26 1753/25/25 1731/11/11
f 1813/98/85 1767/47/47 1775/45/45 1816/99/86
f 1816/99/86 1775/45/45 1771/44/44 1820/102/89
f 1820/107/89 1771/44/44 1766/43/43 1814/104/91
f 1803/92/83 1779/59/59 1787/62/57 1810/93/84
f 1810/96/84 1787/57/57 1783/56/56 1805/83/76
f 1805/83/76 1783/56/56 1778/55/55 1801/80/73
f 1779/59/59 1730/7/7 1736/5/5 1786/60/60
f 1786/63/60 1736/5/5 1732/2/2 1781/52/52
f 1781/52/52 1732/2/2 1729/1/1 1777/49/49
f 1767/47/47 1741/13/13 1745/16/16 1774/48/48
f 1774/48/48 1745/16/16 1750/24/24 1769/40/40
f 1769/40/40 1750/24/24 1743/23/23 1765/37/37
f 1790/70/67 1777/49/49 1729/1/1 1742/19/19
f 1743/23/23 1731/11/11 1753/25/25 1765/37/37
f 1791/76/71 1741/13/13 1767/47/47 1813/98/85
f 1825/1/1 1828/2/2 1830/3/137 1829/4/4
f 1828/2/2 1832/5/5 1833/6/6 1830/3/137
f 1826/7/7 1831/8/8 1833/6/6 1832/5/5
f 1831/8/8 1835/9/9 1836/10/138 1833/6/6
f 1827/11/11 1834/12/12 1836/10/138 1835/9/9
f 1834/12/12 1829/4/4 1830/3/137 1836/10/138
f 1830/3/137 1833/6/6 1836/10/138
f 1837/13/13 1840/14/14 1842/15/15 1841/16/16
f 1840/14/14 1844/17/17 1845/18/18 1842/15/15
f 1838/19/19 1843/20/20 1845/18/18 1844/17/17
f 1843/20/20 1847/21/21 1848/22/118 1845/18/18
f 1839/23/23 1846/24/24 1848/22/118 1847/21/21
f 1846/24/24 1841/16/16 1842/15/15 1848/22/118
f 1842/15/15 1845/18/18 1848/22/118
f 1849/25/25 1852/26/26 1854/27/139 1853/28/28
f 1852/26/26 1856/29/143 1857/30/103 1854/27/139
f 1850/31/31 1855/32/32 1857/30/103 1856/29/143
f 1855/32/32 1859/33/33 1860/34/140 1857/30/103
f 1851/35/35 1858/36/36 1860/34/140 1859/33/33
f 1858/36/36 1853/28/28 1854/27/139 1860/34/140
f 1854/27/139 1857/30/103 1860/34/140
f 1861/37/37 1864/38/38 1866/39/129 1865/40/40
f 1864/38/38 1868/41/41 1869/42/42 1866/39/129
f 1862/43/43 1867/44/44 1869/42/42 1868/41/41
f 1867/44/44 1871/45/45 1872/46/46 1869/42/42
f 1863/47/47 1870/48/48 1872/46/46 1871/45/45
f 1870/48/48 1865/40/40 1866/39/129 1872/46/46
f 1866/39/129 1869/42/42 1872/46/46
f 1873/49/49 1876/50/50 1878/51/119 1877/52/52
f 1876/50/50 1880/53/53 1881/54/110 1878/51/119
f 1874/55/55 1879/56/56 1881/54/110 1880/53/53
f 1879/56/56 1883/57/57 1884/58/58 1881/54/110
f 1875/59/59 1882/60/60 1884/61/58 1883/62/57
f 1882/63/60 1877/52/52 1878/51/119 1884/58/58
f 1878/51/119 1881/54/110 1884/58/58
f 1885/64/61 1888/65/62 1890/66/63 1889/67/64
f 1888/65/62 1892/68/65 1893/69/66 1890/66/63
f 1886/70/67 1891/71/68 1893/69/66 1892/68/65
f 1891/72/68 1895/73/69 1896/74/70 1893/75/66
f 1887/76/71 1894/77/72 1896/74/70 1895/73/69
f 1894/77/72 1889/78/64 1890/79/63 1896/74/70
f 1890/79/63 1893/75/66 1896/74/70
f 1897/80/73 1900/81/74 1902/82/126 1901/83/76
f 1900/81/74 1904/84/77 1905/85/141 1902/82/126
f 1898/86/79 1903/87/80 1905/88/141 1904/89/77
f 1903/87/80 1907/90/81 1908/91/82 1905/88/141
f 1899/92/83 1906/93/84 1908/94/82 1907/95/81
f 1906/96/84 1901/83/76 1902/82/126 1908/97/82
f 1902/82/126 1905/85/141 1908/97/82
f 1909/98/85 1912/99/86 1914/100/87 1913/101/88
f 1912/99/86 1916/102/89 1917/103/90 1914/100/87
f 1910/104/91 1915/105/92 1917/106/90 1916/107/89
f 1915/108/92 1919/109/93 1920/110/142 1917/111/90
f 1911/112/95 1918/113/96 1920/110/142 1919/109/93
f 1918/114/96 1913/101/88 1914/100/87 1920/115/142
f 1914/100/87 1917/103/90 1920/115/142
f 1887/76/71 1909/98/85 1913/101/88 1894/77/72
f 1894/77/72 1913/101/88 1918/114/96 1889/78/64
f 1889/67/64 1918/113/96 1911/112/95 1885/64/61
f 1837/13/13 1887/76/71 1895/73/69 1840/14/14
f 1840/14/14 1895/73/69 1891/72/68 1844/17/17
f 1844/17/17 1891/71/68 1886/70/67 1838/19/19
f 1827/11/11 1839/23/23 1847/21/21 1834/12/12
f 1834/12/12 1847/21/21 1843/20/20 1829/4/4
f 1829/4/4 1843/20/20 1838/19/19 1825/1/1
f 1910/104/91 1898/86/79 1904/89/77 1915/105/92
f 1915/108/92 1904/84/77 1900/81/74 1919/109/93
f 1919/109/93 1900/81/74 1897/80/73 1911/112/95
f 1851/35/35 1862/43/43 1868/41/41 1858/36/36
f 1858/36/36 1868/41/41 1864/38/38 1853/28/28
f 1853/28/28 1864/38/38 1861/37/37 1849/25/25
f 1873/49/49 1886/70/67 1892/68/65 1876/50/50
f 1876/50/50 1892/68/65 1888/65/62 1880/53/53
f 1880/53/53 1888/65/62 1885/64/61 1874/55/55
f 1850/31/31 1899/92/83 1907/95/81 1855/32/32
f 1855/32/32 1907/90/81 1903/87/80 1859/33/33
f 1859/33/33 1903/87/80 1898/86/79 1851/35/35
f 1826/7/7 1850/31/31 1856/29/143 1831/8/8
f 1831/8/8 1856/29/143 1852/26/26 1835/9/9
f 1835/9/9 1852/26/26 1849/25/25 1827/11/11
f 1909/98/85 1863/47/47 1871/45/45 1912/99/86
f 1912/99/86 1871/45/45 1867/44/44 1916/102/89
f 1916/107/89 1867/44/44 1862/43/43 1910/104/91
f 1899/92/83 1875/59/59 1883/62/57 1906/93/84
f 1906/96/84 1883/57/57 1879/56/56 1901/83/76
f 1901/83/76 1879/56/56 1874/55/55 1897/80/73
f 1875/59/59 1826/7/7 1832/5/5 1882/60/60
f 1882/63/60 1832/5/5 1828/2/2 1877/52/52
f 1877/52/52 1828/2/2 1825/1/1 1873/49/49
f 1863/47/47 1837/13/13 1841/16/16 1870/48/48
f 1870/48/48 1841/16/16 1846/24/24 1865/40/40
f 1865/40/40 1846/24/24 1839/23/23 1861/37/37
f 1886/70/67 1873/49/49 1825/1/1 1838/19/19
f 1839/23/23 1827/11/11 1849/25/25 1861/37/37
f 1887/76/71 1837/13/13 1863/47/47 1909/98/85
f 1911/112/95 1897/80/73 1874/55/55 1885/64/61
f 1921/1/1 1924/2/2 1926/3/137 1925/4/4
f 1924/2/2 1928/5/5 1929/6/99 1926/3/137
f 1922/7/7 1927/8/144 1929/6/99 1928/5/5
f 1927/8/144 1931/9/9 1932/10/10 1929/6/99
f 1923/11/11 1930/12/12 1932/10/10 1931/9/9
f 1930/12/12 1925/4/4 1926/3/137 1932/10/10
f 1926/3/137 1929/6/99 1932/10/10
f 1933/13/13 1936/14/14 1938/15/100 1937/16/16
f 1936/14/14 1940/17/17 1941/18/101 1938/15/100
f 1934/19/19 1939/20/20 1941/18/101 1940/17/17
f 1939/20/20 1943/21/21 1944/22/22 1941/18/101
f 1935/23/23 1942/24/24 1944/22/22 1943/21/21
f 1942/24/24 1937/16/16 1938/15/100 1944/22/22
f 1938/15/100 1941/18/101 1944/22/22
f 1945/25/25 1948/26/26 1950/27/27 1949/28/28
f 1948/26/26 1952/29/143 1953/30/103 1950/27/27
f 1946/31/31 1951/32/32 1953/30/103 1952/29/143
f 1951/32/32 1955/33/33 1956/34/34 1953/30/103
f 1947/35/35 1954/36/36 1956/34/34 1955/33/33
f 1954/36/36 1949/28/28 1950/27/27 1956/34/34
f 1950/27/27 1953/30/103 1956/34/34
f 1957/37/37 1960/38/38 1962/39/39 1961/40/40
f 1960/38/38 1964/41/41 1965/42/107 1962/39/39
f 1958/43/43 1963/44/44 1965/42/107 1964/41/41
f 1963/44/44 1967/45/45 1968/46/108 1965/42/107
f 1959/47/47 1966/48/48 1968/46/108 1967/45/45
f 1966/48/48 1961/40/40 1962/39/39 1968/46/108
f 1962/39/39 1965/42/107 1968/46/108
f 1969/49/49 1972/50/50 1974/51/119 1973/52/52
f 1972/50/50 1976/53/53 1977/54/110 1974/51/119
f 1970/55/55 1975/56/56 1977/54/110 1976/53/53
f 1975/56/56 1979/57/145 1980/58/58 1977/54/110
f 1971/59/59 1978/60/60 1980/61/58 1979/62/145
f 1978/63/60 1973/52/52 1974/51/119 1980/58/58
f 1974/51/119 1977/54/110 1980/58/58
f 1981/64/61 1984/65/62 1986/66/122 1985/67/64
f 1984/65/62 1988/68/65 1989/69/66 1986/66/122
f 1982/70/67 1987/71/68 1989/69/66 1988/68/65
f 1987/72/68 1991/73/69 1992/74/123 1989/75/66
f 1983/76/71 1990/77/72 1992/74/123 1991/73/69
f 1990/77/72 1985/78/64 1986/79/122 1992/74/123
f 1986/79/122 1989/75/66 1992/74/123
f 1993/80/73 1996/81/74 1998/82/126 1997/83/76
f 1996/81/74 2000/84/77 2001/85/141 1998/82/126
f 1994/86/79 1999/87/80 2001/88/141 2000/89/77
f 1999/87/80 2003/90/81 2004/91/82 2001/88/141
f 1995/92/83 2002/93/84 2004/94/82 2003/95/81
f 2002/96/84 1997/83/76 1998/82/126 2004/97/82
f 1998/82/126 2001/85/141 2004/97/82
f 2005/98/85 2008/99/86 2010/100/132 2009/101/88
f 2008/99/86 2012/102/89 2013/103/90 2010/100/132
f 2006/104/91 2011/105/92 2013/106/90 2012/107/89
f 2011/108/92 2015/109/93 2016/110/142 2013/111/90
f 2007/112/95 2014/113/96 2016/110/142 2015/109/93
f 2014/114/96 2009/101/88 2010/100/132 2016/115/142
f 2010/100/132 2013/103/90 2016/115/142
f 1983/76/71 2005/98/85 2009/101/88 1990/77/72
f 1990/77/72 2009/101/88 2014/114/96 1985/78/64
f 1985/67/64 2014/113/96 2007/112/95 1981/64/61
f 1933/13/13 1983/76/71 1991/73/69 1936/14/14
f 1936/14/14 1991/73/69 1987/72/68 1940/17/17
f 1940/17/17 1987/71/68 1982/70/67 1934/19/19
f 1923/11/11 1935/23/23 1943/21/21 1930/12/12
f 1930/12/12 1943/21/21 1939/20/20 1925/4/4
f 1925/4/4 1939/20/20 1934/19/19 1921/1/1
f 2006/104/91 1994/86/79 2000/89/77 2011/105/92
f 2011/108/92 2000/84/77 1996/81/74 2015/109/93
f 2015/109/93 1996/81/74 1993/80/73 2007/112/95
f 1947/35/35 1958/43/43 1964/41/41 1954/36/36
f 1954/36/36 1964/41/41 1960/38/38 1949/28/28
f 1949/28/28 1960/38/38 1957/37/37 1945/25/25
f 1969/49/49 1982/70/67 1988/68/65 1972/50/50
f 1972/50/50 1988/68/65 1984/65/62 1976/53/53
f 1976/53/53 1984/65/62 1981/64/61 1970/55/55
f 1946/31/31 1995/92/83 2003/95/81 1951/32/32
f 1951/32/32 2003/90/81 1999/87/80 1955/33/33
f 1955/33/33 1999/87/80 1994/86/79 1947/35/35
f 1922/7/7 1946/31/31 1952/29/143 1927/8/144
f 1927/8/144 1952/29/143 1948/26/26 1931/9/9
f 1931/9/9 1948/26/26 1945/25/25 1923/11/11
f 2005/98/85 1959/47/47 1967/45/45 2008/99/86
f 2008/99/86 1967/45/45 1963/44/44 2012/102/89
f 2012/107/89 1963/44/44 1958/43/43 2006/104/91
f 1995/92/83 1971/59/59 1979/62/145 2002/93/84
f 2002/96/84 1979/57/145 1975/56/56 1997/83/76
f 1997/83/76 1975/56/56 1970/55/55 1993/80/73
f 1971/59/59 1922/7/7 1928/5/5 1978/60/60
f 1978/63/60 1928/5/5 1924/2/2 1973/52/52
f 1973/52/52 1924/2/2 1921/1/1 1969/49/49
f 1959/47/47 1933/13/13 1937/16/16 1966/48/48
f 1966/48/48 1937/16/16 1942/24/24 1961/40/40
f 1961/40/40 1942/24/24 1935/23/23 1957/37/37
f 1982/70/67 1969/49/49 1921/1/1 1934/19/19
f 1983/76/71 1933/13/13 1959/47/47 2005/98/85
f 2007/112/95 1993/80/73 1970/55/55 1981/64/61
f 2017/1/1 2020/2/2 2022/3/137 2021/4/4
f 2020/2/2 2024/5/5 2025/6/6 2022/3/137
f 2018/7/7 2023/8/8 2025/6/6 2024/5/5
f 2023/8/8 2027/9/9 2028/10/138 2025/6/6
f 2019/11/11 2026/12/12 2028/10/138 2027/9/9
f 2026/12/12 2021/4/4 2022/3/137 2028/10/138
f 2022/3/137 2025/6/6 2028/10/138
f 2029/13/13 2032/14/14 2034/15/15 2033/16/16
f 2032/14/14 2036/17/17 2037/18/18 2034/15/15
f 2030/19/19 2035/20/20 2037/18/18 2036/17/17
f 2035/20/20 2039/21/21 2040/22/22 2037/18/18
f 2031/23/23 2038/24/24 2040/22/22 2039/21/21
f 2038/24/24 2033/16/16 2034/15/15 2040/22/22
f 2034/15/15 2037/18/18 2040/22/22
f 2041/25/25 2044/26/26 2046/27/139 2045/28/28
f 2044/26/26 2048/29/29 2049/30/103 2046/27/139
f 2042/31/31 2047/32/32 2049/30/103 2048/29/29
f 2047/32/32 2051/33/33 2052/34/140 2049/30/103
f 2043/35/35 2050/36/36 2052/34/140 2051/33/33
f 2050/36/36 2045/28/28 2046/27/139 2052/34/140
f 2046/27/139 2049/30/103 2052/34/140
f 2053/37/37 2056/38/38 2058/39/39 2057/40/40
f 2056/38/38 2060/41/41 2061/42/42 2058/39/39
f 2054/43/43 2059/44/44 2061/42/42 2060/41/41
f 2059/44/44 2063/45/45 2064/46/46 2061/42/42
f 2055/47/47 2062/48/48 2064/46/46 2063/45/45
f 2062/48/48 2057/40/40 2058/39/39 2064/46/46
f 2058/39/39 2061/42/42 2064/46/46
f 2065/49/49 2068/50/50 2070/51/119 2069/52/52
f 2068/50/50 2072/53/53 2073/54/110 2070/51/119
f 2066/55/55 2071/56/56 2073/54/110 2072/53/53
f 2071/56/56 2075/57/57 2076/58/58 2073/54/110
f 2067/59/59 2074/60/60 2076/61/58 2075/62/57
f 2074/63/60 2069/52/52 2070/51/119 2076/58/58
f 2070/51/119 2073/54/110 2076/58/58
f 2077/64/61 2080/65/62 2082/66/63 2081/67/64
f 2080/65/62 2084/68/65 2085/69/146 2082/66/63
f 2078/70/67 2083/71/68 2085/69/146 2084/68/65
f 2083/72/68 2087/73/69 2088/74/70 2085/75/146
f 2079/76/71 2086/77/72 2088/74/70 2087/73/69
f 2086/77/72 2081/78/64 2082/79/63 2088/74/70
f 2082/79/63 2085/75/146 2088/74/70
f 2089/80/73 2092/81/74 2094/82/126 2093/83/76
f 2092/81/74 2096/84/77 2097/85/141 2094/82/126
f 2090/86/79 2095/87/80 2097/88/141 2096/89/77
f 2095/87/80 2099/90/81 2100/91/82 2097/88/141
f 2091/92/83 2098/93/84 2100/94/82 2099/95/81
f 2098/96/84 2093/83/76 2094/82/126 2100/97/82
f 2094/82/126 2097/85/141 2100/97/82
f 2101/98/85 2104/99/86 2106/100/87 2105/101/88
f 2104/99/86 2108/102/89 2109/103/147 2106/100/87
f 2102/104/91 2107/105/92 2109/106/147 2108/107/89
f 2107/108/92 2111/109/93 2112/110/94 2109/111/147
f 2103/112/95 2110/113/96 2112/110/94 2111/109/93
f 2110/114/96 2105/101/88 2106/100/87 2112/115/94
f 2106/100/87 2109/103/147 2112/115/94
f 2079/76/71 2101/98/85 2105/101/88 2086/77/72
f 2086/77/72 2105/101/88 2110/114/96 2081/78/64
f 2081/67/64 2110/113/96 2103/112/95 2077/64/61
f 2029/13/13 2079/76/71 2087/73/69 2032/14/14
f 2032/14/14 2087/73/69 2083/72/68 2036/17/17
f 2036/17/17 2083/71/68 2078/70/67 2030/19/19
f 2019/11/11 2031/23/23 2039/21/21 2026/12/12
f 2026/12/12 2039/21/21 2035/20/20 2021/4/4
f 2021/4/4 2035/20/20 2030/19/19 2017/1/1
f 2102/104/91 2090/86/79 2096/89/77 2107/105/92
f 2107/108/92 2096/84/77 2092/81/74 2111/109/93
f 2111/109/93 2092/81/74 2089/80/73 2103/112/95
f 2043/35/35 2054/43/43 2060/41/41 2050/36/36
f 2050/36/36 2060/41/41 2056/38/38 2045/28/28
f 2045/28/28 2056/38/38 2053/37/37 2041/25/25
f 2065/49/49 2078/70/67 2084/68/65 2068/50/50
f 2068/50/50 2084/68/65 2080/65/62 2072/53/53
f 2072/53/53 2080/65/62 2077/64/61 2066/55/55
f 2042/31/31 2091/92/83 2099/95/81 2047/32/32
f 2047/32/32 2099/90/81 2095/87/80 2051/33/33
f 2051/33/33 2095/87/80 2090/86/79 2043/35/35
f 2018/7/7 2042/31/31 2048/29/29 2023/8/8
f 2023/8/8 2048/29/29 2044/26/26 2027/9/9
f 2027/9/9 2044/26/26 2041/25/25 2019/11/11
f 2101/98/85 2055/47/47 2063/45/45 2104/99/86
f 2104/99/86 2063/45/45 2059/44/44 2108/102/89
f 2108/107/89 2059/44/44 2054/43/43 2102/104/91
f 2091/92/83 2067/59/59 2075/62/57 2098/93/84
f 2098/96/84 2075/57/57 2071/56/56 2093/83/76
f 2093/83/76 2071/56/56 2066/55/55 2089/80/73
f 2067/59/59 2018/7/7 2024/5/5 2074/60/60
f 2074/63/60 2024/5/5 2020/2/2 2069/52/52
f 2069/52/52 2020/2/2 2017/1/1 2065/49/49
f 2055/47/47 2029/13/13 2033/16/16 2062/48/48
f 2062/48/48 2033/16/16 2038/24/24 2057/40/40
f 2057/40/40 2038/24/24 2031/23/23 2053/37/37
f 2078/70/67 2065/49/49 2017/1/1 2030/19/19
f 2031/23/23 2019/11/11 2041/25/25 2053/37/37
f 2079/76/71 2029/13/13 2055/47/47 2101/98/85
f 2054/43/43 2043/35/35 2090/86/79 2102/104/91
f 2113/1/1 2116/2/2 2118/3/137 2117/4/4
f 2116/2/2 2120/5/5 2121/6/6 2118/3/137
f 2114/7/7 2119/8/8 2121/6/6 2120/5/5
f 2119/8/8 2123/9/9 2124/10/138 2121/6/6
f 2115/11/11 2122/12/12 2124/10/138 2123/9/9
f 2122/12/12 2117/4/4 2118/3/137 2124/10/138
f 2118/3/137 2121/6/6 2124/10/138
f 2125/13/13 2128/14/14 2130/15/15 2129/16/16
f 2128/14/14 2132/17/17 2133/18/18 2130/15/15
f 2126/19/19 2131/20/20 2133/18/18 2132/17/17
f 2131/20/20 2135/21/21 2136/22/22 2133/18/18
f 2127/23/23 2134/24/24 2136/22/22 2135/21/21
f 2134/24/24 2129/16/16 2130/15/15 2136/22/22
f 2130/15/15 2133/18/18 2136/22/22
f 2137/25/25 2140/26/26 2142/27/139 2141/28/28
f 2140/26/26 2144/29/29 2145/30/30 2142/27/139
f 2138/31/31 2143/32/32 2145/30/30 2144/29/29
f 2143/32/32 2147/33/33 2148/34/140 2145/30/30
f 2139/35/35 2146/36/36 2148/34/140 2147/33/33
f 2146/36/36 2141/28/28 2142/27/139 2148/34/140
f 2142/27/139 2145/30/30 2148/34/140
f 2149/37/37 2152/38/38 2154/39/39 2153/40/40
f 2152/38/38 2156/41/41 2157/42/42 2154/39/39
f 2150/43/43 2155/44/44 2157/42/42 2156/41/41
f 2155/44/44 2159/45/45 2160/46/46 2157/42/42
f 2151/47/47 2158/48/48 2160/46/46 2159/45/45
f 2158/48/48 2153/40/40 2154/39/39 2160/46/46
f 2154/39/39 2157/42/42 2160/46/46
f 2161/49/49 2164/50/50 2166/51/119 2165/52/52
f 2164/50/50 2168/53/53 2169/54/110 2166/51/119
f 2162/55/55 2167/56/56 2169/54/110 2168/53/53
f 2167/56/56 2171/57/57 2172/58/58 2169/54/110
f 2163/59/59 2170/60/60 2172/61/58 2171/62/57
f 2170/63/60 2165/52/52 2166/51/119 2172/58/58
f 2166/51/119 2169/54/110 2172/58/58
f 2173/64/61 2176/65/62 2178/66/63 2177/67/64
f 2176/65/62 2180/68/65 2181/69/66 2178/66/63
f 2174/70/67 2179/71/68 2181/69/66 2180/68/65
f 2179/72/68 2183/73/69 2184/74/70 2181/75/66
f 2175/76/71 2182/77/72 2184/74/70 2183/73/69
f 2182/77/72 2177/78/64 2178/79/63 2184/74/70
f 2178/79/63 2181/75/66 2184/74/70
f 2185/80/73 2188/81/74 2190/82/126 2189/83/76
f 2188/81/74 2192/84/77 2193/85/141 2190/82/126
f 2186/86/79 2191/87/80 2193/88/141 2192/89/77
f 2191/87/80 2195/90/81 2196/91/82 2193/88/141
f 2187/92/83 2194/93/84 2196/94/82 2195/95/81
f 2194/96/84 2189/83/76 2190/82/126 2196/97/82
f 2190/82/126 2193/85/141 2196/97/82
f 2197/98/85 2200/99/86 2202/100/87 2201/101/88
f 2200/99/86 2204/102/89 2205/103/147 2202/100/87
f 2198/104/91 2203/105/92 2205/106/147 2204/107/89
f 2203/108/92 2207/109/93 2208/110/94 2205/111/147
f 2199/112/95 2206/113/96 2208/110/94 2207/109/93
f 2206/114/96 2201/101/88 2202/100/87 2208/115/94
f 2202/100/87 2205/103/147 2208/115/94
f 2175/76/71 2197/98/85 2201/101/88 2182/77/72
f 2182/77/72 2201/101/88 2206/114/96 2177/78/64
f 2177/67/64 2206/113/96 2199/112/95 2173/64/61
f 2125/13/13 2175/76/71 2183/73/69 2128/14/14
f 2128/14/14 2183/73/69 2179/72/68 2132/17/17
f 2132/17/17 2179/71/68 2174/70/67 2126/19/19
f 2115/11/11 2127/23/23 2135/21/21 2122/12/12
f 2122/12/12 2135/21/21 2131/20/20 2117/4/4
f 2117/4/4 2131/20/20 2126/19/19 2113/1/1
f 2198/104/91 2186/86/79 2192/89/77 2203/105/92
f 2203/108/92 2192/84/77 2188/81/74 2207/109/93
f 2207/109/93 2188/81/74 2185/80/73 2199/112/95
f 2139/35/35 2150/43/43 2156/41/41 2146/36/36
f 2146/36/36 2156/41/41 2152/38/38 2141/28/28
f 2141/28/28 2152/38/38 2149/37/37 2137/25/25
f 2161/49/49 2174/70/67 2180/68/65 2164/50/50
f 2164/50/50 2180/68/65 2176/65/62 2168/53/53
f 2168/53/53 2176/65/62 2173/64/61 2162/55/55
f 2138/31/31 2187/92/83 2195/95/81 2143/32/32
f 2143/32/32 2195/90/81 2191/87/80 2147/33/33
f 2147/33/33 2191/87/80 2186/86/79 2139/35/35
f 2114/7/7 2138/31/31 2144/29/29 2119/8/8
f 2119/8/8 2144/29/29 2140/26/26 2123/9/9
f 2123/9/9 2140/26/26 2137/25/25 2115/11/11
f 2197/98/85 2151/47/47 2159/45/45 2200/99/86
f 2200/99/86 2159/45/45 2155/44/44 2204/102/89
f 2204/107/89 2155/44/44 2150/43/43 2198/104/91
f 2187/92/83 2163/59/59 2171/62/57 2194/93/84
f 2194/96/84 2171/57/57 2167/56/56 2189/83/76
f 2189/83/76 2167/56/56 2162/55/55 2185/80/73
f 2163/59/59 2114/7/7 2120/5/5 2170/60/60
f 2170/63/60 2120/5/5 2116/2/2 2165/52/52
f 2165/52/52 2116/2/2 2113/1/1 2161/49/49
f 2151/47/47 2125/13/13 2129/16/16 2158/48/48
f 2158/48/48 2129/16/16 2134/24/24 2153/40/40
f 2153/40/40 2134/24/24 2127/23/23 2149/37/37
f 2174/70/67 2161/49/49 2113/1/1 2126/19/19
f 2127/23/23 2115/11/11 2137/25/25 2149/37/37
f 2175/76/71 2125/13/13 2151/47/47 2197/98/85
f 2150/43/43 2139/35/35 2186/86/79 2198/104/91
f 2199/112/95 2185/80/73 2162/55/55 2173/64/61
f 2209/1/1 2212/2/2 2214/3/137 2213/4/4
f 2212/2/2 2216/5/5 2217/6/6 2214/3/137
f 2210/7/7 2215/8/8 2217/6/6 2216/5/5
f 2215/8/8 2219/9/9 2220/10/138 2217/6/6
f 2211/11/11 2218/12/12 2220/10/138 2219/9/9
f 2218/12/12 2213/4/4 2214/3/137 2220/10/138
f 2214/3/137 2217/6/6 2220/10/138
f 2221/13/13 2224/14/14 2226/15/100 2225/16/16
f 2224/14/14 2228/17/17 2229/18/101 2226/15/100
f 2222/19/19 2227/20/20 2229/18/101 2228/17/17
f 2227/20/20 2231/21/21 2232/22/22 2229/18/101
f 2223/23/23 2230/24/24 2232/22/22 2231/21/21
f 2230/24/24 2225/16/16 2226/15/100 2232/22/22
f 2226/15/100 2229/18/101 2232/22/22
f 2233/25/25 2236/26/26 2238/27/27 2237/28/28
f 2236/26/26 2240/29/29 2241/30/103 2238/27/27
f 2234/31/31 2239/32/32 2241/30/103 2240/29/29
f 2239/32/32 2243/33/33 2244/34/140 2241/30/103
f 2235/35/35 2242/36/36 2244/34/140 2243/33/33
f 2242/36/36 2237/28/28 2238/27/27 2244/34/140
f 2238/27/27 2241/30/103 2244/34/140
f 2245/37/37 2248/38/38 2250/39/39 2249/40/40
f 2248/38/38 2252/41/41 2253/42/107 2250/39/39
f 2246/43/43 2251/44/44 2253/42/107 2252/41/41
f 2251/44/44 2255/45/45 2256/46/108 2253/42/107
f 2247/47/47 2254/48/48 2256/46/108 2255/45/45
f 2254/48/48 2249/40/40 2250/39/39 2256/46/108
f 2250/39/39 2253/42/107 2256/46/108
f 2257/49/49 2260/50/50 2262/51/119 2261/52/52
f 2260/50/50 2264/53/53 2265/54/110 2262/51/119
f 2258/55/55 2263/56/56 2265/54/110 2264/53/53
f 2263/56/56 2267/57/57 2268/58/58 2265/54/110
f 2259/59/59 2266/60/60 2268/61/58 2267/62/57
f 2266/63/60 2261/52/52 2262/51/119 2268/58/58
f 2262/51/119 2265/54/110 2268/58/58
f 2269/64/61 2272/65/62 2274/66/63 2273/67/64
f 2272/65/62 2276/68/65 2277/69/66 2274/66/63
f 2270/70/67 2275/71/68 2277/69/66 2276/68/65
f 2275/72/68 2279/73/69 2280/74/123 2277/75/66
f 2271/76/71 2278/77/72 2280/74/123 2279/73/69
f 2278/77/72 2273/78/64 2274/79/63 2280/74/123
f 2274/79/63 2277/75/66 2280/74/123
f 2281/80/73 2284/81/74 2286/82/126 2285/83/76
f 2284/81/74 2288/84/77 2289/85/141 2286/82/126
f 2282/86/79 2287/87/80 2289/88/141 2288/89/77
f 2287/87/80 2291/90/81 2292/91/82 2289/88/141
f 2283/92/83 2290/93/84 2292/94/82 2291/95/81
f 2290/96/84 2285/83/76 2286/82/126 2292/97/82
f 2286/82/126 2289/85/141 2292/97/82
f 2293/98/85 2296/99/86 2298/100/87 2297/101/88
f 2296/99/86 2300/102/89 2301/103/147 2298/100/87
f 2294/104/91 2299/105/92 2301/106/147 2300/107/89
f 2299/108/92 2303/109/93 2304/110/94 2301/111/147
f 2295/112/95 2302/113/96 2304/110/94 2303/109/93
f 2302/114/96 2297/101/88 2298/100/87 2304/115/94
f 2298/100/87 2301/103/147 2304/115/94
f 2271/76/71 2293/98/85 2297/101/88 2278/77/72
f 2278/77/72 2297/101/88 2302/114/96 2273/78/64
f 2273/67/64 2302/113/96 2295/112/95 2269/64/61
f 2221/13/13 2271/76/71 2279/73/69 2224/14/14
f 2224/14/14 2279/73/69 2275/72/68 2228/17/17
f 2228/17/17 2275/71/68 2270/70/67 2222/19/19
f 2211/11/11 2223/23/23 2231/21/21 2218/12/12
f 2218/12/12 2231/21/21 2227/20/20 2213/4/4
f 2213/4/4 2227/20/20 2222/19/19 2209/1/1
f 2294/104/91 2282/86/79 2288/89/77 2299/105/92
f 2299/108/92 2288/84/77 2284/81/74 2303/109/93
f 2303/109/93 2284/81/74 2281/80/73 2295/112/95
f 2235/35/35 2246/43/43 2252/41/41 2242/36/36
f 2242/36/36 2252/41/41 2248/38/38 2237/28/28
f 2237/28/28 2248/38/38 2245/37/37 2233/25/25
f 2257/49/49 2270/70/67 2276/68/65 2260/50/50
f 2260/50/50 2276/68/65 2272/65/62 2264/53/53
f 2264/53/53 2272/65/62 2269/64/61 2258/55/55
f 2234/31/31 2283/92/83 2291/95/81 2239/32/32
f 2239/32/32 2291/90/81 2287/87/80 2243/33/33
f 2243/33/33 2287/87/80 2282/86/79 2235/35/35
f 2210/7/7 2234/31/31 2240/29/29 2215/8/8
f 2215/8/8 2240/29/29 2236/26/26 2219/9/9
f 2219/9/9 2236/26/26 2233/25/25 2211/11/11
f 2293/98/85 2247/47/47 2255/45/45 2296/99/86
f 2296/99/86 2255/45/45 2251/44/44 2300/102/89
f 2300/107/89 2251/44/44 2246/43/43 2294/104/91
f 2283/92/83 2259/59/59 2267/62/57 2290/93/84
f 2290/96/84 2267/57/57 2263/56/56 2285/83/76
f 2285/83/76 2263/56/56 2258/55/55 2281/80/73
f 2259/59/59 2210/7/7 2216/5/5 2266/60/60
f 2266/63/60 2216/5/5 2212/2/2 2261/52/52
f 2261/52/52 2212/2/2 2209/1/1 2257/49/49
f 2247/47/47 2221/13/13 2225/16/16 2254/48/48
f 2254/48/48 2225/16/16 2230/24/24 2249/40/40
f 2249/40/40 2230/24/24 2223/23/23 2245/37/37
f 2270/70/67 2257/49/49 2209/1/1 2222/19/19
f 2271/76/71 2221/13/13 2247/47/47 2293/98/85
f 2246/43/43 2235/35/35 2282/86/79 2294/104/91
f 2295/112/95 2281/80/73 2258/55/55 2269/64/61
f 2305/1/1 2308/2/148 2310/3/137 2309/4/4
f 2308/2/148 2312/5/5 2313/6/6 2310/3/137
f 2306/7/7 2311/8/8 2313/6/6 2312/5/5
f 2311/8/8 2315/9/9 2316/10/115 2313/6/6
f 2307/11/11 2314/12/12 2316/10/115 2315/9/9
f 2314/12/12 2309/4/4 2310/3/137 2316/10/115
f 2310/3/137 2313/6/6 2316/10/115
f 2317/13/13 2320/14/14 2322/15/116 2321/16/16
f 2320/14/14 2324/17/149 2325/18/18 2322/15/116
f 2318/19/19 2323/20/20 2325/18/18 2324/17/149
f 2323/20/20 2327/21/21 2328/22/118 2325/18/18
f 2319/23/23 2326/24/24 2328/22/118 2327/21/21
f 2326/24/24 2321/16/16 2322/15/116 2328/22/118
f 2322/15/116 2325/18/18 2328/22/118
f 2329/25/25 2332/26/26 2334/27/139 2333/28/28
f 2332/26/26 2336/29/29 2337/30/30 2334/27/139
f 2330/31/31 2335/32/32 2337/30/30 2336/29/29
f 2335/32/32 2339/33/33 2340/34/140 2337/30/30
f 2331/35/35 2338/36/36 2340/34/140 2339/33/33
f 2338/36/36 2333/28/28 2334/27/139 2340/34/140
f 2334/27/139 2337/30/30 2340/34/140
f 2341/37/37 2344/38/38 2346/39/39 2345/40/40
f 2344/38/38 2348/41/41 2349/42/107 2346/39/39
f 2342/43/43 2347/44/44 2349/42/107 2348/41/41
f 2347/44/44 2351/45/45 2352/46/46 2349/42/107
f 2343/47/47 2350/48/48 2352/46/46 2351/45/45
f 2350/48/48 2345/40/40 2346/39/39 2352/46/46
f 2346/39/39 2349/42/107 2352/46/46
f 2353/49/49 2356/50/50 2358/51/119 2357/52/134
f 2356/50/50 2360/53/53 2361/54/150 2358/51/119
f 2354/55/55 2359/56/56 2361/54/150 2360/53/53
f 2359/56/56 2363/57/57 2364/58/58 2361/54/150
f 2355/59/59 2362/60/60 2364/61/58 2363/62/57
f 2362/63/60 2357/52/134 2358/51/119 2364/58/58
f 2358/51/119 2361/54/150 2364/58/58
f 2365/64/61 2368/65/62 2370/66/122 2369/67/64
f 2368/65/62 2372/68/65 2373/69/66 2370/66/122
f 2366/70/67 2371/71/68 2373/69/66 2372/68/65
f 2371/72/68 2375/73/69 2376/74/123 2373/75/66
f 2367/76/71 2374/77/72 2376/74/123 2375/73/69
f 2374/77/72 2369/78/64 2370/79/122 2376/74/123
f 2370/79/122 2373/75/66 2376/74/123
f 2377/80/73 2380/81/74 2382/82/126 2381/83/76
f 2380/81/74 2384/84/77 2385/85/141 2382/82/126
f 2378/86/79 2383/87/80 2385/88/141 2384/89/77
f 2383/87/80 2387/90/81 2388/91/82 2385/88/141
f 2379/92/83 2386/93/84 2388/94/82 2387/95/81
f 2386/96/84 2381/83/76 2382/82/126 2388/97/82
f 2382/82/126 2385/85/141 2388/97/82
f 2389/98/85 2392/99/86 2394/100/87 2393/101/88
f 2392/99/86 2396/102/89 2397/103/90 2394/100/87
f 2390/104/91 2395/105/92 2397/106/90 2396/107/89
f 2395/108/92 2399/109/93 2400/110/94 2397/111/90
f 2391/112/95 2398/113/96 2400/110/94 2399/109/93
f 2398/114/96 2393/101/88 2394/100/87 2400/115/94
f 2394/100/87 2397/103/90 2400/115/94
f 2367/76/71 2389/98/85 2393/101/88 2374/77/72
f 2374/77/72 2393/101/88 2398/114/96 2369/78/64
f 2369/67/64 2398/113/96 2391/112/95 2365/64/61
f 2317/13/13 2367/76/71 2375/73/69 2320/14/14
f 2320/14/14 2375/73/69 2371/72/68 2324/17/149
f 2324/17/149 2371/71/68 2366/70/67 2318/19/19
f 2307/11/11 2319/23/23 2327/21/21 2314/12/12
f 2314/12/12 2327/21/21 2323/20/20 2309/4/4
f 2309/4/4 2323/20/20 2318/19/19 2305/1/1
f 2390/104/91 2378/86/79 2384/89/77 2395/105/92
f 2395/108/92 2384/84/77 2380/81/74 2399/109/93
f 2399/109/93 2380/81/74 2377/80/73 2391/112/95
f 2331/35/35 2342/43/43 2348/41/41 2338/36/36
f 2338/36/36 2348/41/41 2344/38/38 2333/28/28
f 2333/28/28 2344/38/38 2341/37/37 2329/25/25
f 2353/49/49 2366/70/67 2372/68/65 2356/50/50
f 2356/50/50 2372/68/65 2368/65/62 2360/53/53
f 2360/53/53 2368/65/62 2365/64/61 2354/55/55
f 2330/31/31 2379/92/83 2387/95/81 2335/32/32
f 2335/32/32 2387/90/81 2383/87/80 2339/33/33
f 2339/33/33 2383/87/80 2378/86/79 2331/35/35
f 2306/7/7 2330/31/31 2336/29/29 2311/8/8
f 2311/8/8 2336/29/29 2332/26/26 2315/9/9
f 2315/9/9 2332/26/26 2329/25/25 2307/11/11
f 2389/98/85 2343/47/47 2351/45/45 2392/99/86
f 2392/99/86 2351/45/45 2347/44/44 2396/102/89
f 2396/107/89 2347/44/44 2342/43/43 2390/104/91
f 2379/92/83 2355/59/59 2363/62/57 2386/93/84
f 2386/96/84 2363/57/57 2359/56/56 2381/83/76
f 2381/83/76 2359/56/56 2354/55/55 2377/80/73
f 2355/59/59 2306/7/7 2312/5/5 2362/60/60
f 2362/63/60 2312/5/5 2308/2/148 2357/52/134
f 2357/52/134 2308/2/148 2305/1/1 2353/49/49
f 2343/47/47 2317/13/13 2321/16/16 2350/48/48
f 2350/48/48 2321/16/16 2326/24/24 2345/40/40
f 2345/40/40 2326/24/24 2319/23/23 2341/37/37
f 2319/23/23 2307/11/11 2329/25/25 2341/37/37
f 2367/76/71 2317/13/13 2343/47/47 2389/98/85
f 2342/43/43 2331/35/35 2378/86/79 2390/104/91
f 2401/1/1 2404/2/2 2406/3/3 2405/4/4
f 2404/2/2 2408/5/5 2409/6/114 2406/3/3
f 2402/7/7 2407/8/8 2409/6/114 2408/5/5
f 2407/8/8 2411/9/9 2412/10/115 2409/6/114
f 2403/11/11 2410/12/12 2412/10/115 2411/9/9
f 2410/12/12 2405/4/4 2406/3/3 2412/10/115
f 2406/3/3 2409/6/114 2412/10/115
f 2413/13/13 2416/14/14 2418/15/116 2417/16/16
f 2416/14/14 2420/17/17 2421/18/18 2418/15/116
f 2414/19/19 2419/20/20 2421/18/18 2420/17/17
f 2419/20/20 2423/21/21 2424/22/118 2421/18/18
f 2415/23/23 2422/24/24 2424/22/118 2423/21/21
f 2422/24/24 2417/16/16 2418/15/116 2424/22/118
f 2418/15/116 2421/18/18 2424/22/118
f 2425/25/25 2428/26/26 2430/27/139 2429/28/28
f 2428/26/26 2432/29/29 2433/30/30 2430/27/139
f 2426/31/31 2431/32/32 2433/30/30 2432/29/29
f 2431/32/32 2435/33/33 2436/34/140 2433/30/30
f 2427/35/35 2434/36/36 2436/34/140 2435/33/33
f 2434/36/36 2429/28/28 2430/27/139 2436/34/140
f 2430/27/139 2433/30/30 2436/34/140
f 2437/37/37 2440/38/38 2442/39/39 2441/40/40
f 2440/38/38 2444/41/41 2445/42/42 2442/39/39
f 2438/43/43 2443/44/44 2445/42/42 2444/41/41
f 2443/44/44 2447/45/45 2448/46/46 2445/42/42
f 2439/47/47 2446/48/48 2448/46/46 2447/45/45
f 2446/48/48 2441/40/40 2442/39/39 2448/46/46
f 2442/39/39 2445/42/42 2448/46/46
f 2449/49/49 2452/50/50 2454/51/119 2453/52/52
f 2452/50/50 2456/53/53 2457/54/150 2454/51/119
f 2450/55/55 2455/56/56 2457/54/150 2456/53/53
f 2455/56/56 2459/57/57 2460/58/58 2457/54/150
f 2451/59/59 2458/60/60 2460/61/58 2459/62/57
f 2458/63/60 2453/52/52 2454/51/119 2460/58/58
f 2454/51/119 2457/54/150 2460/58/58
f 2461/64/61 2464/65/62 2466/66/122 2465/67/64
f 2464/65/62 2468/68/65 2469/69/66 2466/66/122
f 2462/70/67 2467/71/68 2469/69/66 2468/68/65
f 2467/72/68 2471/73/69 2472/74/123 2469/75/66
f 2463/76/71 2470/77/72 2472/74/123 2471/73/69
f 2470/77/72 2465/78/64 2466/79/122 2472/74/123
f 2466/79/122 2469/75/66 2472/74/123
f 2473/80/73 2476/81/74 2478/82/126 2477/83/76
f 2476/81/74 2480/84/77 2481/85/141 2478/82/126
f 2474/86/79 2479/87/80 2481/88/141 2480/89/77
f 2479/87/80 2483/90/81 2484/91/82 2481/88/141
f 2475/92/83 2482/93/84 2484/94/82 2483/95/81
f 2482/96/84 2477/83/76 2478/82/126 2484/97/82
f 2478/82/126 2481/85/141 2484/97/82
f 2485/98/85 2488/99/86 2490/100/87 2489/101/88
f 2488/99/86 2492/102/89 2493/103/90 2490/100/87
f 2486/104/91 2491/105/92 2493/106/90 2492/107/89
f 2491/108/92 2495/109/93 2496/110/127 2493/111/90
f 2487/112/95 2494/113/96 2496/110/127 2495/109/93
f 2494/114/96 2489/101/88 2490/100/87 2496/115/127
f 2490/100/87 2493/103/90 2496/115/127
f 2463/76/71 2485/98/85 2489/101/88 2470/77/72
f 2470/77/72 2489/101/88 2494/114/96 2465/78/64
f 2465/67/64 2494/113/96 2487/112/95 2461/64/61
f 2413/13/13 2463/76/71 2471/73/69 2416/14/14
f 2416/14/14 2471/73/69 2467/72/68 2420/17/17
f 2420/17/17 2467/71/68 2462/70/67 2414/19/19
f 2403/11/11 2415/23/23 2423/21/21 2410/12/12
f 2410/12/12 2423/21/21 2419/20/20 2405/4/4
f 2405/4/4 2419/20/20 2414/19/19 2401/1/1
f 2486/104/91 2474/86/79 2480/89/77 2491/105/92
f 2491/108/92 2480/84/77 2476/81/74 2495/109/93
f 2495/109/93 2476/81/74 2473/80/73 2487/112/95
f 2427/35/35 2438/43/43 2444/41/41 2434/36/36
f 2434/36/36 2444/41/41 2440/38/38 2429/28/28
f 2429/28/28 2440/38/38 2437/37/37 2425/25/25
f 2449/49/49 2462/70/67 2468/68/65 2452/50/50
f 2452/50/50 2468/68/65 2464/65/62 2456/53/53
f 2456/53/53 2464/65/62 2461/64/61 2450/55/55
f 2426/31/31 2475/92/83 2483/95/81 2431/32/32
f 2431/32/32 2483/90/81 2479/87/80 2435/33/33
f 2435/33/33 2479/87/80 2474/86/79 2427/35/35
f 2402/7/7 2426/31/31 2432/29/29 2407/8/8
f 2407/8/8 2432/29/29 2428/26/26 2411/9/9
f 2411/9/9 2428/26/26 2425/25/25 2403/11/11
f 2485/98/85 2439/47/47 2447/45/45 2488/99/86
f 2488/99/86 2447/45/45 2443/44/44 2492/102/89
f 2492/107/89 2443/44/44 2438/43/43 2486/104/91
f 2475/92/83 2451/59/59 2459/62/57 2482/93/84
f 2482/96/84 2459/57/57 2455/56/56 2477/83/76
f 2477/83/76 2455/56/56 2450/55/55 2473/80/73
f 2451/59/59 2402/7/7 2408/5/5 2458/60/60
f 2458/63/60 2408/5/5 2404/2/2 2453/52/52
f 2453/52/52 2404/2/2 2401/1/1 2449/49/49
f 2439/47/47 2413/13/13 2417/16/16 2446/48/48
f 2446/48/48 2417/16/16 2422/24/24 2441/40/40
f 2441/40/40 2422/24/24 2415/23/23 2437/37/37
f 2415/23/23 2403/11/11 2425/25/25 2437/37/37
f 2463/76/71 2413/13/13 2439/47/47 2485/98/85
f 2438/43/43 2427/35/35 2474/86/79 2486/104/91
f 2487/112/95 2473/80/73 2450/55/55 2461/64/61
f 2497/1/1 2500/2/148 2502/3/137 2501/4/4
f 2500/2/148 2504/5/5 2505/6/99 2502/3/137
f 2498/7/7 2503/8/8 2505/6/99 2504/5/5
f 2503/8/8 2507/9/9 2508/10/115 2505/6/99
f 2499/11/11 2506/12/12 2508/10/115 2507/9/9
f 2506/12/12 2501/4/4 2502/3/137 2508/10/115
f 2502/3/137 2505/6/99 2508/10/115
f 2509/13/13 2512/14/14 2514/15/136 2513/16/16
f 2512/14/14 2516/17/17 2517/18/101 2514/15/136
f 2510/19/19 2515/20/20 2517/18/101 2516/17/17
f 2515/20/20 2519/21/21 2520/22/22 2517/18/101
f 2511/23/23 2518/24/24 2520/22/22 2519/21/21
f 2518/24/24 2513/16/16 2514/15/136 2520/22/22
f 2514/15/136 2517/18/101 2520/22/22
f 2521/25/25 2524/26/26 2526/27/139 2525/28/28
f 2524/26/26 2528/29/29 2529/30/30 2526/27/139
f 2522/31/31 2527/32/32 2529/30/30 2528/29/29
f 2527/32/32 2531/33/33 2532/34/140 2529/30/30
f 2523/35/35 2530/36/36 2532/34/140 2531/33/33
f 2530/36/36 2525/28/28 2526/27/139 2532/34/140
f 2526/27/139 2529/30/30 2532/34/140
f 2533/37/37 2536/38/38 2538/39/39 2537/40/40
f 2536/38/38 2540/41/41 2541/42/107 2538/39/39
f 2534/43/43 2539/44/44 2541/42/107 2540/41/41
f 2539/44/44 2543/45/45 2544/46/108 2541/42/107
f 2535/47/47 2542/48/48 2544/46/108 2543/45/45
f 2542/48/48 2537/40/40 2538/39/39 2544/46/108
f 2538/39/39 2541/42/107 2544/46/108
f 2545/49/49 2548/50/50 2550/51/51 2549/52/52
f 2548/50/50 2552/53/53 2553/54/120 2550/51/51
f 2546/55/55 2551/56/56 2553/54/120 2552/53/53
f 2551/56/56 2555/57/57 2556/58/121 2553/54/120
f 2547/59/59 2554/60/60 2556/61/121 2555/62/57
f 2554/63/60 2549/52/52 2550/51/51 2556/58/121
f 2550/51/51 2553/54/120 2556/58/121
f 2557/64/61 2560/65/62 2562/66/122 2561/67/64
f 2560/65/62 2564/68/65 2565/69/66 2562/66/122
f 2558/70/67 2563/71/68 2565/69/66 2564/68/65
f 2563/72/68 2567/73/69 2568/74/123 2565/75/66
f 2559/76/71 2566/77/72 2568/74/123 2567/73/69
f 2566/77/72 2561/78/64 2562/79/122 2568/74/123
f 2562/79/122 2565/75/66 2568/74/123
f 2569/80/73 2572/81/74 2574/82/126 2573/83/76
f 2572/81/74 2576/84/77 2577/85/141 2574/82/126
f 2570/86/79 2575/87/80 2577/88/141 2576/89/77
f 2575/87/80 2579/90/81 2580/91/82 2577/88/141
f 2571/92/83 2578/93/84 2580/94/82 2579/95/81
f 2578/96/84 2573/83/76 2574/82/126 2580/97/82
f 2574/82/126 2577/85/141 2580/97/82
f 2581/98/85 2584/99/86 2586/100/132 2585/101/88
f 2584/99/86 2588/102/89 2589/103/90 2586/100/132
f 2582/104/91 2587/105/92 2589/106/90 2588/107/89
f 2587/108/92 2591/109/93 2592/110/94 2589/111/90
f 2583/112/95 2590/113/96 2592/110/94 2591/109/93
f 2590/114/96 2585/101/88 2586/100/132 2592/115/94
f 2586/100/132 2589/103/90 2592/115/94
f 2559/76/71 2581/98/85 2585/101/88 2566/77/72
f 2566/77/72 2585/101/88 2590/114/96 2561/78/64
f 2561/67/64 2590/113/96 2583/112/95 2557/64/61
f 2509/13/13 2559/76/71 2567/73/69 2512/14/14
f 2512/14/14 2567/73/69 2563/72/68 2516/17/17
f 2516/17/17 2563/71/68 2558/70/67 2510/19/19
f 2499/11/11 2511/23/23 2519/21/21 2506/12/12
f 2506/12/12 2519/21/21 2515/20/20 2501/4/4
f 2501/4/4 2515/20/20 2510/19/19 2497/1/1
f 2582/104/91 2570/86/79 2576/89/77 2587/105/92
f 2587/108/92 2576/84/77 2572/81/74 2591/109/93
f 2591/109/93 2572/81/74 2569/80/73 2583/112/95
f 2523/35/35 2534/43/43 2540/41/41 2530/36/36
f 2530/36/36 2540/41/41 2536/38/38 2525/28/28
f 2525/28/28 2536/38/38 2533/37/37 2521/25/25
f 2545/49/49 2558/70/67 2564/68/65 2548/50/50
f 2548/50/50 2564/68/65 2560/65/62 2552/53/53
f 2552/53/53 2560/65/62 2557/64/61 2546/55/55
f 2522/31/31 2571/92/83 2579/95/81 2527/32/32
f 2527/32/32 2579/90/81 2575/87/80 2531/33/33
f 2531/33/33 2575/87/80 2570/86/79 2523/35/35
f 2498/7/7 2522/31/31 2528/29/29 2503/8/8
f 2503/8/8 2528/29/29 2524/26/26 2507/9/9
f 2507/9/9 2524/26/26 2521/25/25 2499/11/11
f 2581/98/85 2535/47/47 2543/45/45 2584/99/86
f 2584/99/86 2543/45/45 2539/44/44 2588/102/89
f 2588/107/89 2539/44/44 2534/43/43 2582/104/91
f 2571/92/83 2547/59/59 2555/62/57 2578/93/84
f 2578/96/84 2555/57/57 2551/56/56 2573/83/76
f 2573/83/76 2551/56/56 2546/55/55 2569/80/73
f 2547/59/59 2498/7/7 2504/5/5 2554/60/60
f 2554/63/60 2504/5/5 2500/2/148 2549/52/52
f 2549/52/52 2500/2/148 2497/1/1 2545/49/49
f 2535/47/47 2509/13/13 2513/16/16 2542/48/48
f 2542/48/48 2513/16/16 2518/24/24 2537/40/40
f 2537/40/40 2518/24/24 2511/23/23 2533/37/37
f 2559/76/71 2509/13/13 2535/47/47 2581/98/85
f 2534/43/43 2523/35/35 2570/86/79 2582/104/91
f 2583/112/95 2569/80/73 2546/55/55 2557/64/61
usemtl blanco
f 207/23/23 195/11/11 217/25/25 229/37/37
f 495/23/23 483/11/11 505/25/25 517/37/37
f 783/23/23 771/11/11 793/25/25 805/37/37
f 1071/23/23 1059/11/11 1081/25/25 1093/37/37
f 1359/23/23 1347/11/11 1369/25/25 1381/37/37
f 1647/23/23 1635/11/11 1657/25/25 1669/37/37
f 1935/23/23 1923/11/11 1945/25/25 1957/37/37
f 2223/23/23 2211/11/11 2233/25/25 2245/37/37
f 2511/23/23 2499/11/11 2521/25/25 2533/37/37
usemtl verde
f 1730/7/7 1779/59/59 1803/92/83 1754/31/31
f 1826/7/7 1875/59/59 1899/92/83 1850/31/31
f 1922/7/7 1971/59/59 1995/92/83 1946/31/31
f 2018/7/7 2067/59/59 2091/92/83 2042/31/31
f 2114/7/7 2163/59/59 2187/92/83 2138/31/31
f 2210/7/7 2259/59/59 2283/92/83 2234/31/31
f 2306/7/7 2355/59/59 2379/92/83 2330/31/31
f 2402/7/7 2451/59/59 2475/92/83 2426/31/31
f 2498/7/7 2547/59/59 2571/92/83 2522/31/31
usemtl rojo
f 638/70/67 625/49/49 577/1/1 590/19/19
f 734/70/67 721/49/49 673/1/1 686/19/19
f 830/70/67 817/49/49 769/1/1 782/19/19
f 1502/70/67 1489/49/49 1441/1/1 1454/19/19
f 1598/70/67 1585/49/49 1537/1/1 1550/19/19
f 1694/70/67 1681/49/49 1633/1/1 1646/19/19
f 2366/70/67 2353/49/49 2305/1/1 2318/19/19
f 2462/70/67 2449/49/49 2401/1/1 2414/19/19
f 2558/70/67 2545/49/49 2497/1/1 2510/19/19
usemtl azul
f 87/112/95 73/80/73 50/55/55 61/64/61
f 375/112/95 361/80/73 338/55/55 349/64/61
f 663/112/95 649/80/73 626/55/55 637/64/61
f 951/112/95 937/80/73 914/55/55 925/64/61
f 1239/112/95 1225/80/73 1202/55/55 1213/64/61
f 1527/112/95 1513/80/73 1490/55/55 1501/64/61
f 1815/112/95 1801/80/73 1778/55/55 1789/64/61
f 2103/112/95 2089/80/73 2066/55/55 2077/64/61
f 2391/112/95 2377/80/73 2354/55/55 2365/64/61
usemtl Material.001
f 38/43/43 27/35/35 74/86/79 86/104/91
f 134/43/43 123/35/35 170/86/79 182/104/91
f 230/43/43 219/35/35 266/86/79 278/104/91
f 902/43/43 891/35/35 938/86/79 950/104/91
f 998/43/43 987/35/35 1034/86/79 1046/104/91
f 1094/43/43 1083/35/35 1130/86/79 1142/104/91
f 1766/43/43 1755/35/35 1802/86/79 1814/104/91
f 1862/43/43 1851/35/35 1898/86/79 1910/104/91
f 1958/43/43 1947/35/35 1994/86/79 2006/104/91
usemtl Material.002
f 63/76/71 13/13/13 39/47/47 85/98/85
f 159/76/71 109/13/13 135/47/47 181/98/85
f 255/76/71 205/13/13 231/47/47 277/98/85
f 351/76/71 301/13/13 327/47/47 373/98/85
f 447/76/71 397/13/13 423/47/47 469/98/85
f 543/76/71 493/13/13 519/47/47 565/98/85
f 639/76/71 589/13/13 615/47/47 661/98/85
f 735/76/71 685/13/13 711/47/47 757/98/85
f 831/76/71 781/13/13 807/47/47 853/98/85
